:020000040800F2
:1000000080E400209D020008B1A00008618900087A
:10001000B19F0008351E0008AD2701080000000050
:10002000000000000000000000000000E1D3000814
:100030008D2A00080000000011A900080DD8000852
:10004000B7020008B7020008B7020008B7020008AC
:10005000B7020008B7020008B7020008B70200089C
:10006000B7020008B7020008B7020008B70200088C
:1000700015280008B7020008B7020008B7020008F8
:10008000B7020008B7020008B7020008B70200086C
:10009000391E0008B7020008B7020008D92A000874
:1000A000B7020008B7020008B7020008B70200084C
:1000B0001DD90008B7020008B7020008B7020008FF
:1000C000B7020008B7020008B7020008B70200082C
:1000D000B70200080DEB0008B70200081DEB00088E
:1000E000B7020008B7020008B7020008B70200080C
:1000F000B7020008B7020008B7020008B7020008FC
:10010000B7020008B7020008B7020008B7020008EB
:10011000B7020008B7020008B7020008B7020008DB
:10012000B70200082528000835280008B702000893
:10013000B7020008B7020008B7020008B7020008BB
:10014000B7020008991E0008B702000829A100089C
:10015000B702000845280008552800082DEB0008C4
:10016000B7020008B7020008B7020008B70200088B
:10017000B7020008B7020008B7020008000000003C
:10018000B7020008B702000800F002F800F076F8A5
:1001900014A696E8000CB244B344DA4501D100F04D
:1001A0006DF8BAE80F000FA696E83000A5EB04053D
:1001B00004EB0607AAEB0704A7F101074FEA1515A0
:1001C0004FEA3414A4F10104AC4201D300F056F814
:1001D00013F0010F18BFFB1A43F0010300F001F800
:1001E000DBE7184798900100B89001000A444FF0EF
:1001F000000C10F8013B13F0070408BF10F8014B86
:100200001D1108BF10F8015B641E05D010F8016BCA
:10021000641E01F8016BF9D113F0080F1EBF10F82E
:10022000014BAD1C0C1B09D16D1E58BF01F801CB51
:10023000FAD505E014F8016B01F8016B6D1EF9D5D4
:100240009142D6D37047000070470000002300247D
:1002500000250026103A28BF78C1FBD8520728BFD6
:1002600030C148BF0B6070471FB517F07FFE9DE897
:10027000030000F057FF1FBD10B510BD00F0FCFFDC
:100280001146FFF7F1FF14F09FF801F01AF803B4DC
:10029000FFF7F2FF03BC01F051F800000948804766
:1002A00009480047FEE7FEE7FEE7FEE7FEE7FEE758
:1002B000FEE7FEE7FEE7FEE704480549054A064B70
:1002C0007047000009D900088901000880A40020B7
:1002D00080E4002080C4002080C400209FED1A1A12
:1002E000F5EE000A40EE010ABDEEE00AF5EEC00AA6
:1002F00010EE100AF1EE10FA38BF401E00EE100AA0
:100300001349F7EE001AB8EEC00A30EEC00ADFED6E
:100310000F0A20EE200AFCEEC00A10EE900AC0F38D
:10032000080000EE900A01EB8000F8EE600A90ED04
:10033000011A70EE600A90ED000A71EEE01A21EEEB
:10034000800A00EE810A704783F9223E00000044D3
:1003500018820108B5EEC00AF1EE10FA07D2DFEDFF
:100360001E0AB4EEE00AF1EE10FAA8BF7047DFED06
:100370001B0AB5EEC00A60EE200ABDEEE01A11EECF
:10038000100AF1EE10FA38BF401E00EE100A1549AF
:10039000F7EE001AB8EEC00A30EEC00ADFED100A20
:1003A00060EE200ABCEEE00A10EE100AC0F308006E
:1003B00000EE100A01EB8000B8EE400A90ED011A41
:1003C00070EEC00A90ED000A71EEE01A21EE800A8C
:1003D00000EE810A70470000CD024CB483F9223E42
:1003E000000000441882010870B405880E88446833
:1003F000D1F804C05368B54208D140884988884282
:1004000001BF11888D425188884203D070BC6FF0C3
:100410000200704705FB00F1880827D094ED001A10
:10042000DCED000A94ED010ADCED011A31EE201A30
:10043000D4ED020A70EE211A9CED020A83ED001A37
:10044000C3ED011A94ED031ADCED031A30EE800AB5
:10045000401E71EE210A83ED020A04F11004C3ED7F
:10046000030A03F110030CF1100CD7D111F00300B3
:1004700030D0B0F1004F30D200282BDD211F1B1FE0
:10048000ACF1040210F0010F0AD091ED010AD2ED97
:10049000010A091D121D30EE200A83ED010A1B1D01
:1004A000400817D091ED010AD2ED010A401E30EE4E
:1004B000200A83ED010A91ED020AD2ED020A01F150
:1004C000080102F1080230EE200A83ED020A03F16E
:1004D0000803E7D170BC00207047B4EC010A401E4D
:1004E000FCEC010A30EE200AA3EC010AF5D1F1E799
:1004F00001804280436070472DE9F34F84B0049837
:1005000040680090486801900498B0F800E0458881
:10051000DFEDFE0A00200290B0EE600AAE4506D183
:1005200008884988884204BF7146864504D06FF028
:10053000020006B0BDE8F08F01985FEA010C18BF19
:10054000B7EE001A3DD000BFBEEB0C0117D0B1F1E1
:10055000004F80F01F82002911DD021F11F0010FF2
:100560001CBFC2ED010A121D4B1006D0C2ED010ADC
:10057000C2ED020A08325B1EF8D100EB8100BCF12B
:100580000102A0EC011A19D0B2F1004F80F00882EC
:10059000002A13DD031F12F0010F1CBFC3ED010A77
:1005A0001B1D511008D000BFC3ED010AC3ED020AA4
:1005B000491E03F10803F7D100EB8200BCF1010CE6
:1005C000C2D14FF000080395002D14BFB0EE602A91
:1005D000002000F0BF8100BF009908FB05F001EB8F
:1005E000800B0199DBED002A01EB80000346F0EE61
:1005F000421AC64552D9AEEB0802ABEB850112F0A8
:10060000010F17D001EB850191ED000AB5EEC00A8C
:10061000F1EE10FA07DDB4EEE10AF1EE10FA09DDB1
:10062000F0EE401A06E0B1EE400AF4EEC01AF1EE28
:1006300010FAF5D3521031D001EB850C9CED000A75
:10064000B5EEC00AF1EE10FA05DDB4EEE10AF1EE06
:1006500010FA09DD06E0B1EE400AF4EEC01AF1EE40
:1006600010FA01D2F0EE401A01EBC50191ED000A3B
:10067000B5EEC00AF1EE10FA05DDB4EEE10AF1EED6
:1006800010FA09DD06E0B1EE400AF4EEC01AF1EE10
:1006900010FA01D2F0EE401A521ECDD1F5EEC01A7A
:1006A000F1EE10FA00F07381F5EEC02A0126F1EEAA
:1006B00010FA0099D4BFB1EE620AB0EE620AB4EE4D
:1006C000610AF1EE10FA1CBFAEEB0802B2F1010CA8
:1006D00047D005FB08F201EB820292ED001A00BF41
:1006E000B0EE410A05FB06F4B5EEC00A00EB840447
:1006F000F1EE10FACCBFF0EE400AF1EE400AF4EE53
:10070000610AF1EE10FA28D1B5EB080C11D0BCF15A
:10071000004F7DD2BCF1000F0BDD00BF92ED000A4F
:10072000D1ED000ABCF1010CE2EC010AA1EC010AD6
:10073000F4D129000ED0B1F1004F6AD2002909DDB1
:1007400094ED000AD0ED000A491EE4EC010AA0EC89
:10075000010AF5D1012002900BE0761CBCF1010CDE
:10076000BED10298012804D0F5EEC02AF1EE10FAAD
:100770007ED09BED000AB5EB08009A465946064626
:1007800022D0B0F1004F74D200281DDD091F10F0F7
:10079000010F06D0F0EE400A80EEA01A81ED011A9A
:1007A000091D401010D000BFD1ED010A401E80EE9F
:1007B000801A81ED011A91ED021AC1EE000AC1ED15
:1007C000020A01F10801EFD1280026D0B0F1004F54
:1007D0007ED2002821DDAAF1040110F0010F06D01D
:1007E000D1ED010A80EE801A81ED011A091D401039
:1007F00013D000BFD1ED010A401E80EE801A81EDBA
:10080000011AD1ED020A80EE801A81ED021A01E090
:10081000CBE0D6E001F10801ECD1DDE900124FF0A8
:1008200000095FEA0E0773D0C14504BF01EB8601E2
:1008300002EB850274D091ED000ADC465046331E6F
:1008400035D01C46B6F1004F7ED2002C2FDD0B1F99
:10085000ABF1040C16F0010F0FD0F0EE400ADCED06
:10086000011AB0EE601A00EEE11A83ED011A01E000
:100870008DE0B1E01B1D0CF1040C741015D000BF0D
:10088000D3ED010A9CED011A40EE410AC3ED010AC5
:10089000D3ED020A9CED021A0CF1080C40EE410A5D
:1008A000C3ED020A0833641EEAD101EB86012B0076
:1008B00036D0B3F1004F72D2002B31DDA2F1040C1F
:1008C000AAF1040013F0010F0CD0DCED010A00E0E6
:1008D0008BE090ED011A001D40EE410ACCED010ABB
:1008E0000CF1040C5C1019D0DCED010A90ED011A3A
:1008F00040EE410ACCED010ADCED020A90ED021A4D
:10090000083040EE410ACCED020A03E0000000008E
:100910000DE005E0641E0CF1080CE5D102EB83024A
:1009200001EB88017F1E09F101097FF47DAF00987A
:1009300008F10108001D00900398401E03907FF409
:100940004BAE0299012900E058E004BF06B0BDE8B3
:10095000F08F00BFB5EEC00AF1EE10FA7FF4E9ADFA
:1009600004990EFB05F3002B4A684FF000010BD9E8
:1009700002EB810C9CED000AB5EEC00AF1EE10FA14
:1009800002D1491C8B42F3D88B427FF4D2AD6FF079
:100990000400CEE5E0EC010A491EFBD1EFE538E0AA
:1009A000E0EC010A521EFBD108E692ED000AD1EDFF
:1009B000000ABCF1010CE2EC010AA1EC010AF4D13D
:1009C000B7E694ED000AD0ED000A491EE4EC010AF6
:1009D000A0EC010AF5D1BDE6D1ED000A401E80EE83
:1009E000801AA1EC011AF7D1EEE6D3ED000A401E01
:1009F00080EE801AA3EC011AF7D10EE7BCEC011AC5
:100A0000D1ED000A5B1E40EE410AE1EC010AF5D18E
:100A10004DE7B0EC011AD2ED000A5B1E40EE410A30
:100A2000E2EC010AF5D17BE72DE9F04F82B0466890
:100A300053680193058847884B88002000900888F8
:100A4000874201BFB2F800C06545528893421EBF7D
:100A50006FF0020002B0BDE8F08F9FED412A4FEA2F
:100A6000970EC7F3400B00BFDDE9000202EB800ADE
:100A70004A6898464FF00009B0EE420AB4465FEA71
:100A80000E0025D092ED001ADCED001A02EB830275
:100A9000DCED010A01EE810A92ED001A02EB8302FD
:100AA000401ED2ED001A02EB830200EE810A9CED9B
:100AB000021ADCED030A00040CF1100C000C01EE2C
:100AC000210A92ED001A02EB830200EE810AD9D1CD
:100AD00017F0030026D0ACF10404A2EB830210F05F
:100AE000010F08D002EB8302D4ED010A92ED001A47
:100AF000241D00EE810A5FEA0B0013D002EB830C89
:100B0000D4ED010A9CED001A02EBC302401E00EE78
:100B1000810AD4ED020A92ED001A04F1080400EEF5
:100B2000810AEBD109F10100AAEC010A1FFA80F950
:100B3000486800EB8902A8F101001FFA80F8B8F1BB
:100B4000000F99D1009806EB8706184480B20090F8
:100B5000681E05042D0C87D102B00020BDE8F08F7F
:100B60000000000070B405880E884468D1F804C005
:100B70005368B54208D140884988884201BF11882E
:100B80008D425188884203D070BC6FF002007047DC
:100B900005FB00F1880827D094ED001ADCED000A6F
:100BA00094ED010ADCED011A31EE601AD4ED020A6F
:100BB00070EE611A9CED020A83ED001AC3ED011A72
:100BC00094ED031ADCED031A30EEC00A401E71EEFC
:100BD000610A83ED020A04F11004C3ED030A03F174
:100BE00010030CF1100CD7D111F0030030D0B0F18C
:100BF000004F30D200282BDD211F1B1FACF1040257
:100C000010F0010F0AD091ED010AD2ED010A091D81
:100C1000121D30EE600A83ED010A1B1D400817D03B
:100C200091ED010AD2ED010A401E30EE600A83ED1B
:100C3000010A91ED020AD2ED020A01F1080102F166
:100C4000080230EE600A83ED020A03F10803E7D1DF
:100C500070BC00207047B4EC010A401EFCEC010A95
:100C600030EE600AA3EC010AF5D1F1E72DE9F04F6F
:100C700002884768B0F802804888D1F8049082B0B2
:100C80004FF0000A1646824207BF098888456FF078
:100C9000020002B018BFBDE8F08F4FEA980B02EBDC
:100CA00042000190C8F34000CDF8000009EB8A0132
:100CB000BBF1000F33D0019801EB820C01EB8004F3
:100CC0003B46E64601EBC2054FEA0B0093ED000AF6
:100CD000401E81ED000A93ED010A01EB02118CED3B
:100CE000000A93ED020A0CEB021C85ED000A93ED5D
:100CF000030A05EB021584ED000A04EB021403F16C
:100D00001003E3D10EEB820000EB820000EB8201C6
:100D1000ABF10100504307EB0B1701EB001118F08A
:100D2000030C21D03B1FA1EB82011CF0010F06D068
:100D300093ED010A01EB82011B1D81ED000A009871
:100D400080B100BF93ED010A01EB820401EBC20107
:100D500084ED000A93ED020A401E81ED000A03F1C2
:100D60000803EFD107EB8C070AF101001FFA80FAA4
:100D7000701E0604360C99D102B00020BDE8F08F39
:100D800070B5064600F0B2F9056806F10B0020F0D8
:100D90000704B4429CBF002070BD2B466A68BAB1FC
:100DA0001068A04210D304F1080188423CBF50688B
:100DB000586007D35168101941601168091B016020
:100DC00058601460101D70BD13465268002AE7D1A8
:100DD0002146284600F092F90028DED170BD53EA82
:100DE000020C00F069802DE9F04B4FF00006002B5B
:100DF0001FBFB3FA83F503FA05F424FA05F65E4043
:100E000012BF1643B2FA82F502FA05F4C5F12005C5
:100E10001EBF22FA05FC44EA0C04203556EA044CB5
:100E20004FEA144418BF641C4FF000084FF000094B
:100E3000904271EB030C39D3002919BFB1FA81F745
:100E400001FA07F6B0FA80F700FA07F6C7F12007B3
:100E50001EBF20FA07FC46EA0C062037B6FBF4FC5E
:100E6000A7EB0507103F07F01F0BCBF120062CFA6C
:100E700006F60CFA0BFB44BFB3460026202FA4BF96
:100E80005E464FF0000B5BEA060C08BF4FF0010B0B
:100E900019EB0B0948EB0608ABFB027C06FB02CC06
:100EA0000BFB03CCC01B71EB0C01C1E70B460246E8
:100EB00041464846BDE8F08B13B5084318BF4FF0D4
:100EC000FF300146AFF30080BDE81C40704740EAA8
:100ED0000103024630B59B0710D14FF0013400E00A
:100EE00008C208C91D1B9D4315EAC41FF8D013F0A2
:100EF000FF0102F8011B0DD01B0AF8E711F8013BB6
:100F0000002B02F8013B05D011F8013B002B02F841
:100F1000013BF3D130BD10B5431C02E010F8011BBA
:100F200071B18107FAD14FF0013202C88C1A8C439B
:100F300014EAC211F9D0C01A0A0603D0C01E10BDAF
:100F4000C01A10BD0A0401D0801E10BD0902FCD0D9
:100F5000401E10BD032A40F2308010F0030C00F058
:100F6000158011F8013BBCF1020F624498BF11F8E3
:100F700001CB00F8013B38BF11F8013BA2F104029C
:100F800098BF00F801CB38BF00F8013B11F0030314
:100F900000F02580083AC0F0088051F8043B083A78
:100FA00051F804CBA0E80810F5E7121D5CBF51F81A
:100FB000043B40F8043BAFF30080D20724BF11F894
:100FC000013B11F801CB48BF11F8012B24BF00F8F9
:100FD000013B00F801CB48BF00F8012B704710B56A
:100FE000203AC0F00B80B1E81850A0E81850B1E8E2
:100FF0001850A0E81850203ABFF4F5AF5FEA027C21
:1010000024BFB1E81850A0E8185044BF18C918C050
:10101000BDE810405FEA827C24BF51F8043B40F8F1
:10102000043B08BF7047D20728BF31F8023B48BFD6
:1010300011F8012B28BF20F8023B48BF00F8012B14
:10104000704702F0FF0343EA032242EA024200F043
:1010500024B84FF000020429C0F0128010F0030CF5
:1010600000F01B80CCF1040CBCF1020F18BF00F89B
:10107000012BA8BF20F8022BA1EB0C0100F00DB84A
:101080005FEAC17C24BF00F8012B00F8012B48BFA8
:1010900000F8012B70474FF0000200B5134694464C
:1010A0009646203922BFA0E80C50A0E80C50B1F1C0
:1010B0002001BFF4F7AF090728BFA0E80C5048BFD4
:1010C0000CC05DF804EB890028BF40F8042B08BF72
:1010D000704748BF20F8022B11F0804F18BF00F86E
:1010E000012B7047704770477047000000487047F9
:1010F00040050020704770477047704738B5044678
:101100000A4600206946AFF30080002808BF38BDBA
:1011100002460099204600F075F8012038BD0120F4
:1011200000F0A2B8F8B5AFF30080054600200C46E9
:101130000C2000BF0646A819A0420DD932466946C8
:101140000020AFF30080070008BF00F08DF8009882
:10115000A04218BF0546C419FFF7C8FF056007463F
:10116000F01D20F007004619284600F00AF8B442A6
:1011700008BFF8BDA21B31463868BDE8F84000F052
:1011800041B800210160416070470C20704770B584
:101190000446051FFFF7AAFF0068002C14BF44682F
:1011A00070BD002C18BFAC423CBF20466468F8D329
:1011B00001680A18AA4218BF456003D12A6805468B
:1011C0001144016028684119A1421CBF6C6070BDC8
:1011D0006168696021680844286070BD10B500F03E
:1011E0000DF8006810BD10B5044600F007F8046063
:1011F00010BD0000004870473805002000487047C7
:1012000038050020034640688C46002818BF8842F5
:101210003CBF03464068F8D318681844884207D09A
:101220000CF1030020F00700001D411A521A01467C
:10123000081D0A60FFF7ABBF1FB584B000200A9CF1
:1012400006AB04AA02A90094AFF3008018B1DDE94F
:10125000020108B010BD0348204000F040F8002013
:101260000146F6E70000207C10B500F03FF8BDE82D
:10127000104000F02FB870477546FFF7BBFFAE4631
:1012800005006946534620F00700854618B020B592
:10129000FFF712F8BDE820404FF000064FF00007BE
:1012A0004FF000084FF0000BAC46ACE8C009ACE8CA
:1012B000C009ACE8C009ACE8C00921F007018D46BF
:1012C000704710B50446AFF300802046BDE81040DB
:1012D000FEF7DDBF002801D000F030B8704710B530
:1012E00000F04CF8BDE81040FFF7F4BF10B501283E
:1012F00005D0002103A000F027F8012010BD09A1AE
:10130000F8E7000053494752544D454D3A204F7578
:1013100074206F662068656170206D656D6F7279ED
:10132000000000003A2048656170206D656D6F72A5
:101330007920636F727275707465640001491820BA
:10134000ABBEFEE72600020070B505460C460A203B
:1013500000E06D1C00F068F835B128780028F8D15D
:1013600002E0641C00F060F814B120780028F8D185
:10137000BDE870400A2000F057B8000010B5022800
:1013800003D0410103D50DA112E0002010BD0101E1
:1013900001D50FA10CE0C10001D511A108E0810029
:1013A00001D512A104E0400001D513A100E0002105
:1013B00015A0FFF7C9FF012010BD0000496E76613E
:1013C0006C6964204F7065726174696F6E00000013
:1013D000446976696465204279205A65726F00001D
:1013E0004F766572666C6F7700000000556E64651D
:1013F00072666C6F77000000496E657861637420D7
:10140000526573756C7400005349474650453A2045
:1014100041726974686D657469632065786365708D
:1014200074696F6E3A20000008B569468DF80000B7
:101430000320ABBE08BD000082B0019042F2003034
:10144000C4F2010000900099486820F440304860E0
:101450000198426800994868104348600198016803
:10146000486820F480704860019801680269486803
:1014700040EA0220486001980168486820F0407006
:101480004860019801688268486810434860019884
:101490000168886820F40060886001980168C2686B
:1014A0008868104388600198806A0121C0F6007145
:1014B000884219D0FFE701980168886820F07060C1
:1014C000886001980168826A886810438860019882
:1014D0000168886820F04050886001980168C26AFD
:1014E0008868104388600CE001980168886820F0E3
:1014F0007060886001980168886820F040508860BA
:10150000FFE701980168886820F002008860019870
:10151000027E0168886840EA42008860019890F87D
:101520002000C8B1FFE701980168486840F40060F6
:10153000486001980168486820F46040486001985C
:101540000168426A4EF20000CFF6FF7000EB4232B3
:1015500048681043486006E001980168486820F434
:1015600000604860FFE701980168C86A20F47000D5
:10157000C86201980168C2690020CFF6F07000EBE4
:101580000252C86A1043C86201980168886820F452
:1015900000708860019890F830200168886840EAFF
:1015A0004220886001980168886820F48060886023
:1015B000019801684269886840EA8220886002B028
:1015C0007047000080B50020C4F202001021012203
:1015D00003F0A4FA80BD000080B50020C4F2020030
:1015E0001021002203F09AFA80BD000080B588B077
:1015F00000208DF81E00FFF7EFFF8020049000F020
:10160000D1FA5520059000F0CDFA059800F0CAFAFD
:101610008DF81E00FFF7D6FF9620069001F04AFADB
:10162000FFF7DAFF049800F0BDFA059800F0BAFA67
:10163000059800F0B7FA8DF81E00FFF7C3FF069873
:1016400001F038FAFFF7C8FF7E20B62100F012FB48
:10165000FFF7B8FF502001F01BFAFFF7BDFF049819
:1016600000F0A0FA059800F09DFA059800F09AFAAB
:101670008DF81E00FFF7A6FF069801F01BFAFFF792
:10168000ABFF049800F08EFA059800F08BFA0598ED
:1016900000F088FA8DF81E00FFF794FF069801F01D
:1016A00009FA9DF81E001E2804D0FFE7FF208DF8E0
:1016B0001F005CE000208DF81D00FFE79DF81D0075
:1016C000052850DCFFE7FFF787FF9DF81D0000EBC2
:1016D000400240F20000C2F2000003908118805CDA
:1016E000497800F0C7FAFFF76DFF9620029001F0ED
:1016F000E1F9FFF771FF03989DF81D1001EB41011F
:10170000405C40F0800000F04DFA5520019000F060
:1017100049FA019800F046FA8DF81E00FFF752FFD3
:10172000029801F0C7F903999DF81E009DF81D204D
:1017300002EB42021144497888420DD0FFE79DF840
:101740001D0000EB400140F20000C2F2000008441E
:1017500080788DF81F000AE0FFE79DF81D0001303A
:101760008DF81D00AAE700208DF81F00FFE79DF807
:101770001F0008B080BD000080B540F20040C4F2F8
:1017800002000122114603F0C9F980BD80B540F284
:101790000040C4F202000121002203F0BFF980BD25
:1017A00080B586B0002002908DF81600FFF7EEFF9E
:1017B00002980DF11601039100F0E2F9FFF7DCFF4A
:1017C0009620049001F076F9FFF7E0FF0298039964
:1017D00000F0D6F9FFF7D0FF049801F06BF9FFF79E
:1017E000D5FF1420B62100F045FAFFF7C5FF5020C1
:1017F00001F04EF9FFF7CAFF0298039900F0C0F913
:10180000FFF7BAFF049801F055F9FFF7BFFF029800
:10181000039900F0B5F9FFF7AFFF049801F04AF91A
:101820009DF816000F2804D0FFE7FF208DF8170061
:1018300053E000208DF81500FFE79DF815000528FE
:1018400047DCFFE7FFF7A2FF9DF8150000EB400221
:1018500040F20820C2F2000001908118805C4978B3
:1018600000F008FAFFF788FF9620009001F022F9B7
:10187000FFF78CFF01989DF8151001EB4101405CCA
:101880000DF1160100F07CF9FFF776FF009801F0EA
:1018900011F901999DF816009DF8152002EB4202FE
:1018A0001144497888420DD0FFE79DF8150000EB00
:1018B000400140F20820C2F20000084480788DF810
:1018C00017000AE0FFE79DF8150001308DF81500BC
:1018D000B3E700208DF81700FFE79DF8170006B06A
:1018E00080BD000080B584B003900020029001907C
:1018F000FFF772FE922000F055F9122001A9009125
:10190000062200F01BF9FFF75DFE9DF804009DF82C
:10191000051040EA0120039908849DF806009DF80F
:10192000071040EA0120039948849DF808009DF8BB
:10193000091040EA01200399888440F21400C2F2A1
:10194000000090ED000A0399B1F9202001EE102A61
:10195000B8EEC11A20EE010A81ED010A90ED000AED
:101960000399B1F9222001EE102AB8EEC11A20EE37
:10197000010A81ED020A90ED000A0398B0F92410E3
:1019800001EE101AB8EEC11A20EE010A80ED030A2A
:10199000FFF722FEA22000F005F900992220022282
:1019A00000F0CCF8FFF70EFE9DF804009DF805103E
:1019B000C00040EA5110039988850398B0F92C00C3
:1019C000B0F5806F06DBFFE70399888DA0F5006016
:1019D0008885FFE70398B0F92C1000EE101AB8EED6
:1019E000C00AB4EE001A20EE010AB3EE071A30EE78
:1019F000010A80ED070AFFF7C9FE002001A90822AD
:101A000000F09CF8FFF7B8FE9DF804000F2819D1EC
:101A1000FFE79DF806009DF8071040EA01200399B2
:101A2000C8849DF808009DF8091040EA0120039938
:101A300008859DF80A009DF80B1040EA01200399E3
:101A40004885FFE740F21800C2F2000090ED000A5E
:101A50000399B1F9262001EE102AB8EEC12A91EDC2
:101A60000C1A20EE020A30EE410A81ED040A90EDD4
:101A7000000A0399B1F9282001EE102AB8EEC12A14
:101A800091ED0D1A20EE020A30EE410A81ED050AB1
:101A900090ED000A0398B0F92A1001EE101AB8EE82
:101AA000C12A90ED0E1A20EE020A30EE410A80EDB6
:101AB000060A04B080BD000080B582B000208DF819
:101AC0000700FFE7FFF792FD01469DF80700084376
:101AD0008DF80700FFF764FE01469DF807000843F4
:101AE0008DF80700022000F0D3FFFFE79DF8070004
:101AF0000028E7D1FFE740F29850C2F2000000F062
:101B000003F802B080BD000081B0009000994AF651
:101B10008800C3F621300863009944F63670CBF68E
:101B200021304863009946F26A10CBF65B20886347
:101B300000990120087001B07047000080B584B0A2
:101B40008DF80F0002918DF807209DF80F0040F0EE
:101B5000800000F027F8FFE79DF8070070B1FFE76D
:101B6000552000F01FF80299087002980130029089
:101B70009DF8070001388DF80700EDE704B080BD3F
:101B800080B582B08DF8070000919DF8070040F005
:101B9000800000F007F8552000F004F80099087064
:101BA00002B080BD80B582B08DF8070000208DF8AE
:101BB000060069464FF47A70086043F60C30C2F2B2
:101BC00000000DF107010DF10602012305F0EEF80A
:101BD0009DF8060002B080BD80B582B08DED010A8F
:101BE000DDED010A41F6BC30C2F200009FED1F0A94
:101BF00008F07AFCFFE741F6BC30C2F2000090ED3D
:101C00000D0A9FED1B1AB4EE410AF1EE10FA09DD40
:101C1000FFE741F6BC31C2F200010020C4F2FA40F5
:101C2000486313E041F6BC30C2F2000090ED0D0AAB
:101C3000B5EE400AF1EE10FA07DAFFE741F6BC31E3
:101C4000C2F2000100204863FFE7FFE7FFE741F62B
:101C5000BC30C2F2000090ED0D0ABDEEC00A10EEDD
:101C6000100A06F07FFE02B080BD00BF00002042D7
:101C70000000FA4480B582B08DF807008DF8061098
:101C80009DF80700FFF78EFF9DF80600FFF78AFF1B
:101C900002B080BD80B59AB010A804902821FFF74B
:101CA000FAF90499012218920020059016901792D3
:101CB000109011901290139015901490199043F277
:101CC000D030C2F2000001F015FC18B1FFE700F0BF
:101CD00009FFFFE743F2D030C2F20000029002F0A9
:101CE000BBF90298022101F023FB06A803902821EA
:101CF000FFF7D1F9039901220E9200200C900D926A
:101D000006900790089009900E200B900A920F9071
:101D100043F2F830C2F2000001F0ECFB18B1FFE72B
:101D200000F0E0FEFFE743F2F830C2F2000001905D
:101D300002F092F90198102101F0FAFA1AB080BD70
:101D400081B000904EF6FC51CEF20001086840F0E0
:101D50008070086041F20401CEF2000100200860AA
:101D600041F20002CEF20002116841F0010111605F
:101D7000009944F24022C0F20F024A4340F2286127
:101D8000C2F200010A600A6844F6D353C1F262034A
:101D9000A2FB0332920940F22C63C2F200031A60E4
:101DA00009684DF68362C4F21B32A1FB0221890C43
:101DB00040F23062C2F20002116040F23461C2F2BD
:101DC0000001086001B0704780B582B043F6C8409A
:101DD000C2F20000016804316B4612221A6041F21F
:101DE000A522C2F2000202F112030CF0A7FE43F694
:101DF0000C50C2F20000016804316B4688221A6060
:101E000041F29512C2F2000202F188030CF096FE34
:101E100002B080BD80B582B043F66430C2F20000EB
:101E2000019005F0B7FA0198002105F009FF02B012
:101E300080BD0000FFE7FEE780B543F2D030C2F27C
:101E4000000001F025FD80BD80B584B003900291B3
:101E50000398029940F28802C2F20002019200F057
:101E600045FC019A03980299303200F03FFC019A38
:101E700003980299603200F039FC019A03980299A4
:101E8000903200F033FC019A03980299C03200F0BE
:101E90002DFC04B080BD000080B543F2F830C2F2E2
:101EA000000001F0F5FC80BD80B582B0019000918A
:101EB0000198009940F2CC12C2F2000200F076FDC7
:101EC00001980068B0F5447F38D1FFE700980178A9
:101ED000407840EA0120404240F27871C2F20001AD
:101EE000088300988278C07840EA0220C88200986F
:101EF00000798009C87000980079C0F301108870DB
:101F000000980079C0F3C00041F22472C2F20002CE
:101F1000107400980079C0F380009074087D4875B3
:101F200000984079087500988179C07940EA0120CD
:101F300040F2D641C2F200018882FFE701980068B2
:101F400040F2112188421AD1FFE70098007900EE93
:101F5000100AB8EE400A40F23860C2F2000080ED8C
:101F6000150A0099C98849BA00EE101AB8EEC00ADD
:101F70009FED041A80EE010A80ED140AFFE702B01B
:101F800080BD00BF0000C84284B08DF80F000291F0
:101F9000ADF806209DF80F000146009123281DD8BA
:101FA0000099DFE801F012131415161B1B1B1B1BF5
:101FB0001B1B1B1B1B1B1B1B1B1B1B1B1B1B1B1B71
:101FC0001B1B1B1B1B1B1718191A08E007E006E058
:101FD00005E004E003E002E001E000E0FFE70020AC
:101FE00004B070470020704780B582B043F26400AF
:101FF000C2F20000009042F65801C2F20001002235
:1020000001920DF085F9009842F25801C2F20001E8
:102010000DF060F9019802B080BD000080B584B079
:1020200003900291039943F26400C2F20000019010
:102030000DF050F901980DF0F3F8002004B080BDC8
:1020400083B0029001918DF8032000208DF80200EA
:102050009DF9020003B0704780B584B00020039062
:10206000FFE70398032815DCFFE70398C0EBC001E6
:1020700040F6A800C2F2000000EB011040F26C0232
:10208000C2F20002012108F0CDFBFFE70398013006
:102090000390E6E740F29860C2F2000040F244226A
:1020A000C2F2000200219FED210ADFED210A09F0B2
:1020B0007BF840F66820C2F20000009040F29412D3
:1020C000C2F2000201920121029108F0ABFB0098DC
:1020D000019A029970301C3208F0A4FB029940F674
:1020E0004830C2F2000040F22822C2F2000208F09A
:1020F00099FB40F23861C2F200010020C4F2B42022
:10210000086248F20000CCF2BB40C8630020C4F271
:102110007A4008640020C4F2AF40486448F20000EE
:10212000CCF28940886404B080BD00BF58FF7F3F77
:10213000ACC5273781B000200090FFE70098032846
:102140000FDCFFE7009940F29860C2F2000000EB5C
:1021500041010020A1F8C000FFE700980130009085
:10216000ECE701B07047000080B584B00020039018
:10217000FFE7039803283FDCFFE70399C1EBC102A7
:1021800040F6A800C2F20000019000EB021040F2FD
:102190003862C2F20002029202EB810292ED030A5F
:1021A00001EB410240F28801C2F2000101EB021191
:1021B000B1F9161001EE101AF8EEC10A08F094F900
:1021C00001980299039AC2EBC20300EB031090ED51
:1021D0000D0A01EB820090ED0F1A30EE010ABDEE00
:1021E000C00A10EE100A01EB4201A1F85800FFE707
:1021F000039801300390BCE704B080BD80B586B081
:1022000040F27871C2F20001B1F91600C0EBC000D3
:1022100000EE100AB8EEC00A40F23860C2F20000C8
:1022200080ED0C0AB1F91810C1EBC10100EE101AD3
:10223000B8EEC00A80ED0D0A90ED080A40F2CC110C
:10224000C2F2000191ED0E1A30EE410A9FEDA41A80
:1022500030EE010A80ED070A90ED070A9FEDA11A02
:10226000B4EE410AF1EE10FA0DDDFFE740F23860FE
:10227000C2F2000090ED070A9FED9D1A30EE010AB0
:1022800080ED070A1BE040F23860C2F2000090EDDA
:10229000070A9FED951AB4EE410AF1EE10FA0DDA35
:1022A000FFE740F23860C2F2000090ED070A9FEDB0
:1022B0008F1A30EE010A80ED070AFFE7FFE740F2D0
:1022C0003860C2F20000049090ED070A9FED891A71
:1022D00030EE010A80ED090A90ED090A9FED861A99
:1022E0008DED031A20EE010AFDF7F8FF9DED031AAC
:1022F000049880ED0A0A90ED090A20EE010AFEF723
:1023000029F8049880ED0B0A90ED0A2A90ED0B3A1B
:1023100090ED0C1A90ED0D0A20EE030A21EE021A40
:1023200030EE410A80ED010A90ED0A3A90ED0B2A59
:1023300090ED0C0A90ED0D1A21EE031A20EE020A20
:1023400030EE010AB1EE400A80ED000A40F27870EA
:10235000C2F20000007D0146059140B1FFE70598FB
:1023600001285DD0FFE70598022878D080E040F290
:102370003860C2F2000090ED070A9FED601AB4EEDB
:10238000410AF1EE10FA0DDDFFE740F23860C2F2CB
:10239000000090ED070A9FED541A30EE010A80ED1F
:1023A000070A1BE040F23860C2F2000090ED070A15
:1023B0009FED531AB4EE410AF1EE10FA0DDAFFE781
:1023C00040F23860C2F2000090ED070A9FED451A16
:1023D00030EE010A80ED070AFFE7FFE740F23860C0
:1023E000C2F200000290D0ED070A40F66820C2F267
:1023F000000001909FED430A08F076F8019890EDF7
:102400000D0A40F2CC11C2F20001D1ED0A0A70307F
:1024100008F06AF801980299D0F8A400886027E0D3
:1024200040F23860C2F2000090F84C0000F0010069
:1024300001280AD0FFE740F23861C2F2000148F2F9
:102440000000C4F2BB50886008E040F23861C2F27C
:1024500000010020C4F2FA508860FFE708E040F273
:102460003861C2F200010020886008604860FFE720
:1024700040F23860C2F2000090ED000A90ED012AAF
:1024800090ED021AB1EE400A30EE420A30EE410AF7
:1024900080ED030A90ED000A90ED012A90ED021AFA
:1024A00030EE420A30EE410A80ED040A90ED000A57
:1024B00090ED012A90ED021A30EE020A30EE410A48
:1024C00080ED050A90ED002A90ED010A90ED021AC8
:1024D00030EE420A30EE410A80ED060A06B080BDB9
:1024E0000000344200003443000034C30000B44311
:1024F0000000B4C3000034C235FA8E3C0000B44280
:102500000000B4C20000000080B582B00190FFF767
:10251000A3FDFFE70BF0DCF840F27870C2F2000098
:10252000007D022821D0FFE7FFF768FEFFF71CFEC1
:1025300040F29860C2F20000009040F6A801C2F29A
:10254000000140F28802C2F2000208F015FA009879
:10255000C06943F25801C2F20001086040F23860DD
:10256000C2F20000006D486002E0FFF7E3FDFFE704
:1025700043F25800C2F20000032110F047F9012095
:1025800011F060FFC6E7000080B582B040F21C0089
:10259000C2F2000001904FF40071416040F2986176
:1025A000C2F2000191F8C120027791F8C020427771
:1025B00091F8C320827791F8C220C27791F8C520A4
:1025C00080F8202091F8C42080F8212091F8C720BD
:1025D00080F8222091F8C61080F8231010F022F81D
:1025E000019840F2FF11416041F22471C2F20001F2
:1025F0004A7902770979417710F014F840F24000E7
:10260000C2F200004FF40471416040F6D871C2F28A
:10261000000191F83820027791F83720427791F83D
:102620003A20827740F23862C2F2000292F84D20DE
:1026300002F0010280F82020C27740F27873C2F2E3
:1026400000031A785B7803F0010302F0010242EA0A
:10265000430280F82120D1F8571000EE101AB2EE94
:10266000041A20EE010ABDEEC00A10EE101A80F81E
:1026700022100FF0D7FF02B080BD000080B582B0FD
:102680000190FFE702F062FA40F22461C2F2000119
:102690000860FFF779FF07F08DFC0BF0E1FE0BF00F
:1026A00093FF012011F0CEFEECE7000081B0009016
:1026B000009890F82000512812DBFFE70099888CE1
:1026C000013088840098808CC92808DBFFE70099D6
:1026D000022081F82800009900208884FFE703E0A9
:1026E000009900208884FFE701B0704780B584B06E
:1026F00003900291019203980068019989688842C9
:1027000001D0FFE780E002988079019981F82000EC
:1027100002980178407840EA0120019908830298E4
:102720008178C07840EA01200199C8820298017935
:10273000407940EA0120019948820198FFF7B6FFED
:102740000198007C00F0010001282AD0FFE70198E1
:102750008068B0F5017F0ED9FFE7019940F2FF10C4
:10276000486001998A684FF6F630CFF6FF7000EBAB
:102770004200087314E001988068B0F5007F0ED91C
:10278000FFE701994FF40070486001998A684FF69D
:10279000FE30CFF6FF7000EB42000873FFE7FFE763
:1027A000FFE7019800780146009140B1FFE70098EB
:1027B000012810D0FFE70098022818D023E00198E4
:1027C0001030B7EE000A4FF4005111F085FB01986C
:1027D00080ED070A18E0019810309FED0D0A4FF4C4
:1027E000005111F045FC019880ED070A0CE00198BA
:1027F00010309FED060A4FF4005111F039FC01989A
:1028000080ED070A00E0FFE704B080BD0000B4429D
:102810002CA0994180B543F2E040C2F2000001F0E3
:1028200015FD80BD80B543F24050C2F2000001F0BA
:102830000DFD80BD80B543F22040C2F2000001F0E2
:1028400005FD80BD80B543F2A050C2F2000001F04A
:10285000FDFC80BD80B543F28040C2F2000001F073
:10286000F5FC80BD82B001900198007810384AF6DE
:10287000AB21CAF6AA21A0FB011000090090009923
:1028800048F6E450C0F60100405C0199C865009824
:10289000042807D3FFE701990868042262F30900BE
:1028A000886506E00199086840F2FF329043886528
:1028B000FFE70198806D02B07047000086B0059078
:1028C00000208DF813000598806A039005988069B0
:1028D00010BBFFE70398029003281BD80299DFE89A
:1028E00001F0020D0218059890F82F00C00720B1E2
:1028F000FFE701208DF81300FFE70CE00598C06AA0
:10290000B0F1C07F04D1FFE701208DF81300FFE78D
:1029100001E000E0FFE745E005988069B0F5005F61
:1029200025D1FFE70398019003281ED80199DFE81D
:1029300001F00206021101208DF8130016E005983F
:1029400090F82F00C00720B1FFE701208DF8130099
:10295000FFE70BE00598C06AB0F1C07F04D1FFE744
:1029600001208DF81300FFE700E0FFE719E003986E
:102970000090032804D3FFE70098032804D00EE05A
:1029800001208DF813000BE0059890F82F00C00788
:1029900020B1FFE701208DF81300FFE700E0FFE71B
:1029A000FFE7FFE79DF8130006B0704780B584B0DD
:1029B0000390029101920398006801998968884206
:1029C00001D0FFE75DE0029800780009019948779F
:1029D00002984178807840EA01200199C8830299E1
:1029E000C8780979000140EA111001990884029819
:1029F0000179407901F00F0140EA012001994884F2
:102A00000199488CD1ED060AB1EE600A0C210091C3
:102A100012F0F8FA019880ED0B0A0199C88BD1EDFC
:102A2000040AB1EE600A102112F0ECFA0099019844
:102A300080ED090A019A108CD2ED050AB1EE600A08
:102A400012F0E0FA019880ED0A0A019890ED090A67
:102A50009FED0D1A20EE010A80ED0E0A0298807992
:102A600000EE100AB8EE400A019880ED0C0A0298B8
:102A7000C07900EE100AB8EE400A019880ED0D0A08
:102A8000FFE704B080BD00BFE12E65427047000043
:102A900080B582B0019002F059F80090FFE702F093
:102AA00055F80099401A0199884201D2FFE7F6E7EC
:102AB00002B080BD80B582B0019005F039FF009072
:102AC000FFE705F035FF0099401A0199884201D2CD
:102AD000FFE7F6E702B080BD80B5202001F026FEBA
:102AE00080BD000081B0EFF3108072B60090FFE768
:102AF000FEE7000084B08DED030A9DED030AB6EEFB
:102B0000001A20EE010A8DED020A03980190019847
:102B10000090009945F68620C5F63770A0EB61005D
:102B20000090009801909DED010A9DED021A21EEA2
:102B3000001A21EE002AB7EE081A31EE421A20EEF2
:102B4000010A8DED010A9DED010A04B070470000F5
:102B500040F6D871C2F20001B1F83500898F401AF1
:102B600000EE100AB8EEC00A41F22470C2F2000072
:102B700080ED080A90ED080A9FEDDE1AB4EE410AD6
:102B8000F1EE10FA09DDFFE741F22471C2F2000113
:102B90000020C4F2A010086070E141F22470C2F27B
:102BA0000000B0F92C00002840F0C480FFE741F29B
:102BB0002470C2F2000090ED080A40F6D871C2F20B
:102BC0000001B1F83310490001EE101AB8EEC11A35
:102BD00030EE010AB2EE041A20EE010A80ED090A75
:102BE000FFE741F22470C2F2000090ED090A9FED68
:102BF000D41AB4EE410AF1EE10FA09DDFFE741F212
:102C00002471C2F200010020C4F2AF50486217E004
:102C100041F22470C2F2000090ED090A9FEDC91A3A
:102C2000B4EE410AF1EE10FA09DAFFE741F224713D
:102C3000C2F200010020C4F2C8204862FFE7FFE7AB
:102C4000FFE741F22470C2F2000090ED080A9FED08
:102C5000BE1AB4EE410AF1EE10FA35DAFFE741F29E
:102C60002470C2F2000040F6D871C2F20001B1F83F
:102C7000331000EE101AB8EEC03A90ED080A90ED4D
:102C8000091AB2EE042A20EE020A30EE430ABBEE25
:102C90000E3A30EE030A9FEDAB3A81EE031A21EEB5
:102CA000021A80EE010A40F27871C2F20001B1F915
:102CB000201001EE101AB8EEC11A81EE021A30EEA1
:102CC000010A80ED0A0A34E041F22470C2F20000E9
:102CD00040F6D871C2F20001B1F8331000EE101ABC
:102CE000B8EEC03A90ED080A90ED091AB2EE042A47
:102CF00020EE020A30EE430A9FED943A30EE030ACA
:102D00009FED903A81EE031A21EE021A80EE010A3D
:102D100040F27871C2F20001B1F9201001EE101AF0
:102D2000B8EEC11A81EE021A30EE010A80ED0A0AED
:102D3000FFE7A2E041F22470C2F20000B0F92C00DB
:102D4000012846DBFFE741F22470C2F20000B0F92F
:102D50002C1000EE101AB8EEC00A90ED091AB4EE6D
:102D6000410AF1EE10FA34DAFFE741F22471C2F2BF
:102D70000001886A0860FFE741F22470C2F2000097
:102D800090ED000AB3EE041AB4EE410AF1EE10FA27
:102D900009DDFFE741F22471C2F200010020C4F214
:102DA000A010086013E041F22470C2F2000090ED20
:102DB000000AB5EE400AF1EE10FA07DAFFE741F239
:102DC0002471C2F2000100200860FFE7FFE7FFE77F
:102DD00052E040F6D870C2F20000B0F8330000EEC6
:102DE000100AB8EEC00AB2EE041A80EE010A41F2EF
:102DF0002470C2F2000080ED000A90ED000AB7EEE8
:102E0000001AB4EE410AF1EE10FA07DAFFE741F2D8
:102E10002471C2F2000100200860FFE7FFE741F2E1
:102E20002470C2F2000090ED000AB3EE041AB4EE72
:102E3000410AF1EE10FA09DDFFE741F22471C2F216
:102E400000010020C4F2A010086013E041F22470D9
:102E5000C2F2000090ED000AB5EE400AF1EE10FA61
:102E600007DAFFE741F22471C2F200010020086096
:102E7000FFE7FFE7FFE7FFE7FFE7FFE741F2247027
:102E8000C2F20000B0F92C1000EE101AB8EEC00A21
:102E900090ED091AB4EE410AF1EE10FA08DAFFE7F4
:102EA00041F22471C2F20001888D01308885FFE76C
:102EB00041F22470C2F20000416A816190ED080A7B
:102EC0009FED211AB4EE410AF1EE10FA1CDBFFE788
:102ED00041F22470C2F20000B0F92C1000EE101A7A
:102EE000B8EEC00A90ED091AB4EE410AF1EE10FAFC
:102EF00009DB01E00000A04241F22471C2F20001AE
:102F000000208885FFE71AE041F22470C2F2000039
:102F100090ED080AB3EE0E1AB4EE410AF1EE10FA83
:102F20000CDCFFE741F22471C2F2000191ED060AC8
:102F3000BDEEC00A10EE100A8885FFE7FFE7704774
:102F40000000AF450000C8420000484200008CC2AB
:102F500080B584B047F61020C1F6FF70006803907A
:102F600047F61420C1F6FF700068029047F618205B
:102F7000C1F6FF700068019001990398084403901E
:102F8000039888B1FFE7039840F2BC41C2F2000108
:102F900000910231082205F025FE009902981231B5
:102FA000042205F01FFEFFE704B080BD85B003904A
:102FB000029100200190FFE7039890F83C0001285F
:102FC00004D1FFE702208DF81300F7E003990120F8
:102FD00081F83C00FFE7FFE7029800680A281CD34D
:102FE000FFE70298008800EB4000A0F11E010720D7
:102FF00000FA01F203980168C8689043C86002991A
:103000008868098801EB41011E3900FA01F2039832
:103010000168C8681043C86018E00298008800EB97
:103020004001072000FA01F2039801680869904303
:10303000086102998868098801EB410100FA01F2F0
:1030400003980168086910430861FFE70298406827
:1030500006281BD8FFE70298406800EB8000411F5C
:103060001F2000FA01F203980168486B90434863FF
:1030700002990888496801EB8101053900FA01F2DB
:1030800003980168486B104348633DE0029840682C
:103090000C281CD8FFE70298406800EB8000A0F1E4
:1030A00023011F2000FA01F203980168086B904386
:1030B000086302990888496801EB8101233900FA05
:1030C00001F203980168086B104308631BE0029843
:1030D000406800EB8000A0F141011F2000FA01F2DE
:1030E00003980168C86A9043C862029908884968D1
:1030F00001EB8101413900FA01F203980168C86AC5
:103100001043C862FFE7FFE742F20030C4F201005B
:1031100000900398006842F20001C4F20101884265
:103120000BD1FFE702980068122806D1FFE700994B
:10313000486840F480004860FFE70398006842F266
:103140000001C4F2010188422ED1FFE70298006815
:10315000102805D0FFE702980068112824D1FFE766
:103160000099486840F40000486002980068102800
:1031700019D1FFE740F2E830C2F2000000684DF6D6
:103180008361C4F21B31A0FB0110800C00EB8000B6
:1031900040000190FFE7019820B1FFE70198013856
:1031A0000190F8E7FFE7FFE7FFE70399002081F8C8
:1031B0003C00FFE700208DF81300FFE79DF81300A7
:1031C00005B0704780B584B0029000208DF80700EC
:1031D000029820B9FFE701208DF80F0042E0029825
:1031E000806A0121C0F60071884201D0FFE7FFE745
:1031F0000298006C50B9FFE7029800F037F8029986
:1032000000204864029981F83C00FFE70298006CB6
:10321000C006002817D4FFE70298006C40F00200B7
:1032200020F48850029908640298FEF705F9029983
:10323000002048640298006C40F0010020F0020079
:103240000299086403E001208DF80700FFE7FFE71B
:103250000299002081F83C00FFE79DF807008DF8F7
:103260000F00FFE79DF80F0004B080BD80B58AB065
:103270000990002008900790069005900490099806
:10328000006842F20001C4F20101884212D1FFE756
:10329000FFE70020039043F64400C4F202000168F7
:1032A00041F480710160006800F48070039003981D
:1032B000FFE73AE00998006842F20021C4F20101F8
:1032C000884231D1FFE7FFE70020029043F6440037
:1032D000C4F20200016841F480610160006800F4FA
:1032E000806002900298FFE7FFE70020019043F61C
:1032F0003000C4F20200016841F020010160006862
:1033000000F0200001900198FFE74FF480600490E6
:10331000032005900020069041F20040C4F2020014
:1033200004A901F01FFAFFE7FFE70AB080BD000023
:1033300084B002900191029890F820008DF803006B
:103340009DF80300012805D0FFE79DF8030002283F
:103350000AD1FFE7019A0298016848691043486161
:1033600000208DF80F0008E00299486A40F48020A0
:10337000486201208DF80F00FFE79DF80F0004B0B0
:103380007047000088B00690059104920393069858
:1033900090F820008DF8070006980068806800907B
:1033A0000598806808B9FFE700E0FFE79DF807008F
:1033B000012806D0FFE79DF80700022840F08D8025
:1033C000FFE79DF80300400700280CD4FFE79DF8B5
:1033D00003000007002806D4FFE79DF80300C0069D
:1033E000002871D5FFE70098C0F3016002900298B1
:1033F000032809D3FFE70699486A40F400004862B1
:1034000001208DF81F0071E0029901208840039986
:1034100008600598806868B9FFE705980168C0688A
:1034200040EA415006990968029A01EB0211C1F87D
:1034300080010EE005994A688868C96840EAC200C0
:10344000084306990968029A01EB0211C1F880014C
:10345000FFE70598006906990968029A01EB0211D5
:10346000C1F884010598007D01280CD1FFE706987A
:103470000068029900EB0111D1F8840140F48070DA
:10348000C1F88401FFE70498406806990968029A28
:1034900001EB0211C1F88C010498006806990968D3
:1034A000029A01EB0211C1F888010698006802999E
:1034B00000EB0111D1F8800140F00100C1F880015A
:1034C00000208DF81F0011E00699486A40F40010B2
:1034D000486201208DF81F0008E00699486A40F410
:1034E0008020486201208DF81F00FFE79DF81F0033
:1034F00008B0704786B0049003910498006801906A
:10350000049890F820008DF803009DF8030001282E
:1035100006D0FFE79DF80300022840F0B080FFE7E7
:1035200046F20040C4F2000001900199D1F8000277
:1035300040F00100C1F800020199D1F8000220F426
:103540007C50C1F800020398426A0199D1F8000248
:1035500040EA0220C1F800020398406900F01F0110
:10356000012088400290029A0199D1F81C029043F0
:10357000C1F81C020398C069F0B9FFE7029A0199EB
:10358000D1F80C029043C1F80C02039A9088D168DC
:10359000526940EA0140019901EBC201C1F84002C1
:1035A000039A10889168526940EA0140019901EB41
:1035B000C201C1F84402FFE70398C06901281ED187
:1035C000FFE7029A0199D1F80C021043C1F80C02EE
:1035D000039A90881168526940EA0140019901EB11
:1035E000C201C1F84002039A90899168526940EA89
:1035F0000140019901EBC201C1F84402FFE70398C1
:10360000806940B9FFE7029A0199D1F8040290431A
:10361000C1F8040207E0029A0199D1F804021043AC
:10362000C1F80402FFE70398006940B9FFE7029A76
:103630000199D1F814029043C1F8140207E0029AEC
:103640000199D1F814021043C1F81402FFE703985E
:10365000006A012808D1FFE7029A0199D1F81C02FB
:103660001043C1F81C02FFE70199D1F8000220F0D5
:103670000100C1F8000200208DF8170008E004994D
:10368000486A40F48020486201208DF81700FFE767
:103690009DF8170006B0704781B0009001B07047E8
:1036A00086B00490039102920193049890F8200050
:1036B0008DF803009DF80300012806D0FFE79DF870
:1036C0000300022840F0D780FFE7039880B9FFE7A6
:1036D00004980068C068800748B9FFE70499486A01
:1036E00040F40010486201208DF81700CCE00FE094
:1036F000049800680069800748B9FFE70499486AA0
:1037000040F40010486201208DF81700BCE0FFE78C
:1037100004980068039900EB0110D0F8B00100F0A4
:103720000400029988600298806858B9FFE70498FD
:103730000068039900EB0110D0F8B001400D029928
:1037400008600AE004980068039900EB0110D0F8C3
:10375000B001C00802994860FFE704980068039927
:1037600000EB0110D0F8B00100F002000299C8602F
:1037700004980068039900EB0110D0F8B40100F040
:103780000F000299086104980068039900EB01108A
:10379000D0F8B40180B2000A0299886104980068E8
:1037A000039900EB0110D0F8B401000C02994861B4
:1037B00004980068039900EB0110D0F8B801019952
:1037C000087004980068039900EB0110D0F8B80164
:1037D000000A0199487004980068039900EB0110F1
:1037E000D0F8B801000C019988700498006803991A
:1037F00000EB0110D0F8B801000E0199C8700498D0
:103800000068039900EB0110D0F8BC010199087120
:1038100004980068039900EB0110D0F8BC01000A7D
:103820000199487104980068039900EB0110D0F8E1
:10383000BC01000C0199887104980068039900EBA1
:103840000110D0F8BC01000E0199C871039838B975
:10385000FFE704980168C86840F02000C86006E0EF
:1038600004980168086940F020000861FFE7002023
:103870008DF8170008E00499486A40F480204862F7
:1038800001208DF81700FFE79DF8170006B070477C
:1038900080B58AB0099000200890099800684069B6
:1038A0000790099800684068069009980068806849
:1038B000059009980068C06804900998006800693C
:1038C000039009980068806902909DF81C00C00769
:1038D000002800F09480FFE79DF81400C00758B35B
:1038E000FFE709980168012088609DF814008007AF
:1038F000002804D5FFE7099800F0F8FB1BE09DF8CD
:1039000014004007002805D5FFE7089840F4006040
:1039100008900FE09DF814000007002805D5FFE788
:10392000089840F48050089003E0099800F0DAFB12
:10393000FFE7FFE7FFE7FFE79DF81500C00760B36B
:10394000FFE7099801684FF4807088609DF81500C2
:103950008007002804D5FFE7099800F0CFFB1BE0A3
:103960009DF815004007002805D5FFE7089840F4AA
:10397000005008900FE09DF815000007002805D5BD
:10398000FFE7089840F48040089003E0099800F0B1
:10399000B1FBFFE7FFE7FFE7FFE79DF81600C00771
:1039A00060B3FFE7099801684FF4803088609DF8A4
:1039B00016008007002804D5FFE7099800F0A6FB51
:1039C0001BE09DF816004007002805D5FFE7089882
:1039D00040F4004008900FE09DF816000007002812
:1039E00005D5FFE7089840F48030089003E0099877
:1039F00000F088FBFFE7FFE7FFE7FFE7FFE79DF841
:103A00001C000007002810D5FFE79DF81000C00635
:103A1000002809D5FFE7089840F40070089009983D
:103A200001681020C860FFE7FFE79DF81C00400711
:103A300000280FD5FFE79DF810000007002808D5E3
:103A4000FFE7099801680820C860099800F0CCFADF
:103A5000FFE7FFE79DF81C00800700280BD5FFE774
:103A600009980068C068800720B1FFE7099800F056
:103A7000BFFAFFE7FFE79DF81C004006002810D5BD
:103A8000FFE79DF80C00C006002809D5FFE708985D
:103A900040F4806008900998016810200861FFE7F1
:103AA000FFE79DF81C00800600280FD5FFE79DF872
:103AB0000C000007002808D5FFE7099801680820D6
:103AC0000861099800F0AAFAFFE7FFE79DF81C00DB
:103AD000C00600280BD5FFE7099800680069800739
:103AE00020B1FFE7099800F09DFAFFE7FFE79DF896
:103AF0001E00800700280FD5FFE79DF81800C006BC
:103B0000002808D5FFE70998016810204860099847
:103B100000F09EFAFFE7FFE79DF81E00C00778B1AE
:103B2000FFE79DF818000007002808D5FFE709986F
:103B3000016808204860099800F0ECFAFFE7FFE709
:103B40009DF81D000006002840F18D80FFE79DF8DC
:103B500018004007002840F18180FFE79DF81D0014
:103B6000C00750B1FFE79DF80800C00728B1FFE784
:103B7000089840F001000890FFE79DF81D008007BD
:103B800000280BD5FFE79DF808008007002805D521
:103B9000FFE7089840F002000890FFE79DF81D003D
:103BA000400700280BD5FFE79DF8080040070028D4
:103BB00005D5FFE7089840F004000890FFE79DF85E
:103BC0001D000007002848D5FFE79DF8080010F009
:103BD000700F42D0FFE7029800F07000014601919B
:103BE000102814D0FFE70198202815D0FFE701988E
:103BF000302816D0FFE70198402817D0FFE701983A
:103C0000502818D0FFE70198602819D01DE00898C7
:103C100040F00800089019E0089840F01000089063
:103C200014E0089840F0200008900FE0089840F059
:103C3000400008900AE0089840F08000089005E0F5
:103C4000089840F48070089000E0FFE70998016848
:103C5000886920F070008861FFE7FFE70998016834
:103C600004204860FFE7089848B1FFE7089A0999DF
:103C7000486A104348620998FFF70EFDFFE70AB053
:103C800080BD000080B584B00290029820B9FFE7A3
:103C900001208DF80F00E0E0029890F8200020B994
:103CA000FFE7029800F0DEF8FFE702980168086875
:103CB00040F00100086000F049FF0190FFE7029822
:103CC00000684068C007A8B9FFE700F03FFF01990E
:103CD000401A0B280DD3FFE70299486A40F40030E0
:103CE00048620299052081F8200001208DF80F001C
:103CF000B3E0E4E702980168086820F00200086079
:103D000000F024FF0190FFE70298006840688007F8
:103D1000002815D5FFE700F019FF0199401A0B287C
:103D20000DD3FFE70299486A40F4003048620299D7
:103D3000052081F8200001208DF80F008DE0E3E7D9
:103D40000298007E012807D1FFE702980168086801
:103D500040F08000086006E002980168086820F0E2
:103D600080000860FFE70298407E012807D1FFE746
:103D700002980168086840F04000086006E0029878
:103D80000168086820F040000860FFE70298807E24
:103D9000012807D1FFE702980168086840F0200079
:103DA000086006E002980168086820F020000860BA
:103DB000FFE70298C07E012807D1FFE7029801685B
:103DC000086820F01000086006E0029801680868A2
:103DD00040F010000860FFE70298007F012807D13B
:103DE000FFE702980168086840F00800086006E0F4
:103DF00002980168086820F008000860FFE7029850
:103E0000407F012807D1FFE702980168086840F069
:103E10000400086006E002980168086820F00400C9
:103E20000860FFE7029B19685A689868D3F80CC0CD
:103E300040EA0C00D3F810C040EA0C005B6918435C
:103E4000013A1043C861029900204862029A012198
:103E500082F820108DF80F00FFE79DF80F0004B0E6
:103E600080BD000080B590B00F9000200E900D90A6
:103E70000C900B900A900F98006846F20041C4F233
:103E80000001884249D1FFE740F2A870C2F2000069
:103E90000168013101600068012812D1FFE7FFE7E6
:103EA0000020099043F64000C4F20200016841F08E
:103EB00000710160006800F0007009900998FFE748
:103EC000FFE7FFE70020089043F63000C4F202004D
:103ED000016841F008010160006800F008000890E6
:103EE0000898FFE703200A9002210B91002103911B
:103EF0000C910D9009200E9040F60040C4F2020093
:103F00000AA900F02FFC039A14200490052100F068
:103F1000F9FE049800F0ECFE64E00F98006846F6A5
:103F20000001C4F2000188425BD1FFE7FFE70020F7
:103F3000079043F64000C4F20200016841F080613E
:103F40000160006800F0806007900798FFE740F28A
:103F5000A870C2F200000168013101600068012808
:103F600012D1FFE7FFE70020069043F64000C4F2BD
:103F70000200016841F000710160006800F000700B
:103F800006900698FFE7FFE7FFE70020059043F65D
:103F90003000C4F20200016841F0020101600068D3
:103FA00000F0020005900598FFE760200A900220CB
:103FB0000B90002001900C9003200D9009200E9092
:103FC00040F20040C4F202000AA900F0CBFB019AC3
:103FD00041200290052100F095FE029800F088FE35
:103FE000FFE7FFE710B080BD81B0009001B07047DF
:103FF00080B584B00390039840F2D451C2F200011E
:104000000A1D029201F1200301930021FFF748FBF2
:1040100001990298FDF718FF04B080BD81B00090AF
:1040200001B0704780B584B00390039840F2FC5112
:10403000C2F200010A1D029201F120030193012145
:10404000FFF72EFB01990298FDF72EFF04B080BD0B
:1040500081B0009001B0704780B584B002900298A2
:1040600090F8200001282FD1FFE70299022081F863
:10407000200002980168086820F00100086000F044
:1040800065FD0190FFE7029800684068C007A8B18D
:10409000FFE700F05BFD0199401A0B280DD3FFE705
:1040A0000299486A40F4003048620299052081F87C
:1040B000200001208DF80F000FE0E4E702990020B6
:1040C00048628DF80F0008E00299486A40F4002029
:1040D000486201208DF80F00FFE79DF80F0004B043
:1040E00080BD000081B0009001B0704781B00090A9
:1040F00001B0704781B0009001B0704781B000906E
:1041000001B0704781B0009001B0704781B000905D
:1041100001B0704781B0009001B0704780B584B0A5
:1041200002900298806D019000F010FD00900298BE
:1041300090F8350002280DD0FFE7029980204865ED
:10414000FFE70299002081F83400FFE701208DF895
:104150000F0055E002980168086820F0160008601A
:1041600002980168486920F0800048610298006C5C
:1041700020B9FFE70298806C38B1FFE70298016828
:10418000086820F008000860FFE7029801680868E6
:1041900020F001000860FFE7029800680068C0078F
:1041A000C8B1FFE700F0D2FC0099401A062811D3ED
:1041B000FFE70299202048650299032081F8350025
:1041C000FFE70299002081F83400FFE703208DF813
:1041D0000F0015E0E0E70298C16D3F20884001998B
:1041E00088600299012081F83500FFE702990020DC
:1041F00081F83400FFE7FFE700208DF80F00FFE7AC
:104200009DF80F0004B080BD82B00090009890F837
:104210003500022807D0FFE700998020486501207B
:104220008DF807000EE00099052081F83500009810
:104230000168086820F001000860FFE700208DF8A1
:104240000700FFE79DF8070002B0704780B586B011
:1042500005900020039040F2E830C2F200000068B0
:1042600048F2B511C1F64E31A0FB0110800A029050
:104270000598806D01900198006804900498059954
:10428000C96DC840000700281AD5FFE705980068E7
:1042900000684007002812D5FFE705980168086804
:1042A00020F0040008600598C16D0820884001993D
:1042B00088600599486D40F001004865FFE7FFE719
:1042C00004980599C96DC840C007A0B1FFE70598DB
:1042D00000684069000600280CD5FFE70598C16D0D
:1042E00001208840019988600599486D40F00200DE
:1042F0004865FFE7FFE704980599C96DC840400786
:10430000002814D5FFE7059800680068800700289A
:104310000CD5FFE70598C16D04208840019988609D
:104320000599486D40F004004865FFE7FFE70498F1
:104330000599C96DC840C006002847D5FFE7059814
:1043400000680068000700283FD5FFE70598C16DA9
:104350001020884001998860059800680068400333
:1043600000281AD5FFE705980068006800030028B8
:1043700009D4FFE70598006C20B1FFE70598016CB0
:104380008847FFE708E00598806C20B1FFE70598B3
:10439000816C8847FFE7FFE716E005980068006832
:1043A000C005002807D4FFE705980168086820F0D9
:1043B00008000860FFE70598006C20B1FFE705984A
:1043C000016C8847FFE7FFE7FFE7FFE704980599DF
:1043D000C96DC8408006002840F18D80FFE7059830
:1043E00000680068C006002840F18480FFE7059857
:1043F000C16D2020884001998860059890F83500AB
:10440000052834D1FFE705980168086820F01600F8
:10441000086005980168486920F0800048610598A7
:10442000006C20B9FFE70598806C38B1FFE705986C
:104430000168086820F008000860FFE70598C16D72
:104440003F208840019988600599012081F8350056
:10445000FFE70599002081F83400FFE70598006D1B
:1044600020B1FFE70598016D8847FFE77BE00598DD
:1044700000680068400300281AD5FFE70598006827
:1044800000680003002809D4FFE70598406C20B1BC
:10449000FFE70598416C8847FFE708E00598C06B87
:1044A00020B1FFE70598C16B8847FFE7FFE720E0F1
:1044B000059800680068C005002811D4FFE705983A
:1044C0000168086820F0100008600599012081F853
:1044D0003500FFE70599002081F83400FFE7FFE78A
:1044E0000598C06B20B1FFE70598C16B8847FFE7CF
:1044F000FFE7FFE7FFE70598406DA0B3FFE70598EA
:10450000406DC00730B3FFE70599052081F83500FD
:1045100005980168086820F001000860FFE703982B
:10452000013003900299884201D9FFE707E0FFE7D5
:10453000059800680068C0070028F0D1FFE70599DA
:10454000012081F83500FFE70599002081F834004B
:10455000FFE7FFE70598C06C20B1FFE70598C16C45
:104560008847FFE7FFE706B080BD000080B586B052
:1045700004900020039000F0E9FA0290049820B91A
:10458000FFE701208DF81700A3E00498406A08B106
:10459000FFE7FFE70499022081F83500FFE704995F
:1045A000002081F83400FFE704980168086820F0D3
:1045B00001000860FFE7049800680068C00790B138
:1045C000FFE700F0C3FA0299401A06280AD3FFE772
:1045D0000499202048650499032081F835008DF85E
:1045E000170076E0E7E704980068006803900398F6
:1045F00048F23F01CFF21001084003900499009166
:104600004868D1F808C0CB680A6940EA0C00184332
:1046100010434A6910438A691043CA691043096A02
:1046200001430398084303900498406A042808D182
:10463000FFE70499C86A096B014303980843039094
:10464000FFE70398049909680860049800684069C6
:104650000390039820F0070003900498416A0398A0
:10466000084303900498406A04281AD1FFE704988D
:10467000816A0398084303900498C06A80B1FFE7F9
:104680000498FEF71BF950B1FFE7049940204865F4
:104690000499012081F835008DF8170019E0FFE733
:1046A000FFE703980499096848610498FEF7DAF86F
:1046B00001900498C16D3F20884001998860049959
:1046C00000204865049A012182F835108DF8170002
:1046D000FFE79DF8170006B080BD000080B584B0EC
:1046E000039000F033FA0290039801900198013092
:1046F00048B1FFE740F22C50C2F200000178019867
:1047000008440190FFE7FFE700F020FA0299401A01
:104710000199884201D2FFE7F6E704B080BD0000AE
:1047200081B0ADF8020001B07047000080B582B0E2
:10473000ADF8060043F61440C4F201000068BDF86D
:10474000061008420CD0FFE7BDF8060043F61441FE
:10475000C4F201010860BDF80600FFF7E1FFFFE7C2
:1047600002B080BD8EB00D900C9100200A9009908F
:1047700008900B90FFE70B980F2800F2CC81FFE721
:104780000B99012088400A900C9800680A9908400B
:10479000099009980A99884240F0B881FFE70C987F
:1047A000406800F00300012807D0FFE70C9840683C
:1047B00000F0030002282FD1FFE70D9880680890D1
:1047C0000B984100032000FA01F1089888430890F3
:1047D0000C98C0680B99490000FA01F10898084349
:1047E000089008980D9988600D98406808900B997A
:1047F000012000FA01F10898884308900C9840685D
:10480000C0F300100B9900FA01F1089808430890D2
:1048100008980D994860FFE70C98406800F0030085
:10482000032818D0FFE70D98C06808900B98410046
:10483000032000FA01F10898884308900C988068DA
:104840000B99490000FA01F108980843089008986C
:104850000D99C860FFE70C98406800F0030002283B
:1048600026D1FFE70D980B996FF0030202EA510180
:104870000844006A08900B9800F0070081000F20A0
:1048800000FA01F10898884308900C9800690B9988
:1048900001F00701890000FA01F108980843089027
:1048A00008980D990B9B02EA530211440862FFE736
:1048B0000D98006808900B984100032000FA01F160
:1048C0000898884308900C98406800F003000B9902
:1048D000490000FA01F108980843089008980D99DA
:1048E00008600C9880798007002800F00E81FFE7AF
:1048F000FFE70020079043F64400C4F2020001687D
:1049000041F480410160006800F4804007900798FE
:10491000FFE70B9820F0030043F60801C4F2010101
:10492000405808900B9800F0030081000F2000FA17
:1049300001F10898884308900D980021C4F2020103
:10494000884203D1FFE7002006905EE00D9840F218
:104950000041C4F20201884203D1FFE70120059023
:1049600050E00D9840F60001C4F20201884203D1E4
:10497000FFE70220049042E00D9840F60041C4F2A7
:104980000201884203D1FFE70320039034E00D9831
:1049900041F20001C4F20201884203D1FFE7042082
:1049A000029026E00D9841F20041C4F202018842D3
:1049B00003D1FFE70520019018E00D9841F60001B2
:1049C000C4F20201884203D1FFE7062000900AE00A
:1049D0000D9941F60042C4F202020820914208BF3C
:1049E00007200090FFE700980190FFE701980290F0
:1049F000FFE702980390FFE703980490FFE704980D
:104A00000590FFE705980690FFE70698C0B20B995E
:104A100001F00301890000FA01F1089808430890A9
:104A200008980B9921F0030143F60802C4F2010231
:104A3000885043F60840C4F20100006808900999C4
:104A40000898884308900C988079C006002805D5FE
:104A5000FFE70999089808430890FFE7089843F68C
:104A60000841C4F20101086043F60C40C4F20100A1
:104A70000068089009990898884308900C988079F4
:104A80008006002805D5FFE7099908980843089093
:104A9000FFE7089843F60C41C4F20101086043F6B1
:104AA0000440C4F2010000680890099908988843FE
:104AB00008900C9880798007002805D5FFE70999B0
:104AC000089808430890FFE7089843F60441C4F2A9
:104AD0000101086043F60040C4F20100006808903C
:104AE00009990898884308900C988079C00728B1E4
:104AF000FFE70999089808430890FFE7089843F6EC
:104B00000041C4F201010860FFE7FFE7FFE70B98EF
:104B100001300B902FE60EB07047000082B001907C
:104B2000ADF802108DF801209DF8010028B1FFE7D3
:104B3000BDF802000199886105E0BDF8020000049B
:104B400001998861FFE702B07047000049F678706C
:104B5000C2F200000068704740F22C50C2F2000020
:104B6000027849F67871C2F20001086810440860C2
:104B70007047000080B543F60041C4F202010868A6
:104B800040F400700860086840F4806008600868BD
:104B900040F480700860032000F0CEF80F2000F091
:104BA00005F800F079F8002080BD000080B58CB0D9
:104BB0000B90002004900390FFE70020009043F644
:104BC0004000C4F20200016841F001010160006888
:104BD00000F0010000900098FFE706A802A901F08C
:104BE000B5FB09980490049820B9FFE701F0DEFBBB
:104BF000059004E001F0DAFB40000590FFE705981E
:104C00004DF68361C4F21B31A0FB01014FF0FF3070
:104C100000EB9140039043F6AC30C2F200004FF03D
:104C20008041016040F2E731C16003994160002199
:104C300001618160816102F007FB8DF807009DF83A
:104C4000070028BBFFE743F6AC30C2F2000002F0D9
:104C500017FC8DF807009DF80700C0B9FFE71C207E
:104C600000F046F80B980F280CD8FFE70B991C2092
:104C7000002200F047F80B9840F23051C2F20001D8
:104C8000086003E001208DF80700FFE7FFE7FFE77A
:104C90009DF807000CB080BD80B582B0FFE7002012
:104CA000019043F64400C4F20200016841F48041DF
:104CB0000160006800F4804001900198FFE7FFE781
:104CC0000020009043F64000C4F20200016841F069
:104CD00080510160006800F0805000900098FFE76C
:104CE0006FF001000F21002200F00CF802B080BD2F
:104CF00080B582B08DF807009DF907000DF006FE23
:104D000002B080BD80B586B08DF817000491039283
:104D1000002002900DF012FE02909DF91700019004
:104D200002980499039A05F0C9F9014601980DF01B
:104D30000DFE06B080BD000080B582B001900198E4
:104D40000DF026FE02B080BD82B001908DF80310F8
:104D500002B0704782B00190ADF80210BDF80200B9
:104D6000019909684862002002B0704784B003903E
:104D70008DF80B10ADF8082003980068406A009089
:104D80009DF80B0048B9FFE7BDF80810009840EA0D
:104D9000014003990968886233E003980068816ADA
:104DA000009800EB1140009000208DF80700FFE70D
:104DB0009DF807009DF80B100139884213D2FFE7D8
:104DC000039800689DF8071000EB8100D0F80411EB
:104DD000009800EB11400090FFE79DF807000130BC
:104DE0008DF80700E4E7BDF80810009840EA01409C
:104DF000039909689DF80B2001EB8201C1F80001BD
:104E0000FFE7002004B0704780B582B001900198A0
:104E1000D0F808050BF0D6F902B080BD80B582B09D
:104E200001908DF80310019AD2F808059DF803103F
:104E300001EBC10302EB8302D26C0BF01FF802B04E
:104E400080BD000080B582B001908DF80310019AFA
:104E5000D2F808059DF8031001EBC10302EB8302B1
:104E6000D2F88C220BF0D4F802B080BD80B582B0AD
:104E700001900198D0F808050BF0AAF902B080BDA6
:104E800080B584B003908DF80B109DF80B000006E0
:104E900000280CD5FFE703989DF80B1001F00F01D7
:104EA00001EBC10100EB81003C3001900CE0039864
:104EB0009DF80B1001F00F0101EBC10100EB810027
:104EC00000F51F700190FFE70398006801990CF04E
:104ED000D5FF8DF80A009DF80A0004B080BD0000DF
:104EE00080B584B002908DF807109DF80700000689
:104EF00000280FD5FFE702989DF8071001F00F0179
:104F000001EBC10100EB81003C30009000990120D1
:104F100048700FE002989DF8071001F00F0101EBB7
:104F2000C10100EB810000F51F7000900099002086
:104F30004870FFE79DF8070000F00F000099087027
:104F4000FFE7029890F8BC04012804D1FFE7022093
:104F50008DF80F0014E00299012081F8BC04FFE7EE
:104F6000FFE70298006800990CF0B0F9FFE702999A
:104F7000002081F8BC04FFE700208DF80F00FFE758
:104F80009DF80F0004B080BD80B584B002908DF80C
:104F900007109DF8070000F00F0002994968884249
:104FA00004D9FFE701208DF80F004DE09DF80700C0
:104FB000000600280FD5FFE702989DF8071001F0C2
:104FC0000F0101EBC10100EB81003C300090009922
:104FD000012048700FE002989DF8071001F00F01C2
:104FE00001EBC10100EB810000F51F7000900099FA
:104FF00000204870FFE70099002088709DF80700A6
:1050000000F00F0000990870FFE7029890F8BC04C8
:10501000012804D1FFE702208DF80F0014E0029967
:10502000012081F8BC04FFE7FFE7029800680099BF
:105030000CF0CCFCFFE70299002081F8BC04FFE7EC
:1050400000208DF80F00FFE79DF80F0004B080BD31
:1050500082B001908DF8031001989DF8031001F0C3
:105060000F0101EBC10100EB8100D0F89C0202B0FE
:105070007047000080B586B004908DF80F10ADF831
:105080000C208DF80B3000208DF80A009DF80F00E1
:10509000000600280FD5FFE704989DF80F1001F0D7
:1050A0000F0101EBC10100EB81003C30019001993F
:1050B000012048700FE004989DF80F1001F00F01D7
:1050C00001EBC10100EB810000F51F700190019917
:1050D00000204870FFE79DF80F0000F00F000199D5
:1050E0000870BDF80C000199C8609DF80B0001998B
:1050F00008710198407820B1FFE70199087808818C
:10510000FFE79DF80B00022804D1FFE7019900207A
:105110004871FFE7FFE7049890F8BC04012804D128
:10512000FFE702208DF8170015E00499012081F8AF
:10513000BC04FFE7FFE70498006801990BF080FFCB
:10514000FFE70499002081F8BC04FFE79DF80A00FE
:105150008DF81700FFE79DF8170006B080BD00002E
:1051600080B586B005908DF81310039202930598D0
:105170009DF8131001F00F0101EBC10100EB81005C
:1051800000F51F7001900398019908610298019938
:105190008861019900200862019948709DF8130008
:1051A00000F00F000199087005980069012804D1EA
:1051B000FFE7039801994861FFE79DF81300000796
:1051C00038B9FFE7059A10680199127C0CF0B2FA21
:1051D00006E0059A10680199127C0CF09BFCFFE731
:1051E000002006B080BD000080B584B002908DF82C
:1051F00007109DF8070000F00F00029949688842E7
:1052000004D9FFE701208DF80F0058E09DF8070052
:10521000000600280FD5FFE702989DF8071001F05F
:105220000F0101EBC10100EB81003C3000900099BF
:10523000012048700DE002989DF8071001EBC101B4
:1052400000EB810000F51F7000900099002048706D
:10525000FFE70099012088709DF8070000F00F001B
:1052600000990870FFE7029890F8BC04012804D167
:10527000FFE702208DF80F0021E00299012081F85C
:10528000BC04FFE7FFE70298006800990CF0EEFB12
:105290009DF80700000740B9FFE7029A1068117CEB
:1052A00002F2C4420CF042FBFFE7FFE70299002044
:1052B00081F8BC04FFE700208DF80F00FFE79DF8A0
:1052C0000F0004B080BD000080B586B005908DF859
:1052D00013100392029305989DF8131001F00F012B
:1052E00001EBC10100EB81003C3001900398019972
:1052F000086102980199886101990020086201996A
:10530000012048709DF8130000F00F00019908700B
:1053100005980069012804D1FFE7039801994861C5
:10532000FFE79DF81300000738B9FFE7059A1068FA
:105330000199127C0CF0FEF906E0059A10680199BB
:10534000127C0CF0E7FBFFE7002006B080BD0000F8
:1053500080B58CB00B900B9800680A900A98099061
:105360000B9800680CF0CCFE002840F00D84FFE79D
:105370000B9800680CF030FF10B9FFE700F004BC98
:105380000998D0F80808C0F30D200B99C1F8FC0467
:105390000B9800680CF020FF8007002807D5FFE776
:1053A0000B980168486900F002004861FFE70B981C
:1053B00000680CF011FFC006002862D5FFE70B98CB
:1053C0000168886920F0100088610A98006A0290DC
:1053D0000B98029901F00F0101EBC10100EB810074
:1053E00000F51F700890029800F4F0110220B0EB55
:1053F000514F23D1FFE7BDF8080047F6F07108428E
:105400001BD0FFE70A9808990969029AC2F30A12A9
:105410000CF0F0FE029847F6F07100EA0103089ADA
:10542000106900EB13101061029800EA010208995C
:10543000086A00EB12100862FFE71BE0029800F414
:10544000F0110620B0EB514F12D1FFE70A980B99EB
:1054500001F2C44108220CF0CDFE029847F6F0712B
:1054600000EA01020899086A00EB1210086200E0E5
:10547000FFE7FFE70B980168886940F0100088613A
:10548000FFE70B9800680CF0A7FE0003002840F12E
:10549000A680FFE7002004900B9800680CF04AFEFD
:1054A0000690FFE70698002800F09880FFE79DF837
:1054B0001800C007002800F08A80FFE70B980068FA
:1054C0009DF810100CF070FE05909DF81400C007B8
:1054D00060B1FFE70998049900EB41110120C1F880
:1054E000080B0B98049904F06DFEFFE79DF814007B
:1054F000000700280CD5FFE70998049900EB41113B
:105500000820C1F8080B0B98049904F015FEFFE77A
:105510009DF81400C006002808D5FFE709980499F3
:1055200000EB41111020C1F8080BFFE79DF81400B3
:10553000800700282DD5FFE70A984069000600285B
:1055400008D5FFE70999D1F8040840F48060C1F854
:105550000408FFE70B98049901EBC10100EB8100FF
:1055600000F51F7008900898C078012809D1FFE75E
:1055700008990020C8700B989DF8101000F014FBDB
:10558000FFE70998049900EB41110220C1F8080BCC
:10559000FFE79DF814008006002808D5FFE709986A
:1055A000049900EB41112020C1F8080BFFE79DF89A
:1055B00015008006002809D5FFE70998049900EB3B
:1055C00041114FF40050C1F8080BFFE7FFE70498C2
:1055D0000130049006984008069063E7FFE70B98B7
:1055E00000680CF0F9FD4003002840F1C680FFE799
:1055F0000B9800680CF08CFD069000200490FFE7EB
:105600000698002800F0B880FFE79DF81800C00752
:10561000002800F0AA80FFE70B9800689DF81010A2
:105620000CF09AFD05909DF81400C00700283ED0AC
:10563000FFE7049800F00F01012000FA01F1039147
:10564000039B099AD2F834189943C2F8341809997F
:10565000049A01EB4211C1F808090B98006901286E
:105660001FD1FFE70B98049901EBC10100EB810109
:105670008A6CC86C1044C864049888B9FFE70B981A
:10568000049901EBC10100EB8100406D40B9FFE7D7
:105690000B99086801F2C44201210CF047F9FFE7B9
:1056A000FFE70B989DF81010FFF7B8FBFFE79DF898
:1056B00014000007002808D5FFE70998049900EBBB
:1056C00041110820C1F80809FFE79DF81400C00641
:1056D000002808D5FFE70998049900EB4111102034
:1056E000C1F80809FFE79DF814004006002808D516
:1056F000FFE70998049900EB41114020C1F808091F
:10570000FFE79DF814008007002822D5FFE70A98DC
:1057100004990CF08BFC0B98049901EBC10100EB90
:1057200081003C3008900898C078012809D1FFE733
:1057300008990020C8700B989DF8101000F026FA08
:10574000FFE70998049900EB41110220C1F808090C
:10575000FFE79DF814000006002805D5FFE70B9829
:10576000049904F013FEFFE7FFE70498013004906A
:1057700006984008069043E7FFE70B9800680CF096
:105780002BFDC00F00B3FFE70999D1F8040820F002
:105790000100C1F804080B9890F8F404012808D11E
:1057A000FFE70B98002180F8F4140B98FFF7CCFA70
:1057B00003E00B9800F0E2FBFFE70B9801684869F3
:1057C00000F000404861FFE70B9800680CF004FD12
:1057D0000005002811D5FFE70998D0F80808C00790
:1057E00020B1FFE70B9800F057FCFFE70B9801682A
:1057F000486900F400604861FFE70B9800680CF00E
:10580000EBFCC004002840F18680FFE70999D1F83D
:10581000040820F00100C1F804080B98006810216A
:105820000CF004FC00200790FFE707980B994968EB
:10583000884231D2FFE70998079900EB41114FF6F2
:105840007F30C1F808090999079A01EB4212D2F892
:10585000001921F40011C2F800190999079A01EB07
:105860004211C1F8080B0998079900EB4111D1F8D2
:10587000000B20F40010C1F8000B0998079900EB09
:105880004111D1F8000B40F00060C1F8000BFFE7B8
:10589000079801300790C8E70999D1F81C0840F033
:1058A0000110C1F81C080B98006B78B1FFE709994B
:1058B000D1F8840840F00B00C1F884080999D1F8A8
:1058C000440840F00B00C1F844080FE00999D1F8F2
:1058D000140842F22B021043C1F814080999D1F8B8
:1058E000100840F00B00C1F81008FFE70999D1F843
:1058F000000820F4FE60C1F800080B9A1068117CC3
:1059000002F2C4420CF012F80B980168486900F4E6
:1059100080504861FFE70B9800680CF05DFC800444
:1059200000281FD5FFE70B9800680BF0F9FB0B98D8
:1059300000680CF0BFFB0B99C8600B9800680190E1
:1059400000F02EFD014601980B9A127B0CF04AFDE7
:105950000B9800F0E9FA0B980168486900F40050D0
:105960004861FFE70B9800680CF036FC0007002840
:105970000AD5FFE70B9800F00BFB0B98016848690C
:1059800000F008004861FFE70B9800680CF024FC69
:105990000006002825D5FFE70A99886920F08000D5
:1059A000886101200490FFE704980B9949688842B8
:1059B00016D2FFE70B98049901EBC10100EB8100BF
:1059C00090F87F02012806D1FFE70B989DF8101090
:1059D000FFF756FAFFE7FFE7049801300490E3E78A
:1059E000FFE70B9800680CF0F7FBC00200283ED5DB
:1059F000FFE701200490FFE704980B99496888426B
:105A00002ED2FFE70998049900EB4110D0F8000965
:105A100002900B98049901EBC10100EB810090F812
:105A20004000012817D1FFE79DF80B000006002871
:105A300011D5FFE70B98049901EBC10100EB81013F
:105A4000012081F83F000B989DF8101041F0800173
:105A5000FFF716FAFFE7FFE7049801300490CBE761
:105A60000B980168486900F480104861FFE70B98C3
:105A700000680CF0B1FB8002002855D5FFE701203B
:105A80000490FFE704980B994968884245D2FFE7E4
:105A90000998049900EB4110D0F8000B02900B9884
:105AA000049901EBC10100EB810090F8800201280C
:105AB0002ED1FFE79DF80B000006002828D5FFE750
:105AC000029800F480300B99D1F8FC1401F0010128
:105AD00088421DD1FFE70B98049901EBC10100EB4F
:105AE0008101012081F87F020A99886940F08000D5
:105AF00088610A9840690006002808D4FFE70999E0
:105B0000D1F8040840F40070C1F8040805E0FFE78C
:105B1000FFE7049801300490B4E70B9801684869E6
:105B200000F400104861FFE70B9800680CF054FB8C
:105B3000400000280AD5FFE70B98FFF765F90B989E
:105B40000168486900F080404861FFE70B980068F1
:105B50000CF042FB4007002815D5FFE70B980068C2
:105B6000406802909DF808004007002804D5FFE730
:105B70000B98FFF77BF9FFE7029A0B9801684868DA
:105B800010434860FFE7FFE70CB080BD80B582B0EE
:105B900001908DF803100198D0F808059DF80310C6
:105BA0000AF0B2FB02B080BD80B582B001908DF8E2
:105BB00003100198D0F808059DF803100AF0DCFBEB
:105BC00002B080BD2DE9F04F97B01590159820B91F
:105BD000FFE701208DF85B0049E1159800681490FB
:105BE000159890F8BD0440B9FFE71599002081F899
:105BF000BC04159800F040F9FFE71599032081F8DF
:105C0000BD041498C06BC005002804D4FFE71599A3
:105C100000200861FFE7159800680BF081FD1598DA
:105C200010900168119141688268C368D0F810C073
:105C300044698569C669076AD0F82480D0F828903D
:105C4000D0F82CA0D0F830B0D0F834E068461290EC
:105C5000C0F824E01198DDF848E0CEF820B0CEF886
:105C60001CA0CEF81890CEF81480CEF81070CEF8A4
:105C70000C60CEF80850CEF80440CEF800C00BF00F
:105C800065FA40B1FFE71599022081F8BD040120B3
:105C90008DF85B00EBE01598006800210F910CF087
:105CA00003FB0F988DF84F00FFE79DF84F00159903
:105CB0004968884245D2FFE715989DF84F1001EBDF
:105CC000C10100EB8101012081F83D009DF84F00EA
:105CD000159900EBC00201EB820181F83C009DF8B0
:105CE0004F00159900EBC00201EB8201A1F84400BE
:105CF00015989DF84F1001EBC10100EB81010020C8
:105D000081F8400015999DF84F2002EBC20201EB8B
:105D10008201886415999DF84F2002EBC20201EBC5
:105D20008201C86415999DF84F2002EBC20201EB75
:105D300082014865FFE79DF84F0001308DF84F0064
:105D4000B3E700208DF84F00FFE79DF84F0015994D
:105D5000496888423ED2FFE715989DF84F1001EB45
:105D6000C10100EB8101002081F87D029DF84F10F8
:105D7000159A01EBC10302EB830282F87C1215999C
:105D80009DF84F2002EBC20201EB820181F88002F4
:105D900015999DF84F2002EBC20201EB8201C1F878
:105DA000880215999DF84F2002EBC20201EB820197
:105DB000C1F88C0215999DF84F2002EBC20201EB4D
:105DC0008201C1F89402FFE79DF84F0001308DF881
:105DD0004F00BAE715980C9001680D9141688268F0
:105DE000C368D0F810C044698569C669076AD0F8ED
:105DF0002480D0F82890D0F82CA0D0F830B0D0F87B
:105E000034E068460E90C0F824E00D98DDF838E0E4
:105E1000CEF820B0CEF81CA0CEF81890CEF81480A2
:105E2000CEF81070CEF80C60CEF80850CEF80440D2
:105E3000CEF800C00BF012FB40B1FFE7159902202D
:105E400081F8BD0401208DF85B0010E01599002059
:105E50000B9081F838001599012081F8BD04159840
:105E600000680BF0E5FA0B988DF85B00FFE79DF8F2
:105E70005B0017B0BDE8F08F80B58AB009900020B4
:105E80000890079006900590049009980068B0F17A
:105E9000A04F47D1FFE7FFE70020039043F6300013
:105EA000C4F20200016841F001010160006800F0E5
:105EB000010003900398FFE74FF4C05004900220C4
:105EC000059000200690032007900A2008900020EB
:105ED000C4F2020004A9FEF745FCFFE743F63401D3
:105EE000C4F20201086840F080000860FFE700206B
:105EF000029043F64400C4F20200016841F480417C
:105F00000160006800F4804002900298FFE7FFE71C
:105F10004320019005210022FEF7F4FE0198FEF7D0
:105F2000E7FEFFE70AB080BD80B582B00190012096
:105F30008DF803000198C06820B9FFE700208DF8B4
:105F400003000CE00198C068022804D1FFE701209B
:105F50008DF8030002E0FCF7C5FDFFE7FFE70198BD
:105F6000D0F808059DF803100AF006FB0198D0F858
:105F700008050AF081FA02B080BD000080B582B049
:105F800001900198D0F808050AF0C4FA02B080BD6B
:105F900080B582B001900198D0F808050AF0CCFADB
:105FA00002B080BD80B584B002908DF80710FFE785
:105FB000029890F8BC04012804D1FFE702208DF874
:105FC0000F001AE00299012081F8BC04FFE7FFE707
:105FD0009DF80700029981F83800029800689DF842
:105FE00007100CF0D1F9FFE70299002081F8BC04FA
:105FF000FFE700208DF80F00FFE79DF80F0004B0C9
:1060000080BD000080B582B001900199D1F80805EB
:1060100001F2C4410AF0DAFA02B080BD80B584B062
:106020000290029800680190FFE7029890F8BC0483
:10603000012804D1FFE702208DF80F0027E0029924
:10604000012081F8BC04FFE7FFE70298806A01287D
:106050000BD1FFE702988069012806D0FFE701997C
:10606000886B40F480308863FFE7029800680BF08B
:1060700093FF029800680BF0C5F9FFE70299002032
:1060800081F8BC04FFE700208DF80F00FFE79DF8C2
:106090000F0004B080BD000080B582B0019001986F
:1060A000D0F808050AF014FB01980168D1F8000E39
:1060B00040F00100C1F8000E0198006A48B1FFE706
:1060C0004EF61051CEF20001086840F0060008605C
:1060D000FFE702B080BD00007047000080B584B0CB
:1060E00002900191029820B9FFE701208DF80F007E
:1060F00021E1019843F60041C4F20201096801F070
:106100000701884212D9FFE7019943F60040C4F223
:1061100002000170006800F007000199884204D075
:10612000FFE701208DF80F0005E1FFE702980078F6
:10613000800700282AD5FFE702980078400700284A
:1061400009D5FFE743F60801C4F20201086840F4EC
:10615000E0500860FFE7029800780007002809D5A2
:10616000FFE743F60801C4F20201086840F460400A
:106170000860FFE743F60801C4F20201086820F056
:10618000F000029A926810430860FFE702980078D6
:10619000C00700286ED0FFE702984068012811D19F
:1061A000FFE743F60000C4F20200006800F400318B
:1061B0000020B0EB514F04D1FFE701208DF80F0014
:1061C000B9E02CE002984068022805D0FFE7029869
:1061D0004068032811D1FFE743F60000C4F2020033
:1061E000006800F000710020B0EB516F04D1FFE7B0
:1061F00001208DF80F009EE010E043F60000C4F28D
:106200000200006800F002010020B0EB510F04D141
:10621000FFE701208DF80F008DE0FFE7FFE743F671
:106220000801C4F20201086820F00300029A5268D3
:1062300010430860FEF78AFC0090FFE743F6080071
:10624000C4F20200006800F00C0002994968B0EB4B
:10625000810F0ED0FFE7FEF779FC0099401A41F25A
:106260008931884204D3FFE703208DF80F0062E0F4
:10627000E4E7FFE7019843F60041C4F20201096830
:1062800001F00701884212D2FFE7019943F600406E
:10629000C4F202000170006800F007000199884212
:1062A00004D0FFE701208DF80F0044E0FFE70298DB
:1062B0000078400700280CD5FFE743F60801C4F238
:1062C0000201086820F4E050029AD2681043086086
:1062D000FFE702980078000700280DD5FFE743F696
:1062E0000801C4F20201086820F46040029A1269B1
:1062F00040EAC2000860FFE700F07CF843F60801BE
:10630000C4F202010968C9B20A0948F6CC31C0F6E4
:106310000101895CC84040F2E831C2F20001086026
:1063200040F23050C2F200000068FEF73FFC00204F
:106330008DF80F00FFE79DF80F0004B080BD00004E
:106340004C21C4F2472101200860704782B00190BF
:10635000009101990F20086043F60800C4F2020082
:10636000016801F00301019A5160016801F0F00138
:10637000019A9160016801F4E051019AD1600068CE
:1063800000F46040C0080199086143F60040C4F27F
:106390000200006800F007000099086002B0704732
:1063A00040F2E830C2F200000068704780B5FFF7A5
:1063B000F7FF43F60801C4F202010968C1F3822223
:1063C00048F6DC31C0F60101895CC84080BD0000A0
:1063D00080B5FFF7E5FF43F60801C4F20201096842
:1063E00089B24A0B48F6DC31C0F60101895CC8402D
:1063F00080BD000080B586B0002005900490039019
:10640000029043F60800C4F20200006800F00C009D
:106410000146019140B1FFE7019804280AD0FFE747
:10642000019808280CD04FE042F20040C0F2F4007E
:1064300002904FE041F60030C0F2B700029049E010
:1064400043F60400C4F20200016801F03F01059127
:1064500000684002002813D5FFE743F60400C4F2A9
:1064600002000068C0F3881041F60031C0F2B701A5
:10647000A0FB0101059A0023FAF7B1FC049012E099
:1064800043F60400C4F202000068C0F3881042F230
:106490000041C0F2F401A0FB0101059A0023FAF7C4
:1064A0009EFC0490FFE743F60400C4F2020000687B
:1064B00000F44031022000EBD1300390049803999E
:1064C000B0FBF1F0029005E042F20040C0F2F400AF
:1064D0000290FFE7029806B080BD000080B543F649
:1064E0000C00C4F2020000680006002809D5FFE78E
:1064F000FFF7F2FD43F60E01C4F20201802008709E
:10650000FFE780BD80B586B00490049820B9FFE70E
:1065100001208DF8170050E304980078C007002888
:1065200000F0A580FFE743F60800C4F2020000680F
:1065300000F00C00042813D0FFE743F60800C4F273
:106540000200006800F00C0008281ED1FFE743F6A7
:106550000400C4F2020000684002002815D5FFE7DD
:1065600043F60000C4F20200006800F4003100208D
:10657000B0EB514F08D0FFE70498406820B9FFE71F
:1065800001208DF8170018E370E0FFE704984068D9
:10659000B0F5803F09D1FFE743F60001C4F20201E4
:1065A000086840F48030086020E004984068B0F546
:1065B000A02F0DD1FFE743F60001C4F202010868E5
:1065C00040F480200860086840F4803008600CE0E7
:1065D00043F60001C4F20201086820F4803008602C
:1065E000086820F480200860FFE7FFE7FFE70498D1
:1065F0004068E8B1FFE7FEF7A9FA0390FFE743F62A
:106600000000C4F20200006800F400310020B0EB8A
:10661000514F0CD1FFE7FEF799FA0399401A65280C
:1066200004D3FFE703208DF81700C6E2E7E71CE07C
:10663000FEF78CFA0390FFE743F60000C4F2020075
:10664000006800F400310020B0EB514F0CD0FFE7A0
:10665000FEF77CFA0399401A652804D3FFE703206C
:106660008DF81700A9E2E7E7FFE7FFE7FFE70498E7
:1066700000788007002840F19680FFE743F6080085
:10668000C4F20200006810F00C0F13D0FFE743F6CD
:106690000800C4F20200006800F00C0008282CD1A9
:1066A000FFE743F60400C4F202000068400200283D
:1066B00023D4FFE743F60000C4F20200006800F0B4
:1066C00002010020B0EB510F09D0FFE70498C06829
:1066D000012804D0FFE701208DF817006DE243F692
:1066E0000001C4F20201086820F0F800049A12695F
:1066F00040EAC2000860FFE754E00498C06870B345
:10670000FFE70021C4F2472101200860FEF71EFACE
:106710000390FFE743F60000C4F20200006800F0B7
:1067200002010020B0EB510F0CD1FFE7FEF70EFA8B
:106730000399401A032804D3FFE703208DF81700BC
:106740003BE2E7E743F60001C4F20201086820F0EB
:10675000F800049A126940EAC200086021E00021B2
:10676000C4F2472100200860FEF7F0F90390FFE72C
:1067700043F60000C4F20200006800F002010020AD
:10678000B0EB510F0CD0FFE7FEF7E0F90399401A88
:10679000032804D3FFE703208DF817000DE2E7E795
:1067A000FFE7FFE7FFE704980078000700284BD5D4
:1067B000FFE70498406918B3FFE740F68061C4F230
:1067C000472101200860FEF7C1F90390FFE743F677
:1067D0007400C4F20200006800F002010020B0EB77
:1067E000510F0CD1FFE7FEF7B1F90399401A0328C6
:1067F00004D3FFE703208DF81700DEE1E7E722E08E
:1068000040F68061C4F2472100200860FEF79EF93F
:106810000390FFE743F67400C4F20200006800F042
:1068200002010020B0EB510F0CD0FFE7FEF78EF90C
:106830000399401A032804D3FFE703208DF81700BB
:10684000BBE1E7E7FFE7FFE704980078400700288F
:1068500040F1CE80FFE700208DF8070043F64000AE
:10686000C4F202000068C000002815D4FFE7FFE76B
:106870000020009043F64000C4F20200016841F09D
:1068800080510160006800F0805000900098FFE7A0
:1068900001208DF80700FFE747F20000C4F2000076
:1068A0000068C005002822D4FFE747F20001C4F2C7
:1068B0000001086840F480700860FEF747F9039013
:1068C000FFE747F20000C4F200000068C00500289E
:1068D0000CD4FFE7FEF73AF90399401A032804D3D2
:1068E000FFE703208DF8170067E1EAE7FFE7FFE71E
:1068F00004988068012809D1FFE743F67001C4F2CB
:106900000201086840F0010008601FE004988068F8
:1069100005280DD1FFE743F67001C4F202010868B3
:1069200040F004000860086840F0010008600CE0D6
:1069300043F67001C4F20201086820F0010008600B
:10694000086820F004000860FFE7FFE7FFE704980D
:106950008068F8B1FFE7FEF7F9F80390FFE743F628
:106960007000C4F20200006800F002010020B0EBE9
:10697000510F0ED1FFE7FEF7E9F80399401A41F2F3
:106980008931884204D3FFE703208DF8170014E112
:10699000E5E71EE0FEF7DAF80390FFE743F6700044
:1069A000C4F20200006800F002010020B0EB510FB9
:1069B0000ED0FFE7FEF7CAF80399401A41F2893179
:1069C000884204D3FFE703208DF81700F5E0E5E7E0
:1069D000FFE79DF80700012809D1FFE743F64001D2
:1069E000C4F20201086820F080500860FFE7FFE76A
:1069F00004988069002800F0DC80FFE743F6080077
:106A0000C4F20200006800F00C00082800F0858045
:106A1000FFE70498806902285CD1FFE76021C4F297
:106A2000472100200860FEF791F80390FFE743F646
:106A30000000C4F20200006800F000710020B0EB1A
:106A4000516F0CD0FFE7FEF781F80399401A032835
:106A500004D3FFE703208DF81700AEE0E7E70499C1
:106A6000C869D1F820C04B6A8A6A40EA0C0040EA43
:106A70008310D2034FF6FF739A43A2F5803210437E
:106A8000C96A40EA016043F60401C4F202010860E9
:106A90006021C4F2472101200860FEF757F80390F7
:106AA000FFE743F60000C4F20200006800F0007146
:106AB0000020B0EB516F0CD1FFE7FEF747F80399C8
:106AC000401A032804D3FFE703208DF8170074E071
:106AD000E7E721E06021C4F2472100200860FEF7CB
:106AE00035F80390FFE743F60000C4F202000068A7
:106AF00000F000710020B0EB516F0CD0FFE7FEF703
:106B000025F80399401A032804D3FFE703208DF8E2
:106B1000170052E0E7E7FFE74AE0049880690128A0
:106B200004D1FFE701208DF8170046E043F604008A
:106B3000C4F202000068029004988069012831D0F4
:106B4000FFE7029800F480000499C969884229D1BE
:106B5000FFE7029800F03F000499096A884221D1BA
:106B6000FFE7029847F6C07108400499496AB0EB04
:106B7000811F17D1FFE7029800F440300499896A19
:106B8000C9034FF6FF729143A1F58031884209D1C4
:106B9000FFE7029800F070600499C96AB0EB016FDA
:106BA00004D0FFE701208DF8170006E0FFE7FFE7BC
:106BB000FFE700208DF81700FFE79DF8170006B0EB
:106BC00080BD000080B584B00290029820B9FFE734
:106BD00001208DF80F0072E00298406A60B9FFE76B
:106BE00002984068B0F5827F01D1FFE703E0029987
:106BF0000020C861FFE705E00299002008610299C2
:106C00004861FFE7029900208862029890F85100DD
:106C100040B9FFE70299002081F85000029800F087
:106C200053F8FFE70299022081F8510002980168A9
:106C3000086820F040000860029A019211685068CC
:106C4000D2F808C0D36800F482700CF4044C60449D
:106C500003F400631844136903F0020318445369F2
:106C600003F001031844936903F400731844D369D3
:106C700003F038031844136A03F080031843926A40
:106C800002F4005210430860029801688369426A66
:106C9000042000EA134002F01002104448600298F9
:106CA0000168C86920F40060C86102990020486545
:106CB000029A012182F851108DF80F00FFE79DF82C
:106CC0000F0004B080BD000080B58EB00D90002094
:106CD0000C900B900A90099008900D98006843F270
:106CE0000001C4F2010188425ED1FFE7FFE7002006
:106CF000079043F64400C4F20200016841F4805159
:106D00000160006800F4805007900798FFE7FFE7F4
:106D10000020069043F63000C4F20200016841F002
:106D200002010160006800F0020006900698FFE78B
:106D3000FFE70020059043F63000C4F2020001682E
:106D400041F001010160006800F001000590059824
:106D5000FFE7182008900220009009900020019081
:106D60000A90032002900B90052003900C9040F2B3
:106D70000040C4F2020008A90491FDF7F3FCDDF81D
:106D800000C0019B029A039804994FF0800ECDF841
:106D900020E0CDF824C00A930B920C900020C4F29E
:106DA0000200FDF7DFFCFFE70EB080BD80B58EB0BE
:106DB000DDF840C00C900B910A92ADF8263001200E
:106DC000059000208DF81300FFE70C9890F8500014
:106DD000012804D1FFE702208DF8370095E10C99D6
:106DE000012081F85000FFE7FFE7FDF7AFFE0690B6
:106DF0000C9890F851008DF81F000C98406808908E
:106E0000BDF82600ADF824009DF81F00012812D01F
:106E1000FFE70898B0F5827F09D1FFE70C988068FA
:106E200028B9FFE79DF81F00042804D0FFE70220DF
:106E30008DF813005AE10B9838B1FFE70A9820B19A
:106E4000FFE7BDF8260020B9FFE701208DF8130009
:106E50004CE10C9890F85100042805D0FFE70C99FC
:106E6000052081F85100FFE70C99002048650A9938
:106E70000C9A9163BDF826100C9AD187BDF82610A4
:106E80000C9A91870B990C9A1163BDF826100C9AF5
:106E9000D186BDF826100C9A91860C9908640C993D
:106EA00048640C980068006800F04000402807D053
:106EB000FFE70C980168086840F040000860FFE7B1
:106EC0000C98C068B0F5006F76D1FFE70C98406869
:106ED00028B1FFE7BDF8240001280ED1FFE70C9888
:106EE0000168006B0088C8600C99086B0230086369
:106EF0000C99C88E0138C886FFE7FFE70C98C18E51
:106F00000120029039B9FFE70C98C08F002818BF04
:106F100001200290FFE70298C00700284BD0FFE74E
:106F20000C98006880688007002818D5FFE70C9847
:106F3000C08EA0B1FFE70598012810D1FFE70C989B
:106F40000168006B0088C8600C99086B0230086308
:106F50000C99C88E0138C88600200590FFE70C9870
:106F600000688068C007A8B1FFE70C98C08F88B19F
:106F7000FFE70C980068C0680C99896B08800C9931
:106F8000886B023088630C99C88F0138C88701204C
:106F90000590FFE7FDF7DAFD0699401A109988423F
:106FA00008D3FFE71098013020B1FFE703208DF8E8
:106FB00013009BE0A2E778E00C98406828B1FFE757
:106FC000BDF8240001280ED1FFE70C980168006B82
:106FD000007808730C99086B013008630C99C88E0F
:106FE0000138C886FFE7FFE70C98C18E01200190A9
:106FF00039B9FFE70C98C08F002818BF0120019015
:10700000FFE70198C00700284ED0FFE70C98006802
:1070100080688007002818D5FFE70C98C08EA0B1C3
:10702000FFE70598012810D1FFE70C980168006B75
:10703000007808730C99086B013008630C99C88EAE
:107040000138C88600200590FFE70C98006880682A
:10705000C007A8B1FFE70C98C08F88B1FFE70C9874
:107060000068C0680C99896B08700C99886B0130B6
:1070700088630C99C88F0138C88701200590FFE705
:10708000FDF764FD0699401A1099884204D3FFE782
:107090001098013018B9FFE7109820B9FFE70320D6
:1070A0008DF8130022E09FE7FFE70C981099069AED
:1070B00006F0AAF838B1FFE701208DF813000C990B
:1070C0002020486512E00C98806870B9FFE7FFE760
:1070D000002003900C980068C06803900C9800682A
:1070E000806803900398FFE7FFE7FFE70C99012012
:1070F00081F85100FFE70C99002081F85000FFE76C
:107100009DF813008DF83700FFE79DF837000EB0AB
:1071100080BD000081B0009001B0704781B0009048
:1071200001B0704785B003900291FFE7039890F893
:107130003C00012804D1FFE702208DF813007EE017
:107140000399012081F83C00FFE7FFE70399022043
:1071500081F83D000398006840680190039800683A
:1071600080680090019820F07000019002980168FA
:1071700001980843019001980399096848600398B1
:1071800000680021C4F2010188423CD0FFE7039867
:107190000068B0F1804F36D0FFE70398006840F2F6
:1071A0000041C4F2000188422DD0FFE70398006837
:1071B00040F60001C4F20001884224D0FFE70398A2
:1071C000006840F60041C4F2000188421BD0FFE78E
:1071D0000398006840F20041C4F20101884212D0D5
:1071E000FFE70398006844F20001C4F201018842FD
:1071F00009D0FFE70398006841F60001C4F20001DE
:1072000088420ED1FFE7009820F08000009002989D
:1072100041680098084300900098039909688860C5
:10722000FFE70399012081F83D00FFE70399002063
:1072300081F83C00FFE700208DF81300FFE79DF880
:10724000130005B07047000080B582B00090009830
:1072500020B9FFE701208DF807003FE0009890F883
:107260003D0040B9FFE70099002081F83C000098FC
:1072700000F038F8FFE70099022081F83D000099FE
:1072800051F8040B06F052FB0099012081F84600EA
:10729000FFE70099012081F83E00009981F83F0046
:1072A000009981F84000009981F84100FFE7FFE76D
:1072B0000099012081F84200009981F8430000996B
:1072C00081F84400009981F84500FFE7009901200A
:1072D00081F83D0000208DF80700FFE79DF80700CA
:1072E00002B080BD84B003900398006840F60001AE
:1072F000C4F20001884212D1FFE7FFE700200290AC
:1073000043F64000C4F20200016841F0040101604C
:10731000006800F0040002900298FFE737E003984D
:10732000006840F60041C4F20001884212D1FFE734
:10733000FFE70020019043F64000C4F2020001681C
:1073400041F008010160006800F008000190019818
:10735000FFE71BE00398006844F20041C4F201011A
:10736000884212D1FFE7FFE70020009043F6440077
:10737000C4F20200016841F400310160006800F4C9
:10738000003000900098FFE7FFE7FFE7FFE704B059
:107390007047000083B00190019890F83D000128EB
:1073A00004D0FFE701208DF80B0064E00199022072
:1073B00081F83D00019800680021C4F20101884273
:1073C0003CD0FFE701980068B0F1804F36D0FFE76E
:1073D0000198006840F20041C4F2000188422DD0BB
:1073E000FFE70198006840F60001C4F200018842FE
:1073F00024D0FFE70198006840F60041C4F2000184
:1074000088421BD0FFE70198006840F20041C4F2B7
:107410000101884212D0FFE70198006844F20001A0
:10742000C4F20101884209D0FFE70198006841F6E3
:107430000001C4F20001884212D1FFE70198006800
:10744000806800F0070000900098062807D0FFE74A
:1074500001980168086840F001000860FFE706E055
:1074600001980168086840F001000860FFE700200B
:107470008DF80B00FFE79DF80B0003B0704700008C
:1074800083B00190019890F83D00012804D0FFE7F7
:1074900001208DF80B006AE00199022081F83D007F
:1074A00001980168C86840F00100C8600198006850
:1074B0000021C4F2010188423CD0FFE70198006836
:1074C000B0F1804F36D0FFE70198006840F20041EC
:1074D000C4F2000188422DD0FFE70198006840F611
:1074E0000001C4F20001884224D0FFE7019800683F
:1074F00040F60041C4F2000188421BD0FFE701982A
:10750000006840F20041C4F20101884212D0FFE756
:107510000198006844F20001C4F20101884209D0D8
:10752000FFE70198006841F60001C4F200018842BB
:1075300012D1FFE701980068806800F00700009012
:107540000098062807D0FFE701980168086840F016
:1075500001000860FFE706E001980168086840F054
:1075600001000860FFE700208DF80B00FFE79DF8A1
:107570000B0003B07047000080B586B00490039103
:1075800000208DF80B00FFE7049890F83C000128DC
:1075900004D1FFE702208DF81700ABE00499012029
:1075A00081F83C00FFE7FFE70499022081F83D00E5
:1075B0000498006880680190019820F0770001909D
:1075C000019820F47F40019001980499096888602F
:1075D000039800680090002872D0FFE700981028F8
:1075E0006ED0FFE7009820286AD0FFE70098302887
:1075F00066D0FFE70098402855D0FFE70098502854
:1076000037D0FFE70098602840D0FFE70098702847
:107610000BD0FFE70098B0F5805F05D0FFE700983A
:10762000B0F5005F16D052E055E004980068039B67
:107630005A689968DB6806F063FA04980068806805
:107640000190019840F07700019001980499096831
:10765000886040E004980068039B5A689968DB687A
:1076600006F04EFA04980168886840F4804088600B
:1076700031E004980068039A5168D26806F02CFC47
:1076800004980068502106F055FA24E00498006838
:10769000039A5168D26806F047FC0498006860219C
:1076A00006F048FA17E004980068039A5168D26817
:1076B00006F012FC04980068402106F03BFA0AE04C
:1076C000049800680399096806F034FA03E0012081
:1076D0008DF80B00FFE70499012081F83D00FFE7DA
:1076E0000499002081F83C00FFE79DF80B008DF81D
:1076F0001700FFE79DF8170006B080BD81B000902D
:1077000001B0704780B582B00190019800680069AF
:1077100000F002010020B0EB510F28D0FFE70198E4
:107720000068C06800F002010020B0EB510F1DD0CE
:10773000FFE7019801686FF00200086101990120DC
:107740000877019800688069800720B1FFE70198F9
:10775000FFF7D4FF06E0019800F076F9019800F0F9
:107760006BFAFFE7019900200877FFE7FFE7019830
:107770000068006900F004010020B0EB910F29D0EF
:10778000FFE701980068C06800F004010020B0EB3A
:10779000910F1ED0FFE7019801686FF004000861A7
:1077A00001990220087701980068806910F4407FF1
:1077B00004D0FFE70198FFF7A1FF06E0019800F071
:1077C00043F9019800F038FAFFE7019900200877A3
:1077D000FFE7FFE701980068006900F0080100205A
:1077E000B0EBD10F28D0FFE701980068C06800F027
:1077F00008010020B0EBD10F1DD0FFE70198016810
:107800006FF008000861019904200877019800686A
:10781000C069800720B1FFE70198FFF76FFF06E01E
:10782000019800F011F9019800F006FAFFE70199BC
:1078300000200877FFE7FFE701980068006900F083
:1078400010010020B0EB111F29D0FFE7019800685C
:10785000C06800F010010020B0EB111F1ED0FFE740
:10786000019801686FF010000861019908200877FD
:1078700001980068C06910F4407F04D0FFE70198C8
:10788000FFF73CFF06E0019800F0DEF8019800F0F9
:10789000D3F9FFE7019900200877FFE7FFE7019898
:1078A00000680069C00780B1FFE701980068C06800
:1078B000C00748B1FFE7019801686FF00100086157
:1078C000019800F0A3FAFFE7FFE70198006800695C
:1078D000C1B20020B0EBD11F13D0FFE701980068C0
:1078E000C068C1B20020B0EBD11F09D0FFE70198FA
:1078F00001686FF0800008610198FFF70BFCFFE75B
:10790000FFE701980068006900F040010020B0EB3B
:10791000911F14D0FFE701980068C06800F0400193
:107920000020B0EB911F09D0FFE7019801686FF0CC
:1079300040000861019800F077FAFFE7FFE701983F
:107940000068006900F020010020B0EB511F14D046
:10795000FFE701980068C06800F020010020B0EB4C
:10796000511F09D0FFE7019801686FF020000861FE
:107970000198FFF7D3FBFFE7FFE702B080BD0000EF
:1079800080B588B007900020069005900490039081
:1079900002900798006840F60001C4F20001884296
:1079A00023D1FFE7FFE70020019043F63000C4F247
:1079B0000200016841F008010160006800F0080061
:1079C00001900198FFE74FF480400290022003905D
:1079D0000121049103210591069040F60040C4F274
:1079E000020002A9FCF7BEFE2BE00798006844F2F3
:1079F0000041C4F20101884222D1FFE7FFE70020E5
:107A0000009043F63000C4F20200016841F020010A
:107A10000160006800F0200000900098FFE740201F
:107A2000029002200390012104910590032006900A
:107A300041F20040C4F2020002A9FCF793FEFFE706
:107A4000FFE708B080BD000081B0009001B0704732
:107A500080B586B004900391029200208DF8070053
:107A6000FFE7049890F83C00012804D1FFE70220CA
:107A70008DF8170089E00499012081F83C00FFE7A8
:107A8000FFE7029800900C2800F270800099DFE870
:107A900001F0076D6D6D206D6D6D3A6D6D6D53006C
:107AA00004980068039906F05BF8049801688869F7
:107AB00040F00800886104980168886920F004009B
:107AC0008861039802690498016888691043886195
:107AD00050E004980068039906F0B8F8049801682B
:107AE000886940F40060886104980168886920F41E
:107AF000806088610398026904980168886940EA97
:107B00000220886136E004980068039906F018F9AD
:107B100004980168C86940F00800C86104980168C9
:107B2000C86920F00400C8610398026904980168DC
:107B3000C8691043C8611DE004980068039906F005
:107B400079F904980168C86940F40060C861049834
:107B50000168C86920F48060C861039802690498CC
:107B60000168C86940EA0220C86103E001208DF87D
:107B70000700FFE7FFE70499002081F83C00FFE7DA
:107B80009DF807008DF81700FFE79DF8170006B075
:107B900080BD000080B582B00090009820B9FFE75A
:107BA00001208DF807003FE0009890F83D0040B9B3
:107BB000FFE70099002081F83C00009800F038F8B9
:107BC000FFE70099022081F83D00009951F8040B6D
:107BD00005F0ACFE0099012081F84600FFE700990E
:107BE000012081F83E00009981F83F00009981F85A
:107BF0004000009981F84100FFE7FFE7009901206C
:107C000081F84200009981F84300009981F844000E
:107C1000009981F84500FFE70099012081F83D00B7
:107C200000208DF80700FFE79DF8070002B080BD37
:107C300081B0009001B0704781B0009001B07047F2
:107C400080B58CB00A900991099828B9FFE70A9885
:107C500090F83E0007901CE00998042805D1FFE742
:107C60000A9890F83F00069010E00998082805D17E
:107C7000FFE70A9890F84000059004E00A9890F811
:107C800041000590FFE705980690FFE706980790EA
:107C9000FFE70798012804D0FFE701208DF82F00A7
:107CA000AFE0099828B9FFE70A99022081F83E0061
:107CB0001EE00998042806D1FFE70A99022081F8FE
:107CC0003F00049012E00998082806D1FFE70A99BE
:107CD000022081F84000039005E00A99022081F813
:107CE00041000390FFE703980490FFE70498FFE743
:107CF0000A98006809990122019205F0E5FE0198B1
:107D00000A9909680022C4F20102914202900CD043
:107D1000FFE70A9800684FF60041CBF6FE71084471
:107D2000B0FA80F040090290FFE70298C00738B12E
:107D3000FFE70A980168486C40F400404864FFE798
:107D40000A9800680021C4F2010188423CD0FFE794
:107D50000A980068B0F1804F36D0FFE70A980068B3
:107D600040F20041C4F2000188422DD0FFE70A989A
:107D7000006840F60001C4F20001884224D0FFE709
:107D80000A98006840F60041C4F2000188421BD006
:107D9000FFE70A98006840F20041C4F201018842FE
:107DA00012D0FFE70A98006844F20001C4F2010112
:107DB000884209D0FFE70A98006841F60001C4F242
:107DC0000001884212D1FFE70A980068806800F03D
:107DD000070008900898062807D0FFE70A9801686E
:107DE000086840F001000860FFE706E00A980168B3
:107DF000086840F001000860FFE700208DF82F00C0
:107E0000FFE79DF82F000CB080BD000080B582B068
:107E1000019001980068B0F1804F03D1FFE7FCF7B3
:107E20009BFEFFE702B080BD81B0009001B07047BB
:107E300080B582B00190ADF802100198006841F25F
:107E40000041C4F20101884206D1FFE70198BDF864
:107E500002100AF04FFC0FE00198006844F60001A0
:107E6000C4F20001884206D1FFE70198BDF8021074
:107E70000AF0E8FBFFE7FFE701990120086301989A
:107E80000168C86840F01000C8600198016848693E
:107E900040F0400048610198806B0168086840F03C
:107EA0000100086002B080BD81B0009001B0704751
:107EB00080B592B0119011980068006810901198E8
:107EC0000068C0680F901198006840690E9000200B
:107ED0000D900C90109800F00F000D900D9888B93F
:107EE000FFE79DF84000800600280AD5FFE79DF8CF
:107EF0003C008006002804D5FFE7119806F0ACF896
:107F0000E3E1FFE70D98002800F0C280FFE79DF84D
:107F10003800C00738B9FFE7BDF83C0010F4907F87
:107F200000F0B680FFE79DF84000C00758B1FFE7BA
:107F30009DF83D00C00730B1FFE71199086C40F093
:107F400001000864FFE79DF84000400700280BD5BA
:107F5000FFE79DF83800C00730B1FFE71199086CC2
:107F600040F002000864FFE79DF840008007002809
:107F70000BD5FFE79DF83800C00730B1FFE7119936
:107F8000086C40F004000864FFE79DF8400000071B
:107F9000002811D5FFE79DF83C008006002805D495
:107FA000FFE79DF83800C00730B1FFE71199086C72
:107FB00040F008000864FFE71198006C002866D0C4
:107FC000FFE79DF84000800600280AD5FFE79DF8EE
:107FD0003C008006002804D5FFE7119806F03CF825
:107FE000FFE7119800684069C0F380100C90119869
:107FF000006C0007002804D4FFE70C9800283ED04E
:10800000FFE7119805F0CAFF119800684069400623
:1080100000282FD5FFE7FFE7FFE71198006850E839
:10802000050F20F040000B90FFE70B9911980268B4
:1080300042E805100028F0D1FFE7FFE71198806BB8
:1080400098B1FFE71198816B4DF67D70C0F6000086
:1080500008651198806BFCF7D7F828B1FFE71198F5
:10806000806B016D8847FFE703E01198FFF71CFF65
:10807000FFE703E01198FFF717FFFFE706E011980D
:10808000FFF712FF119900200864FFE7FFE71CE1EA
:108090001198006B012840F0F880FFE79DF8400040
:1080A000C006002840F1F180FFE79DF83C00C006C3
:1080B000002840F1EA80FFE7FFE700200A901198CE
:1080C000006800680A901198006840680A900A9851
:1080D000FFE7119800684069400600287ED5FFE759
:1080E0001198806B00684068ADF82600BDF8260046
:1080F000002872D0FFE7BDF826001199898D8842CB
:108100006BDAFFE7BDF826001199C8851198806BDE
:10811000C069B0F5807F58D0FFE7FFE7FFE711980F
:10812000006850E8030F20F480700890FFE708997A
:108130001198026842E803100028F0D1FFE7FFE73A
:10814000FFE7FFE71198006850E8050F20F00100F5
:108150000790FFE707991198026842E80510002888
:10816000F0D1FFE7FFE7FFE7FFE71198006850E86D
:10817000050F20F040000690FFE70699119802686D
:1081800042E805100028F0D1FFE7FFE71199202011
:1081900081F83E00119900200863FFE7FFE711987E
:1081A000006850E8030F20F010000590FFE70599E4
:1081B0001198026842E803100028F0D1FFE7FFE7BA
:1081C0001198806BFBF7AAFFFFE71198818DC28D94
:1081D000891A89B2FFF72CFEFFE776E01199888DA6
:1081E000C98D401AADF812001198C08D00284BD0EF
:1081F000FFE7BDF81200002846D0FFE7FFE7FFE7E2
:108200001198006850E8030F20F490700390FFE786
:1082100003991198026842E803100028F0D1FFE7A3
:10822000FFE7FFE7FFE71198006850E8050F20F02F
:1082300001000290FFE702991198026842E80510D8
:108240000028F0D1FFE7FFE71199202081F83E00D8
:10825000119900200863FFE7FFE71198006850E8D4
:10826000030F20F010000190FFE7019911980268B8
:1082700042E803100028F0D1FFE7FFE71198BDF8AE
:108280001210FFF7D5FDFFE71FE09DF84000000644
:1082900000280AD5FFE79DF83C000006002804D519
:1082A000FFE7119806F028F80FE09DF8400040061F
:1082B00000280AD5FFE79DF83C004006002804D5B9
:1082C000FFE7119805F0B4FEFFE712B080BD000093
:1082D00080B582B00090009820B9FFE701208DF8AA
:1082E00007003EE00098806908B1FFE700E0FFE783
:1082F000009890F83D0040B9FFE70099002081F810
:108300003C00009800F032F8FFE70099242081F843
:108310003D0000980168C86820F40050C8600098CB
:1083200005F04CFF00980168086920F4904008614E
:1083300000980168486920F02A00486100980168A7
:10834000C86840F40050C860009900200864009A92
:10835000202182F83D10009A82F83E108DF8070027
:10836000FFE79DF8070002B080BD000080B59CB01B
:108370001B9000201A9019901890179016901B9837
:10838000006841F20001C4F20101884240F0BB8064
:10839000FFE7FFE70020159043F64400C4F2020017
:1083A000016841F010010160006800F010001590B4
:1083B0001598FFE7FFE70020149043F63000C4F261
:1083C0000200016841F002010160006800F0020053
:1083D00014901498FFE7FFE70020139043F6300055
:1083E000C4F20200016841F001010160006800F080
:1083F000010013901398FFE7802016900220099047
:10840000179000200D90189003200A9019900720D3
:108410000B901A9040F20040C4F2020016A90C9191
:10842000FCF7A0F9DDF824C00A9A0B980C990D9B73
:108430004FF4007ECDF858E0CDF85CC01893199247
:108440001A900020C4F20200FCF78CF90D9943F257
:108450002040C2F200000E9046F24042C4F20202F6
:1084600002604FF0006242608160C1604FF4806240
:10847000026141618161C16101624162FCF776F88C
:1084800018B1FFE7FAF72EFBFFE7FFE71B9843F26F
:108490002041C2F2000181631B988863FFE743F229
:1084A0008040C2F20000089046F2B841C4F20201D6
:1084B00001604FF000614160402181600021C16096
:1084C0004FF48062026141618161C1610162416278
:1084D000FCF74CF818B1FFE7FAF704FBFFE7FFE7FA
:1084E0001B9843F28041C2F2000141631B988863EC
:1084F000FFE72520079005210022FCF703FC0798E1
:10850000FCF7F6FB10E11B98006844F60001C4F28A
:10851000000188426AD1FFE7FFE70020129043F68E
:108520004000C4F20200016841F48021016000684B
:1085300000F4802012901298FFE7FFE700201190CE
:1085400043F63000C4F20200016841F0040101600A
:10855000006800F0040011901198FFE74FF44060AC
:108560001690022017900020059018900320199073
:1085700007201A9040F60000C4F2020016A9FCF78A
:10858000F1F8059943F2E040C2F20000069046F28D
:108590002802C4F2020202604FF000624260816071
:1085A000C1604FF480620261416181614FF4807269
:1085B000C26101624162FBF7D9FF18B1FFE7FAF728
:1085C00091FAFFE7FFE71B9843F2E041C2F2000196
:1085D00081631B988863FFE7272004900521002210
:1085E000FCF790FB0498FCF783FB9CE01B98006869
:1085F00041F20041C4F20101884240F09380FFE75C
:10860000FFE70020109043F64400C4F20200016826
:1086100041F020010160006800F0200010901098E7
:10862000FFE7FFE700200F9043F63000C4F202009E
:10863000016841F040010160006800F040000F90C7
:108640000F98FFE74FF48440169002201790002007
:10865000029018900320199008201A9041F600000B
:10866000C4F2020016A9FCF77DF8029943F24050CB
:10867000C2F20000039046F22842C4F202020260F5
:108680004FF0206242608160C1604FF480620261FD
:1086900041618161C16101624162FBF767FF18B10D
:1086A000FFE7FAF71FFAFFE7FFE71B9843F2405195
:1086B000C2F2000181631B988863FFE743F2A05078
:1086C000C2F20000019046F2A041C4F20201016032
:1086D0004FF020614160402181600021C1604FF472
:1086E0008062026141618161C16101624162FBF7A7
:1086F0003DFF18B1FFE7FAF7F5F9FFE7FFE71B9831
:1087000043F2A051C2F2000141631B988863FFE766
:108710004720009005210022FCF7F4FA0098FCF7AE
:10872000E7FAFFE7FFE7FFE71CB080BD81B00090EC
:1087300001B0704780B58AB008900791ADF81A2053
:10874000059300200290089890F83D00202840F002
:108750009080FFE7079820B1FFE7BDF81A0020B925
:10876000FFE701208DF8270087E0FFE7089890F8E1
:108770003C00012804D1FFE702208DF827007CE0AF
:108780000899012081F83C00FFE7FFE708990020E5
:1087900008640899212081F83D00FCF7D7F9029080
:1087A000BDF81A0008998884BDF81A000899C88491
:1087B00008988068B0F5805F09D1FFE708980069E4
:1087C00028B9FFE7002004900798039004E0079879
:1087D000049000200390FFE7FFE70899002081F84C
:1087E0003C00FFE7FFE70898C08C58B3FFE7089804
:1087F000029B05996A4611608021002205F0C6FDA2
:1088000020B1FFE703208DF8270036E0049858B91F
:10881000FFE7039800886FF35F20089909684860B4
:1088200003980230039008E00498007808990968DA
:108830004860049801300490FFE70899C88C01381B
:10884000C884D0E70898029B05996A4611604021C8
:10885000002205F09BFD20B1FFE703208DF82700E3
:108860000BE00899202081F83D0000208DF82700BA
:1088700003E002208DF82700FFE79DF827000AB0EB
:1088800080BD000084B002900191ADF802200298F2
:1088900090F83D0020283ED1FFE7019820B1FFE786
:1088A000BDF8020020B9FFE701208DF80F0036E087
:1088B000FFE7029890F83C00012804D1FFE702206E
:1088C0008DF80F002BE00299012081F83C00FFE7B2
:1088D000FFE7019802990862BDF8020002998884B6
:1088E000BDF802000299C884029900200864029928
:1088F000212081F83D00FFE70299002081F83C002B
:10890000FFE702980168C86840F08000C860002056
:108910008DF80F0003E002208DF80F00FFE79DF8AF
:108920000F0004B07047000081B0009001B07047A4
:1089300080B584B00020039002900190FCF706F906
:1089400002902420C4F20000006801900298019A6D
:108950004FF47A7100FB01200390039804B080BDAE
:10896000FFE7FEE780B582B0ADF80600BDF806204F
:1089700043F66430C2F20000002109F019FF02B092
:1089800080BD000080B582B040F2AC70C2F2000041
:10899000009040F21C21C2F20001019100F080FE23
:1089A00000980199203000F07BFE0098019940303A
:1089B00000F076FE41F6BC30C2F2000040F2EC322C
:1089C000C2F20002022101F02DFF40F67850C2F2FF
:1089D000000040F25821C2F2000140F2E822C2F247
:1089E0000002B2EE040ADFED040A9FED041A02F061
:1089F00089FF02B080BD00BF6F12833A0024744922
:108A000080B588B0079000200690FFF7BBFFFFE716
:108A10000BF04AFD069040F29850C2F2000002901E
:108A2000F8F760FF029890ED010A40F2AC70C2F2D4
:108A30000000019000F048FE0198029940F60C02F7
:108A4000C2F20002059282ED100A4032039291EDCB
:108A5000030A403000F038FE01980299059A82ED31
:108A6000120A91ED020A203000F02EFEDDF808C057
:108A7000039A059981ED110ADCF81000DCF8143036
:108A8000DCF818C0C1F83CC08B6341F8340F40F6E5
:108A90007850C2F2000004909FED4D0A02F0B2FF40
:108AA00004990598D1F89821D1F89C31D1F8A0C14A
:108AB000C0F830C0C362826291ED680A9FED451A2A
:108AC00020EE010A80ED010A91ED660A20EE010A0E
:108AD00080ED000A91ED670A20EE010A80ED020A9E
:108AE00090ED040A90ED131A30EE410A9FED3A1A08
:108AF000B4EE410AF1EE10FA0ADAFFE740F60C0193
:108B0000C2F20001B1F850000130A1F850001CE0A1
:108B100040F60C00C2F2000090ED040A90ED131A2A
:108B200030EE410A9FED2D1AB4EE410AF1EE10FA33
:108B30000ADDFFE740F60C01C2F20001B1F8500077
:108B40000138A1F85000FFE7FFE740F60C00C2F241
:108B5000000000900169C16490ED041AB0F9501052
:108B600000EE101AB8EEC00A9FED1D2A20EE020A90
:108B700030EE010A80ED050A90ED0D0A9FED151A01
:108B800020EE010A80ED070A90ED0F0A20EE010A9F
:108B900080ED080A90ED0E0A20EE010A80ED090A28
:108BA00006984CF6CD41CCF6CC414843B0F1333F6A
:108BB00009D8FFE740F29850C2F2000090ED070A92
:108BC000F9F70AF8FFE706A801210BF04FFC1FE7B1
:108BD0006F12833AE12E6542000034C30000344333
:108BE0000000B44383B0029001918DF8032000206F
:108BF0008DF802008DF80200FFE79DF802009DF855
:108C00000310884229DAFFE70298000F092809D8E3
:108C1000FFE70298000F303001999DF8022001F81B
:108C2000120009E00299372000EB117001999DF8BC
:108C3000022001F81200FFE702980001029001985B
:108C40009DF8021000EB410100204870FFE79DF8FD
:108C5000020001308DF80200CFE703B0704700003A
:108C600080B584B003908DF80B108DF80A208DF834
:108C700009300399042008800399082048809DF852
:108C80000B0020B1FFE79DF8090028B9FFE7039921
:108C9000FE2081F8C400FFE79DF80B0003990871DE
:108CA0009DF80A00039948719DF80900039988719D
:108CB000039900200862039901F1180001F12003D3
:108CC000012201921146F7F713FC039800889DF8E2
:108CD00009104843F8F754F80399C8600399C86825
:108CE00009889DF809205143F8F7D5F903980088C1
:108CF0009DF80B104843F8F743F80399C1F8C800F2
:108D00000399D1F8C80009889DF80B205143F8F762
:108D1000C2F9019A039B03F12C001979D3F8C830EA
:108D2000F7F7E6FB039800889DF80B104843F8F727
:108D300027F80399C1F8CC000399D1F8CC00098831
:108D40009DF80B205143F8F7A6F9019A039B03F114
:108D500034001979D3F8CC30F7F7CAFB03980088B0
:108D60009DF809104843F8F70BF80399C1F8D400AF
:108D70000399D1F8D40009889DF809205143F8F7E8
:108D80008AF9019A039B03F144009979D3F8D4300E
:108D9000F7F7AEFB03984079002850D0FFE703981F
:108DA00000889DF80A104843F7F7EAFF0399086125
:108DB0000399086909889DF80A205143F8F76BF96F
:108DC000039800889DF80A104843F7F7D9FF0399E4
:108DD000C1F8D0000399D1F8D00009889DF80A2085
:108DE0005143F8F758F9039A02F13C005179D2F84F
:108DF000D0300122F7F77CFB039800889DF80B1018
:108E000048439DF80A104843F7F7BAFF0399C1F8A1
:108E1000D8000399D1F8D80009889DF80B20514358
:108E20009DF80A205143F8F736F9039B03F14C00F3
:108E300019795A79D3F8D830F7F75AFBFFE7039836
:108E400000889DF80B1048434843F7F799FF0399B2
:108E5000C1F8DC000399D1F8DC0009889DF80B20EB
:108E600051435143F8F717F9039901F154000A7976
:108E7000D1F8DC301146F7F73BFB039800889DF8EA
:108E80000B1048434843F7F77BFF0399C1F8E00014
:108E90000399D1F8E00009889DF80B205143514314
:108EA000F8F7F9F8039901F15C000A79D1F8E0309C
:108EB0001146F7F71DFB039800889DF809104843F9
:108EC0009DF80B104843F7F75BFF0399C1F8E400E6
:108ED0000399D1F8E40009889DF8092051439DF8D1
:108EE0000B205143F8F7D7F8039B03F164001A797C
:108EF0009979D3F8E430F7F7FBFA039800889DF8E6
:108F00000B1048439DF809104843F7F739FF0399C0
:108F1000C1F8E8000399D1F8E80009889DF80B2012
:108F200051439DF809205143F8F7B5F8039B03F12D
:108F30006C0019799A79D3F8E830F7F7D9FA0398E1
:108F400000889DF80B1048434843F7F719FF039931
:108F5000C1F8EC000399D1F8EC0009889DF80B20CA
:108F600051435143F8F797F8039901F174000A79D6
:108F7000D1F8EC301146F7F7BBFA039800889DF85A
:108F80000B1048434843F7F7FBFE0399C1F8F00084
:108F90000399D1F8F00009889DF80B205143514303
:108FA000F8F779F8039901F17C000A79D1F8F030EB
:108FB0001146F7F79DFA039800889DF80B10484377
:108FC0004843F7F7DDFE0399C1F8F4000399D1F89F
:108FD000F40009889DF80B2051435143F8F75BF8E2
:108FE000039901F184000A79D1F8F4301146F7F7BA
:108FF0007FFA039800889DF8091048434843F7F723
:10900000BFFE0399C1F8F8000399D1F8F800098868
:109010009DF8092051435143F8F73DF8039901F1B8
:109020008C008A79D1F8F8301146F7F761FA039885
:1090300000889DF80B1048439DF809104843F7F746
:109040009FFE0399C1F8FC000399D1F8FC00098840
:109050009DF80B2051439DF809205143F8F71BF868
:10906000039B03F1940019799A79D3F8FC30F7F750
:109070003FFA03990888097948434843F7F780FE87
:109080000399C1F80001039AD2F8000111881279FE
:1090900051435143F7F7FFFF039901F19C000A790F
:1090A000D1F800311146F7F723FA039908880979B6
:1090B00048434843F7F764FE0399C1F80401039A53
:1090C000D2F804011188127951435143F7F7E3FFB5
:1090D000039901F1A4000A79D1F804311146F7F798
:1090E00007FA03990888097948434843F7F748FE87
:1090F0000399C1F80801039AD2F80801118812797E
:1091000051435143F7F7C7FF039901F1AC000A79C6
:10911000D1F808311146F7F7EBF903990888097976
:109120004843F7F72DFE0399C1F80C01039AD2F8D2
:109130000C01118812795143F7F7ADFF039A02F140
:10914000B4001179D2F80C3101220092F7F7D0F96E
:109150000399088809794843F7F712FE0399C1F883
:109160001001039AD2F81001118812795143F7F7D0
:1091700092FF009A039B03F1BC001979D3F81031D8
:10918000F7F7B6F9039800889DF80B104843F7F7F6
:10919000F7FD0399C1F834010399D1F83401098826
:1091A0009DF80B205143F7F776FF04B080BD000017
:1091B00080B582B00190019890F814018008C00732
:1091C00008B1FFE771E0019901F164006C31F7F734
:1091D0004DFD019981F8C4000199B1F86400A1F82E
:1091E000A4000199B1F87E00A1F8A600019A02F14D
:1091F000640002F17C01A432F7F716FC019981F8B2
:10920000C4000199B1F8A400A1F8AC000199B1F82B
:109210006E00A1F8AE00019A02F1A40002F16C0107
:10922000AC32F7F701FC019981F8C4000199B1F85B
:109230008C00A1F89C000199B1F88E00A1F89E0065
:10924000019A02F1AC0002F18C019C32F7F7CCF8E4
:10925000019981F8C400019901F19C00AC31F7F744
:109260004BF9019981F8C4000199B1F87C00A1F88B
:10927000A4000199B1F86E00A1F8A600019A02F1CC
:109280007C0002F16C01A432F7F7CEFB019981F862
:10929000C400019A02F1A40002F1AC019432F7F784
:1092A000C3FB019981F8C400FFE702B080BD000054
:1092B00080B582B00190019BD3F8D400D9681A8898
:1092C0009B795A43F7F78BFE019AD06811889279FF
:1092D0005143F7F7E0FE0198407901280ADBFFE7E8
:1092E000019BD3F8D00019691A885B795A43F7F7C4
:1092F00076FEFFE702B080BD80B582B00190019894
:1093000090F814010009C00708B1FFE735E00199A2
:10931000B1F89400A1F8A4000199B1F86600A1F891
:10932000A600019A02F1940002F16401A432F7F759
:109330007BFB019981F8C4000199B1F8A400A1F860
:10934000AC000199B1F87E00A1F8AE00019A02F1DB
:10935000A40002F17C01AC32F7F766FB019981F8B9
:10936000C400019A02F17C0002F1AC017432F7F7FB
:10937000F9FB019981F8C400FFE702B080BD00004D
:1093800080B582B00190019890F814014008C007A0
:1093900008B1FFE734E0019901F154005C31F7F7BF
:1093A00065FC019981F8C400019A02F1540002F1B0
:1093B00074017C32F7F738FB019981F8C4000199F8
:1093C000B1F87C00A1F8A4000199B1F85E00A1F801
:1093D000A600019A02F17C0002F15C01A432F7F7C9
:1093E00023FB019981F8C400019A02F1A40002F163
:1093F00084017C32F6F7F8FF019981F8C400FFE799
:1094000002B080BD80B582B001900198FFF750FF97
:109410000198D0F8180128B1FFE70198D0F8181189
:109420008847FFE7019800F0AFF80198D0F81C01D9
:1094300028B1FFE70198D0F81C118847FFE7019891
:10944000FFF79EFF0198D0F8200128B1FFE70198AF
:10945000D0F820118847FFE70198FFF7A9FE01988F
:10946000D0F8240128B1FFE70198D0F824118847EB
:10947000FFE7019800F030F80198D0F8280128B1F2
:10948000FFE70198D0F828118847FFE70198FFF718
:1094900033FF0198D0F82C0128B1FFE70198D0F8EC
:1094A0002C118847FFE70198D0F8300128B1FFE779
:1094B0000198D0F830118847FFE7019BD3F83401B9
:1094C000D3F8C8101A881B795A43F7F788FD01981A
:1094D000D0F8340102B080BD80B582B0019001980F
:1094E00090F81401C008C00708B1FFE74AE00199ED
:1094F000B1F86400A1F8B400019901200090A1F82E
:10950000B600019A02F1640002F13401B432F7F7B7
:109510008BFA01460098019A82F8C410019AB2F8B9
:109520004410A2F8BC100199A1F8BE00019A02F102
:10953000440002F1B401BC32F7F714FB0146009875
:10954000019A82F8C410019AB2F89410A2F8B410EB
:109550000199A1F8B600019901F1940001F1B4025A
:10956000BC31F7F761FA019981F8C400019901F162
:109570002C0201F13400B431F6F736FF019981F87D
:10958000C400FFE702B080BD80B582B001900198B1
:1095900090F81401C00708B1FFE744E00198407952
:1095A000012834DBFFE701990879A1F8B40001999B
:1095B00001200090A1F8B600019A02F12C0102F1FD
:1095C0005400B432F7F730FA01460098019A82F855
:1095D000C410019A1179A2F8B4100199A1F8B6004B
:1095E000019A02F14C0002F13C01BC32F7F71CFA7F
:1095F000019981F8C400019A02F1B40002F1BC01A2
:109600003432F6F7F1FE019981F8C4000BE0019ABB
:1096100002F12C0102F154003432F7F705FA0199F6
:1096200081F8C400FFE702B080BD000082B0019065
:109630008DED000A00980199C860019900204860EA
:109640000199886002B0704782B001908DED000AE8
:1096500000980199486001980078C00738B9FFE781
:10966000019948688860019901200870FFE7019816
:1096700090ED013A90ED022A90ED030AB7EE001A40
:1096800031EE401A21EE031A20EE020A30EE010AF2
:1096900080ED020A019890ED020A02B070470000C6
:1096A00082B0019000910199009B18685A689B68EC
:1096B000CB618A6148610199002048600199086185
:1096C000C860886002B0704782B001908DED000ADA
:1096D00000980199486001980078C00768B9FFE7D1
:1096E00001994868886001994868C860019948688C
:1096F0000861019901200870FFE70199C868886036
:1097000001990869C860019890ED012A90ED024A1C
:1097100090ED033A90ED050A90ED061A21EE041A39
:1097200020EE030A30EE011A90ED070A20EE020A3D
:1097300030EE010A80ED040A019890ED040A02B0AF
:109740007047000080B5F8F765FBA820F8F7F8FA35
:10975000F8F7A0FAF8F738FB00F0EEFBF8F7ACF9F1
:1097600080BD000080B586B0002200920592049270
:109770000392029243F24030C2F20000019042F2A2
:109780000001C4F2010101604FF480314160826048
:109790000261027680F82020C2620121C0F60071C9
:1097A0008162C2600121C16180F830204161F9F716
:1097B00009FD18B1FFE7F9F795F9FFE710200290CE
:1097C000012003900020049043F24030C2F20000D8
:1097D00002A9F9F7EBFB18B1FFE7F9F783F9FFE707
:1097E00006B080BD80B586B000220092059204923A
:1097F0000392029243F28830C2F20000019042F2DA
:109800000021C4F2010101604FF4803141608260A7
:109810000261027680F82020C2620121C0F6007148
:109820008162C2600121C16180F830204161F9F795
:10983000C9FC18B1FFE7F9F755F9FFE708200290D6
:10984000012003900020049043F28830C2F200000F
:1098500002A9F9F7ABFB18B1FFE7F9F743F9FFE706
:1098600006B080BD80B582B043F2D030C2F20000B5
:10987000019046F20041C4F2000101600321416001
:1098800000218160C1604FF4102202614FF4001288
:1098900042610176012242768176C1760177417775
:1098A000FAF7F0F918B1FFE7F9F71CF9FFE702B092
:1098B00080BD000080B582B043F2F830C2F20000F3
:1098C000019046F60001C4F20001016003214160ED
:1098D00000218160C1604FF4102202614FF4001238
:1098E00042610176012242768176C1760177417725
:1098F000FAF7C8F918B1FFE7F9F7F4F8FFE702B093
:1099000080BD000080B58AB0FFE70020099043F6D3
:109910003000C4F20200016841F4001101600068E7
:1099200000F4001009900998FFE7FFE70020089075
:1099300043F63000C4F20200016841F48001016086
:10994000006800F4800008900898FFE70C20019060
:109950000521059100220692FBF7D4F90198FBF747
:10996000C7F90599069A39200290FBF7CBF90298BE
:10997000FBF7BEF90599069A3A200390FBF7C2F966
:109980000398FBF7B5F90599069A45200490FBF773
:10999000B9F90498FBF7ACF90599069A46200790A7
:1099A000FBF7B0F90798FBF7A3F90AB080BD0000F8
:1099B000B0B59EB048F6B030C0F60100016842680C
:1099C0008368D0F80CC0D0F810E044691C94CDF83E
:1099D0006CE0CDF868C019931892179180691D90BA
:1099E00017A8002101910AF071FD019941F6B832E2
:1099F000C2F20002106048F69430C0F6010002681E
:109A00004368D0F808C0D0F80CE0046945691595A2
:109A10001494CDF84CE0CDF848C0119310928069B1
:109A2000169010A80AF052FD019941F6B432C2F224
:109A30000002106048F67830C0F601000268436802
:109A4000D0F808C0D0F80CE0046945690E950D9473
:109A5000CDF830E0CDF82CC00A93099280690F90C0
:109A600009A80AF033FD019941F6B032C2F20002B2
:109A7000106048F65C30C0F6010002684368D0F818
:109A800008C0D0F80CE00469456907950694CDF844
:109A900014E0CDF810C0039302928069089002A8E8
:109AA0000AF014FD41F22071C2F2000108601EB0FC
:109AB000B0BD000080B594B00020139012901190BA
:109AC00010900F90FFE700200E9043F63000C4F294
:109AD0000200016841F002010160006800F002002C
:109AE0000E900E98FFE7FFE700200D9043F6300040
:109AF000C4F20200016841F040010160006800F01A
:109B000040000D900D98FFE7FFE700200C9043F612
:109B10003000C4F20200016841F0080101600068F1
:109B200000F008000C900C98FFE7FFE700200B9076
:109B300043F63000C4F20200016841F00401016004
:109B4000006800F004000B900B98FFE7FFE700208F
:109B50000A9043F63000C4F20200016841F00101AE
:109B60000160006800F001000A900A98FFE7FFE733
:109B70000020099043F63000C4F20200016841F071
:109B800080010160006800F0800009900998FFE7FB
:109B9000FFE70020089043F63000C4F2020001689D
:109BA00041F020010160006800F020000890089852
:109BB000FFE70020C4F2020002901021019101226F
:109BC0000392FAF7ABFF039A40F20040C4F202009E
:109BD00005901146FAF7A2FF019A029803990F9295
:109BE000109111910221049112910FA90691FAF797
:109BF000B9FD0398069930220F924FF40412109287
:109C0000119040F60000C4F20200FAF7ABFD039B8E
:109C1000049A059806990F93109311931292FAF7EC
:109C2000A1FD1720079005210022FBF76BF807988C
:109C3000FBF75EF814B080BD80B582B043F60C30FF
:109C4000C2F20000019043F20001C4F20101016080
:109C50004FF48271416000218160C1600161012285
:109C600042614FF4007282611022C261016241625E
:109C700081620A21C162FCF7A5FF18B1FFE7F8F77E
:109C800031FFFFE702B080BD80B588B000210091B0
:109C9000079106910591049103910291019143F678
:109CA0006430C2F2000044F20042C4F201020260D9
:109CB0004160816040F2CF72C26001618161FDF755
:109CC000C3FA18B1FFE7F8F70DFFFFE743F664307A
:109CD000C2F20000FDF75EFF18B1FFE7F8F702FFE0
:109CE000FFE760200190002202920392059243F662
:109CF0006430C2F2000001A9FDF7AAFE18B1FFE727
:109D0000F8F7F0FEFFE743F66430C2F20000FDF71B
:109D100037FE08B080BD000080B58EB000210091F4
:109D20000D910C910B910A9109910891079106915F
:109D30000591049103910291019143F6F430C2F22E
:109D4000000040F60002C4F200020260416081603F
:109D500045F20722C26001618161FDF775FA18B111
:109D6000FFE7F8F7BFFEFFE74FF480500A9043F695
:109D7000F430C2F200000AA9FDF7FEFB18B1FFE7BC
:109D8000F8F7B0FEFFE743F6F430C2F20000FDF74B
:109D900001FF18B1FFE7F8F7A5FEFFE700200890E4
:109DA000099043F6F430C2F2000008A9FDF7BAF9B1
:109DB00018B1FFE7F8F796FEFFE76020019000205A
:109DC00002900390059043F6F430C2F2000001A91E
:109DD0000822FDF73DFE18B1FFE7F8F783FEFFE725
:109DE00043F6F430C2F20000FDF7CAFD0EB080BDAC
:109DF00080B588B0002101910791069105910491E9
:109E00000391029143F63C40C2F2000040F600424A
:109E1000C4F2000202605322426081604FF0FF32C0
:109E2000C26001618161FDF70FFA18B1FFE7F8F731
:109E300059FEFFE74FF48050049043F63C40C2F2D5
:109E4000000004A9FDF798FB18B1FFE7F8F74AFEF8
:109E5000FFE700200290039043F63C40C2F200006E
:109E600002A9FDF75FF918B1FFE7F8F73BFEFFE73E
:109E700008B080BD80B582B043F68440C2F20000D5
:109E8000019041F20001C4F2010101604FF4E1319F
:109E9000416000218160C16001610C2242618161E9
:109EA000C161FEF715FA18B1FFE7F8F71BFEFFE7EF
:109EB00002B080BD80B582B043F6C840C2F2000057
:109EC000019044F60001C4F20001016048F2A06173
:109ED000C0F20101416000218160C16001610C227A
:109EE00042618161C161FEF7F3F918B1FFE7F8F74C
:109EF000F9FDFFE702B080BD80B582B043F60C509B
:109F0000C2F20000019041F20041C4F2010101607F
:109F10004FF4E131416000218160C16001610C2298
:109F200042618161C161FEF7D3F918B1FFE7F8F72B
:109F3000D9FDFFE702B080BD80B543F26400C2F2F4
:109F4000000040F27811C2F20001002205F024FF67
:109F500018B1FFE7F8F7C6FDFFE743F26400C2F26D
:109F6000000040F20841C2F2000106F015FC18B1F1
:109F7000FFE7F8F7B7FDFFE743F26400C2F2000025
:109F800040F2A441C2F2000105F08AF918B1FFE7DE
:109F9000F8F7A8FDFFE743F26400C2F2000006F004
:109FA00085FD18B1FFE7F8F79DFDFFE780BD0000D4
:109FB000FFE7FEE740F2D640C2F20000007D400914
:109FC000C00790B3FFE740F6A400C2F2000000789B
:109FD000C00750BBFFE740F23860C2F2000090F8C3
:109FE0004C00C00740B9FFE740F23861C2F20001FF
:109FF000012081F84C0011E040F23860C2F200000C
:10A0000090F84C00C00740B1FFE740F23861C2F25F
:10A010000001002081F84C00FFE7FFE740F6A401B3
:10A02000C2F200010120087010E040F2D640C2F2F6
:10A030000000007D4009C00738B9FFE740F6A401E1
:10A04000C2F2000100200870FFE7FFE740F238602D
:10A05000C2F2000090F84C00C00740B1FFE740F2A8
:10A060003861C2F20001012081F84D001EE040F28B
:10A070003860C2F2000090ED140A40F6D870C2F2C7
:10A080000000B0F8370001EE100AB8EEC11AB4EEC5
:10A09000410AF1EE10FA08DAFFE740F23861C2F245
:10A0A0000001002081F84D00FFE7FFE77047000046
:10A0B00080B5FCF713FAFFE7FEE7000088B00790D1
:10A0C00006910592079800F0070004900498C0F1EB
:10A0D0000700052803D3FFE70420019004E004985B
:10A0E000C0F107000190FFE7019803900498043045
:10A0F000062803D8FFE70020009003E00498033807
:10A100000090FFE70098029006980399012202FA56
:10A1100001F101390840029B984005999A40013AA3
:10A120001140084308B0704780B543F20060C2F2A6
:10A130000000FBF70DF980BD80B586B00590049155
:10A14000059800680390039802900398006C0190B2
:10A150000298049900EB4110D0F8080B0090019888
:10A1600043F20B01C4F6547188420FD3FFE79DF808
:10A1700001000006002809D5FFE70298049900EBCA
:10A1800041114FF40040C1F8080BFFE70598FBF7B9
:10A1900039FF019843F20B01C4F6547188420DD384
:10A1A000FFE705980069012808D1FFE705990868CD
:10A1B00001F2C442012107F0B9FBFFE7002006B01D
:10A1C00080BD000080B588B00790069107980068B0
:10A1D0000490049803900498006C029003980699E8
:10A1E00000EB4110D0F8080B019007980069012896
:10A1F00040F08180FFE79DF804000007002818D593
:10A20000FFE7029843F20B01C4F6547188420FD362
:10A21000FFE79DF805000006002809D5FFE7039831
:10A22000069900EB41114FF40040C1F8080BFFE71D
:10A2300060E09DF804008006002808D5FFE7039839
:10A24000069900EB41112020C1F8080B51E09DF860
:10A25000040010F0280F4AD1FFE7029843F20B01E7
:10A26000C4F6547188420FD3FFE79DF8050000063D
:10A27000002809D5FFE70398069900EB41114FF438
:10A280000040C1F8080B31E00798069901EBC101C5
:10A2900000EB810000F51F7005900598C0690399D7
:10A2A000069A01EB4211D1F8101B6FF3DF41401AFF
:10A2B00005990862069898B9FFE70598806940B942
:10A2C000FFE70799086801F2C442012107F02EFB5D
:10A2D00005E0059908690A6A10440861FFE7FFE78D
:10A2E00007989DF81810FAF7ADFDFFE700E0FFE7CB
:10A2F000FFE7FFE747E0029843F20A11C4F6547102
:10A30000884224D1FFE79DF805000006002809D502
:10A31000FFE70398069900EB41114FF40040C1F8A4
:10A32000080B13E09DF804008006002808D5FFE71D
:10A330000398069900EB41112020C1F8080BFFE7B4
:10A3400007989DF81810FAF77DFDFFE71AE00698C8
:10A3500090B9FFE70798069901EBC10100EB810076
:10A36000D0F8940240B9FFE70799086801F2C442A7
:10A37000002107F0DBFAFFE707989DF81810FAF7BD
:10A3800061FDFFE7FFE7002008B080BD80B58CB01D
:10A390000A9009910A9800680890089807900A980E
:10A3A000099901EBC10100EB81003C300690069851
:10A3B0008169006A884204D9FFE701208DF82F00E7
:10A3C00079E006998869096A401A05900598069906
:10A3D000C968884204D9FFE70698C0680590FFE77E
:10A3E0000598033080080490FFE70798099900EB6F
:10A3F0004110D0F8180981B2049A002091420290CD
:10A400000FD3FFE706988269016A0020914202900B
:10A4100007D2FFE706988069002818BF0120029044
:10A42000FFE70298C00770B3FFE706998869096AD9
:10A43000401A059005980699C968884204D9FFE733
:10A440000698C0680590FFE70598033080080490DF
:10A450000898069909699DF82420BDF81430DDF8A4
:10A4600028C09CF810C0EE46CEF800C008F098F85E
:10A47000059A0699086910440861059A0699086AC0
:10A4800010440862B1E706998869096A88420ED8C3
:10A49000FFE7099800F00F01012088400390039A1C
:10A4A0000799D1F834089043C1F83408FFE7002039
:10A4B0008DF82F00FFE79DF82F000CB080BD000045
:10A4C00081B000900099002048610861C86000993F
:10A4D0004862009988620099C862009908630099EF
:10A4E000486301B07047000080B584B002908DEDE4
:10A4F000010ACDED000A029800F07CF9029890F86C
:10A50000660030B1FFE70298C16E884700200390D3
:10A510006CE101980299486000980299886002995C
:10A52000086948610299C8680861029890ED010ABB
:10A5300090ED021A30EE410A80ED030A029890ED88
:10A54000030A90ED161AB0EEC00AB4EE410AF1EE1D
:10A5500010FAC0F24781FFE702980078012840F026
:10A56000B580FFE7029890ED130AB5EE400AF1EED0
:10A5700010FA0AD0FFE7029890ED031A90ED090A4D
:10A5800030EE010A80ED090A03E0029900204862DA
:10A59000FFE7FFE7029890ED090A90ED171AB4EE75
:10A5A000410AF1EE10FA04DDFFE70299C86D486236
:10A5B00015E0029890ED090A90ED171AB1EE411AD4
:10A5C000B4EE410AF1EE10FA08DAFFE7029890EDD6
:10A5D000170AB1EE400A80ED090AFFE7FFE7FFE73F
:10A5E000029890ED031A90ED120A20EE010A80ED18
:10A5F0000A0A029890ED091A90ED130A20EE010A5A
:10A6000080ED0B0A029890ED031A90ED042A90ED6C
:10A61000140A31EE421A20EE010A80ED0C0A02986B
:10A6200090ED150AB5EE400AF1EE10FA19DDFFE7DC
:10A63000029890ED150AB7EE001AB4EE410AF1EE59
:10A6400010FA0EDAFFE70299486D4864029901F1A9
:10A65000380091ED0C0AFEF7F7FF029880ED0C0A26
:10A66000FFE7029890ED0A0A90ED0B2A90ED0C1A84
:10A6700030EE020A30EE010A80ED0D0AFFE7029883
:10A6800090ED0D0A90ED181AB4EE410AF1EE10FAB1
:10A6900004DDFFE70299086E486315E0029890ED2B
:10A6A0000D0A90ED181AB1EE411AB4EE410AF1EE1E
:10A6B00010FA08DAFFE7029890ED180AB1EE400AA6
:10A6C00080ED0D0AFFE7FFE7FFE78AE002980078D8
:10A6D000022840F08580FFE7029890ED031A90ED84
:10A6E000042A90ED120A31EE421A20EE010A80EDA2
:10A6F0000A0A029890ED031A90ED130A20EE010A5F
:10A7000080ED0B0A029890ED031A90ED043A90ED5B
:10A71000052A90ED140A33EE033A31EE431A31EE76
:10A72000021A20EE010A80ED0C0A029890ED150A3B
:10A73000B5EE400AF1EE10FA19DDFFE7029890ED50
:10A74000150AB7EE001AB4EE410AF1EE10FA0EDA6D
:10A75000FFE70299486D4864029901F1380091EDD4
:10A760000C0AFEF771FF029880ED0C0AFFE70298D1
:10A7700090ED0A1A90ED0B3A90ED0C2A90ED0D0A2F
:10A7800031EE031A31EE021A30EE010A80ED0D0AA5
:10A79000FFE7029890ED0D0A90ED181AB4EE410A09
:10A7A000F1EE10FA04DDFFE70299086E486315E048
:10A7B000029890ED0D0A90ED181AB1EE411AB4EE20
:10A7C000410AF1EE10FA08DAFFE7029890ED180A54
:10A7D000B1EE400A80ED0D0AFFE7FFE7FFE7FFE774
:10A7E000FFE7FFE70298406B0390FFE79DED030A48
:10A7F00004B080BD80B582B001900198406B08F034
:10A8000079F8012807D0FFE70198406B08F058F865
:10A81000012805D1FFE70199022081F86600FFE7D2
:10A8200002B080BD80B584B003908DF80B1001920A
:10A830009DF80B000399087003994AF2C140C0F6D5
:10A840000000C86603994AF66900C0F600008866F1
:10A850000398C16E88470398826E019990470399C7
:10A8600081F8660004B080BD80B584B0029001918B
:10A870000298007818B1FFE7019820B9FFE701209E
:10A880008DF80F003EE001980068029988640198F5
:10A8900040680299C8640198806802990865019827
:10A8A000C06802994865029890ED150AB5EE400A15
:10A8B000F1EE10FA13DDFFE7029890ED150AB7EEFE
:10A8C000001AB4EE410AF1EE10FA08DAFFE7029935
:10A8D00001F1380091ED150AFEF7A8FEFFE7019897
:10A8E000006902998865019840690299C8650198D4
:10A8F00080690299086602990020A1F864008DF829
:10A900000F00FFE79DF80F0004B080BD00000000BD
:10A91000EFF30980BFF36F8F154B1A681EF0100F0D
:10A9200008BF20ED108A20E9F04F10602DE90900E2
:10A930004FF0500080F31188BFF34F8FBFF36F8F3C
:10A940000AF092FE4FF0000080F31188BDE8090084
:10A9500019680868B0E8F04F1EF0100F08BFB0EC9F
:10A96000108A80F30988BFF36F8F704700BF00BF64
:10A97000503D00200000000080B5B2B03190309111
:10A980002F9200202E90FFE72E98032800F38C8052
:10A99000FFE72E9A40F66400C2F20000279000EB19
:10A9A00002102F9902EB420201EB0211B1F91210D1
:10A9B00000EE101AB8EEC00AFEF746FE27982F994F
:10A9C0002E9A02EB420301EB0311B1F9161000EECF
:10A9D000101AB8EEC00A9FEDB81A80EE010A31993C
:10A9E00001EB820181ED240A2E99289100EB0110E0
:10A9F00080680DF003FA41EC100B51EC100B9FED49
:10AA0000B00B53EC102B0CF053FD41EC100B51EC40
:10AA1000100B0CF00DF8289A319901EB8201C1F866
:10AA2000800031982E9900EB810090ED240AF0EE21
:10AA3000000ACDED290A0BF081FCDDED290A3198E1
:10AA40002E9900EB810080ED2C0A31982E9900EBB5
:10AA5000810090ED200A0BF071FC31982E9900EBEB
:10AA6000810080ED280A31992E9801EB800091ED4C
:10AA7000321A91ED333A90ED202A90ED240A90EDB0
:10AA8000284A90ED2C5A23EE053A21EE041A31EEB5
:10AA9000031A20EE020A30EE010A80ED1C0AFFE7DD
:10AAA0002E9801302E906FE7319890ED280A90EDA6
:10AAB000293A90ED2A2A90ED2B1A30EE030A30EE57
:10AAC000020A30EE010A80ED180A319890ED2C0A46
:10AAD00090ED2D3A90ED2E2A90ED2F1A30EE030ACC
:10AAE00030EE020A30EE010A80ED190A319890ED3D
:10AAF0001C0A90ED1D3A90ED1E2A90ED1F1A30EEC3
:10AB0000030A30EE020A30EE010A90ED341A30EEFC
:10AB1000010A80ED1A0A3199886EC861FFE7319801
:10AB200090ED070AB0F9180001EE100AB8EEC11A4C
:10AB3000B4EE410AF1EE10FA0ADDFFE73198B0F900
:10AB4000181000EE101AB8EEC00A80ED070A0DE0EA
:10AB5000319890ED070AB5EE400AF1EE10FA04DAEA
:10AB6000FFE731990020C861FFE7FFE7FFE7319871
:10AB7000016E40F61C70C2F20000D0F88020116017
:10AB80003199496ED0F8802051603199C969D0F867
:10AB90009C20116040F23861C2F20001096DD0F8CA
:10ABA00094201160D0F890100968319AC2F8C8104A
:10ABB000D0F8900040683199C1F8CC00319890ED00
:10ABC0001C0A90ED1D3A90ED1E2A90ED1F1A30EEF2
:10ABD000030A30EE020A30EE010A90ED341A30EE2C
:10ABE000010A80ED1A0A00202D90FFE72D98032816
:10ABF00010DCFFE730982D9AC2EBC20100EB011088
:10AC0000C068319901EB82010865FFE72D9801309A
:10AC10002D90EBE7319890ED140A90ED153A90EDF8
:10AC2000162A90ED171AB0EEC00AB0EEC33A30EE15
:10AC3000030AB0EEC22A30EE020AB0EEC11A30EEBC
:10AC4000010A80ED1B0A319890ED1B0A90ED361A2F
:10AC5000B4EE410AF1EE10FA05DDFFE731994FF04D
:10AC60007E5048611FE0319890ED1B0A90ED351A37
:10AC7000B4EE410AF1EE10FA04DAFFE73199002050
:10AC800048610FE0319890ED1B0A90ED352A90ED68
:10AC9000361A30EE420A31EE421A80EE010A80ED99
:10ACA000050AFFE7FFE700202C90FFE72C98032818
:10ACB00000F3BD800CE000BFCDCC184100BF00BF49
:10ACC000F16D1351C034F43E00000000000000009C
:10ACD00031981A9090ED050A8DED160A10EE100AC3
:10ACE0000DF08CF802461A9812920A46129942EC1C
:10ACF000101B8DED220B2C9900EB81012691086D24
:10AD0000096F17910DF07AF802461A9813920A46C5
:10AD1000139942EC101B52EC101B1FED150B53EC5A
:10AD200010CBDB0F199363F3DF7242EC101B8DED38
:10AD3000140BC06E0DF062F89DED141B41EC100B6E
:10AD400051EC110B53EC102B0CF0FAF89DED161A88
:10AD500041EC100B8DED200BB7EE000A30EE410AEE
:10AD600010EE100A0DF04AF80246179818920A469B
:10AD7000189942EC101B8DED1E0B0DF03FF8199B3E
:10AD800002461A981B920A461B9942EC101B52EC81
:10AD9000101B63F3DF7242EC101B8DED1C0B806EF9
:10ADA0000DF02CF89DED1C1B41EC100B51EC110B20
:10ADB00053EC102B0CF0C4F89DED1E0B41EC110B65
:10ADC00053EC112B51EC100B0CF072FB9DED201B82
:10ADD0009DED220B41EC120B8DED242B53EC112B2E
:10ADE00051EC100B0CF064FB9DED240B41EC110BAE
:10ADF00051EC110B53EC102B0BF07CFF41EC100BC2
:10AE000051EC100B0BF014FE2699086331992C9825
:10AE100001EB800090ED0C0A91ED071A20EE010A7B
:10AE200080ED080AFFE72C9801302C903EE731981E
:10AE300090ED1A0AB0F9180001EE100AB8EEC11A26
:10AE4000B4EE410AF1EE10FAC0F28481FFE700206F
:10AE50002B90FFE72B98032800F37B81FFE73199C4
:10AE6000D1F8C800086031992B9801EB8000D0F828
:10AE700090004860319811902B9900EB81010C9162
:10AE800091ED2C0A90ED331A20EE010A10EE100A13
:10AE90000CF0B4FF0246119809920A46099942EC57
:10AEA000101B8DED0A0BD0F8D0000CF0A7FF41EC81
:10AEB000100B9FEDB91B53EC112B51EC100B0CF048
:10AEC000F7FA9DED0A0B41EC110B51EC110B53EC11
:10AED000102B0BF00FFF02460C980D920A460D99AD
:10AEE00042EC101B8DED0E0B006A0CF087FF9DED00
:10AEF0000E1B41EC100B51EC110B53EC102B0CF012
:10AF000079FC41EC100B51EC100B0BF091FD1199F9
:10AF10008860319890ED010AF0EE000A0BF00EFA0D
:10AF2000319890ED001A90ED022AB9EE003A21EE28
:10AF3000031A21EE021A30EE010A80ED030A31985D
:10AF4000C06807F0CBFC012807D0FFE73198C06844
:10AF500007F0A8FC012804D1FFE731990020C86060
:10AF6000FFE7319890ED030AB5EE400AF1EE10FAD2
:10AF70007DDBFFE7319890ED030A09F087F93198FE
:10AF800080ED040A30982B99C1EBC10100EB011050
:10AF900090ED0D0AB5EE400AF1EE10FA32DBFFE754
:10AFA000319890ED001A90ED012A90ED040A30EEF0
:10AFB000420A31EE011A80EE010A2B9900EB810062
:10AFC00080ED100A319808902B99079100EB8100D1
:10AFD000006C0CF013FF41EC100B51EC100B9FEDCB
:10AFE000700B53EC102B0BF0ABFF41EC100B51EC42
:10AFF000100B0CF067F9079A089901EB4201A1F8D0
:10B00000C00033E0319890ED001A90ED010A90ED08
:10B01000042AB1EE400A30EE420A31EE011A80EE07
:10B02000010A2B9900EB810080ED100A31980690FF
:10B030002B99059100EB8100006C0CF0DFFE41ECD8
:10B04000100B51EC100B9FED560B53EC102B0BF02B
:10B0500077FF41EC100B51EC100B0CF033F9059A13
:10B06000069901EB4201A1F8C000FFE76CE03098BF
:10B070002B99C1EBC10100EB011090ED0D0AB5EE6B
:10B08000400AF1EE10FA30DBFFE7319890ED001A3C
:10B0900090ED010AB1EE400A31EE011A80EE010A8C
:10B0A0002B9900EB810080ED100A319804902B99C8
:10B0B000039100EB8100006C0CF0A0FE41EC100B42
:10B0C00051EC100B9FED360B53EC102B0BF038FFAF
:10B0D00041EC100B51EC100B0CF0F4F8039A0499AE
:10B0E00001EB4201A1F8C0002DE0319890ED001A6B
:10B0F00090ED010A31EE011A80EE010A2B9900EB66
:10B10000810080ED100A319802902B99019100EB9B
:10B110008100006C0CF072FE41EC100B51EC100B36
:10B120009FED1F0B53EC102B0BF00AFF41EC100BA3
:10B1300051EC100B0CF0C6F8019A029901EB420198
:10B14000A1F8C000FFE7FFE7FFE72B9801302B9045
:10B1500080E61DE000202A90FFE72A98032816DCED
:10B16000FFE730982A9AC2EBC20100EB011090ED84
:10B170000D0ABDEEC00A10EE100A319901EB420132
:10B18000A1F8C000FFE72A9801302A90E5E7FFE721
:10B1900032B080BD00BF00BF000000000000D03F03
:10B1A000F16D1351C034F43E80B588B007908DF82E
:10B1B0001B108DED050ACDED040A03929DF81B00CE
:10B1C000A0BBFFE79DED050ADDED040A40F61C700B
:10B1D000C2F2000001900221012201F043F801991E
:10B1E00003980068079AC2F8C80003984068079A55
:10B1F000C2F8CC0003988068079AC2F8D000039880
:10B20000C068079AC2F8D40003980069079AC2F888
:10B21000D8000798D0F8C800D1F89020106007989F
:10B22000D0F8CC00D1F89010486075E09DF81B0074
:10B23000012870D1FFE79DED050ADDED040A40F617
:10B240001C70C2F2000000900421012201F00AF8F3
:10B25000009903980068079AC2F8C80003984068EC
:10B26000079AC2F8CC0003988068079AC2F8D00009
:10B270000398C068079AC2F8D40003980069079A37
:10B28000C2F8D80003980068079AC2F8A80103988A
:10B290004068079AC2F8AC0103988068079AC2F820
:10B2A000B0010398C068079AC2F8B4010398006916
:10B2B000079AC2F8B8010798D0F8C800D1F89020D2
:10B2C00010600798D0F8CC00D1F890205060079813
:10B2D000D0F8A801D1F8902090600798D0F8AC0180
:10B2E000D1F89010C86000200290FFE70298032870
:10B2F00010DCFFE7029940F66400C2F2000000EBA8
:10B3000001109FED060AFEF791F9FFE70298013060
:10B310000290EBE7FFE7FFE708B080BD3333333F30
:10B3200080B582B00190019AD2F80C01118812798F
:10B330005143F5F7B0FE0198D0F8CC0090ED002A0B
:10B3400090ED013A90ED021A90ED030A23EE033AD4
:10B3500022EE022A32EE032A21EE011A31EE021AFF
:10B3600020EE000A30EE010AF7F7C4FB0198D0F88E
:10B370000C0180ED000A0199D1F8CC00D1F80C1134
:10B3800091ED001A90ED000A20EE010A80ED000A0E
:10B390000199D1F8CC00D1F80C1191ED001A90ED83
:10B3A000010A20EE010A80ED010A0199D1F8CC00D2
:10B3B000D1F80C1191ED001A90ED020A20EE010A6D
:10B3C00080ED020A0199D1F8CC00D1F80C1191ED71
:10B3D000001A90ED030A20EE010A80ED030A01999C
:10B3E000D1F8CC00D1F80C1191ED001A90ED000AC3
:10B3F00020EE010A80ED000A0199D1F8CC00D1F8C5
:10B400000C1191ED001A90ED010A20EE010A80ED79
:10B41000010A0199D1F8CC00D1F80C1191ED001A74
:10B4200090ED020A20EE010A80ED020A0199D1F89E
:10B43000CC00D1F80C1191ED001A90ED030A20EE2A
:10B44000010A80ED030A0198D0F8CC1091ED010AB1
:10B45000B6EE002A20EE020A90ED021A20EE010A52
:10B46000D0F8DC0080ED040A0198D0F8CC1091ED02
:10B47000020A20EE020A90ED021A20EE010AD0F82C
:10B48000DC0080ED050A0198D0F8CC1091ED000A9F
:10B49000BEEE001A20EE010A90ED023A20EE030AF9
:10B4A000D0F8DC0080ED0A0A0198D0F8CC1091EDBC
:10B4B000030A20EE020A90ED023A20EE030AD0F8C9
:10B4C000DC0080ED0B0A0198D0F8CC1091ED030A56
:10B4D00020EE010A90ED023A20EE030AD0F8DC00DB
:10B4E00080ED100A0198D0F8CC1091ED000A20EE02
:10B4F000010A90ED023A20EE030AD0F8DC0080ED5C
:10B50000110A0198D0F8CC1091ED020A20EE020A3F
:10B5100090ED022A20EE020AD0F8DC0080ED160A37
:10B520000198D0F8CC1091ED010A20EE010A90EDBF
:10B53000021A20EE010AD0F8DC0080ED170AFFE7BE
:10B540000198D0F8EC0090ED1C0A9FED2E1AB4EE95
:10B55000410AF1EE10FA09DDFFE70198D0F8EC108E
:10B5600044F20000C4F21C60086716E00198D0F8AD
:10B57000EC0090ED1C0A9FED241AB4EE410AF1EEA6
:10B5800010FA09DAFFE70198D0F8EC1044F2000055
:10B59000CCF21C600867FFE7FFE7FFE7FFE70198D1
:10B5A000D0F8EC0090ED230A9FED161AB4EE410A94
:10B5B000F1EE10FA0ADDFFE70198D0F8EC1044F242
:10B5C0000000C4F21C60C1F88C0017E00198D0F8AC
:10B5D000EC0090ED230A9FED0C1AB4EE410AF1EE57
:10B5E00010FA0ADAFFE70198D0F8EC1044F20000F4
:10B5F000CCF21C60C1F88C00FFE7FFE7FFE702B068
:10B6000080BD00BF00401C4600401CC680B584B011
:10B6100002900299B1F8AC00A1F8A40002990120AF
:10B620000190A1F8A600029901F1A40201F1AC0079
:10B63000BC31F5F7F9F901460198029A82F8C41075
:10B640000299A1F8B4000299B1F8AC00A1F8B600D3
:10B65000029901F1AC00B431F5F708FB029981F8C9
:10B66000C400029A02F1B40002F1A4011832F5F705
:10B67000DBF9029981F8C400029890ED080A90ED78
:10B68000091AB6EE002A21EE021AB4EE410AF1EED2
:10B6900010FA05DAFFE70299012081F82900FFE797
:10B6A000029890ED080A90ED091AB4EE410AF1EE05
:10B6B00010FA4BDDFFE7029890F82900C007002838
:10B6C00044D0FFE70298007DC00738B1FFE7029938
:10B6D00091F82800013081F8280004E00299002048
:10B6E00081F82800FFE7029890F8280033280CDB47
:10B6F000FFE70299002081F82900029991F81401CE
:10B7000000F0EF0081F814011FE0029BD3F8C8009D
:10B71000D3F8CC101A881B795A43F5F760FC029BCA
:10B72000D3F8EC00D3F8F0101A881B795A435A4327
:10B73000F5F755FC029991F8140140F0100081F8DA
:10B74000140101208DF80F003EE039E0029890EDE1
:10B75000080A90ED091A9FED1E2A21EE021AB4EE96
:10B76000410AF1EE10FA18DDFFE7029890F829007F
:10B77000C00790B1FFE7029890ED080A90ED091A12
:10B7800031EE400A9FED132A21EE021A80EE010AE3
:10B79000D0F80C0180ED000A06E00298D0F80C11F8
:10B7A0004FF07E500860FFE70299002081F82800E2
:10B7B000029991F8140100F0EF0081F81401FFE7FD
:10B7C00000208DF80F00FFE79DF80F0004B080BD4A
:10B7D000CDCCCC3D6666663F80B582B00190019BC2
:10B7E000D3F8E40019881A799B7959435143F5F746
:10B7F00052FC0198D0F8CC10D0F8E40091ED020A88
:10B80000B8EE001A20EE010A80ED000A0198D0F887
:10B81000CC10D0F8E40091ED030A30EE000A80ED80
:10B82000010A0198D0F8CC10D0F8E40091ED000A9C
:10B8300020EE010A80ED020A0198D0F8CC10D0F871
:10B84000E40091ED010A30EE000A80ED030A019850
:10B85000D0F8CC10D0F8E40091ED010A30EE000AE7
:10B8600080ED060A0198D0F8CC10D0F8E40091EDF4
:10B87000000A30EE000A80ED070A0198D0F8CC10DB
:10B88000D0F8E40091ED030A30EE000A80ED080ADA
:10B890000198D0F8CC10D0F8E40091ED020A30EE17
:10B8A000000A80ED090A0198D0F8CC10D0F8E40025
:10B8B00091ED000A30EE000A80ED0C0A0198D0F8F4
:10B8C000CC10D0F8E40091ED010A20EE010A80EDE1
:10B8D0000D0A0198D0F8CC10D0F8E40091ED020ADE
:10B8E00020EE010A80ED0E0A0198D0F8CC10D0F8B5
:10B8F000E40091ED030A30EE000A80ED0F0A02B079
:10B9000080BD000080B588B007908DED060ACDEDB2
:10B91000050A8DED041A03910292069807990862B0
:10B9200005980799486204980799886203980799CF
:10B93000C8620298079908630798343006210022EC
:10B9400001920323FDF78CF90198079981F84800CB
:10B95000079981F85D00079A4CF67741C3F22B21D5
:10B960009165079981F85C000799D1F8FC204FF0A8
:10B970007E5111600799D1F8FC1048600799D1F801
:10B98000FC1088600799D1F8FC10C86007994BF249
:10B990002130C0F60000C1F8500107994BF2D97070
:10B9A000C0F60000C1F8540107994BF63560C0F6A7
:10B9B0000000C1F85801079991F8480140F00400CF
:10B9C00081F84801079991F8480140F0080081F892
:10B9D0004801079BD3F81001D96A9A8E93F8383042
:10B9E0005A435A43F5F7FBFA079BD3F82001196B2A
:10B9F0009A8E93F838305A435A43F5F7F0FA08B064
:10BA000080BD000080B586B00590049103928DED55
:10BA1000020A02980599C863049890ED000A0598F7
:10BA200090ED051A30EE410A80ED5E0A049890ED23
:10BA3000010A059890ED061A30EE410A80ED5F0A82
:10BA4000049890ED020A059890ED071A30EE410A2D
:10BA500080ED600A059890ED5E1A90ED5F2A90EDFA
:10BA6000600A22EE022A21EE011A31EE021A20EEBD
:10BA7000000A30EE010AF7F73DF8059880ED620AFA
:10BA8000059890ED0F1A90ED5E0AB6EE002A20EEB2
:10BA9000020A20EE010A80ED630A059890ED0F1A64
:10BAA00090ED5F0A20EE020A20EE010A80ED640AA2
:10BAB000059890ED0F1A90ED600A20EE020A20EE34
:10BAC000010A80ED650A059BD3F81001D96A9A8EA8
:10BAD00093F838305A435A43F5F781FA059890EDB8
:10BAE000630AB1EE400AD0F8100180ED010A059812
:10BAF00090ED640AB1EE400AD0F8100180ED020A20
:10BB0000059890ED650AB1EE400AD0F8100180ED7D
:10BB1000030A0598D0F81011D0F88C0188610598B7
:10BB2000D0F81011D0F894010862059890ED640ADD
:10BB3000B1EE400AD0F8100180ED090A0598D0F85E
:10BB40001011D0F890010863059890ED650AB1EEE8
:10BB5000400AD0F8100180ED0D0A0598D0F81011B8
:10BB6000D0F88C01C8630598D0F81011D0F8940172
:10BB700088640598D0F81011D0F89001C864059831
:10BB800090ED630AB1EE400AD0F8100180ED140A7E
:10BB90000599039B18685A689B68C1F87431C1F80D
:10BBA0007021C1F86C01059890ED5B1A90ED5C2A4C
:10BBB00090ED5D0A22EE022A21EE011A31EE021A00
:10BBC00020EE000A30EE010AF6F794FF059880EDAA
:10BBD000610A059890ED5B0A90ED611A20EE010A6A
:10BBE000006C80ED000A059890ED5C0A90ED611AFA
:10BBF00020EE010A006C80ED010A059890ED5D0AC7
:10BC000090ED611A20EE010A006C80ED020A0598A1
:10BC100090ED621AB7EE000A80EE010A9FED821ADB
:10BC2000B4EE410AF1EE10FA23DAFFE7059890ED41
:10BC3000611AB7EE000A80EE010A9FED7C1AB4EE9D
:10BC4000410AF1EE10FA14DDFFE7059890ED611A54
:10BC5000B7EE000A80EE010A9FED751AB4EE410AB4
:10BC6000F1EE10FA05DAFFE70599012081F84800A6
:10BC700004E00599002081F84800FFE7059890ED61
:10BC8000080A90ED0F1A20EE010AD0F8280180ED85
:10BC9000000A059890ED080A90ED0F1A20EE010AAF
:10BCA000D0F8280180ED070A059890ED080A90ED7C
:10BCB0000F1A20EE010AD0F8280180ED0E0A05982F
:10BCC00090ED080A90ED0F1A20EE010AD0F8280135
:10BCD00080ED150A059890ED090A90ED0F1A20EEF7
:10BCE000010AD0F8280180ED1C0A059890ED090A98
:10BCF00090ED0F1A20EE010AD0F8280180ED230AFA
:10BD00000599886AD1F82C1108600599886AD1F8DC
:10BD10002C1108610599886AD1F82C1108620598E0
:10BD20003430FDF76FFB0599D1F868010068486071
:10BD30000599D1F86801406888600599D1F86801D3
:10BD40008068C8600599D1F86801C06808610599E4
:10BD5000D1F86801006948610599D1F86801406926
:10BD6000886105990020C861059890ED010A90ED61
:10BD7000023A90ED031A90ED042A23EE013A20EEE8
:10BD8000020A30EE030A30EE000A22EE022A21EE09
:10BD9000011A31EE021A31EE012AB7EE001A8DEDCA
:10BDA000011A71EE420A0AF073F9059880ED660AED
:10BDB000059890ED010A90ED021A90ED033A90ED8E
:10BDC000042A20EE030A21EE021A31EE011A30EEA7
:10BDD000000A30EE410A0AF0C5F89DED011A0598F7
:10BDE00080ED670A059890ED010A90ED022A90ED2A
:10BDF000033A90ED044A23EE044A20EE020A30EEA4
:10BE0000040A30EE000A23EE033A22EE022A32EE52
:10BE1000032A32EE022A71EE420A0AF039F9059835
:10BE200080ED680A06B080BD9A99993EEE7C134178
:10BE3000EE7C234180B586B00590059901F1640040
:10BE40006C31F4F713FF059981F8C4000599B1F836
:10BE50006400A1F8A4000599B1F87E00A1F8A6003D
:10BE6000059A02F1640002F17C01A432F4F7DCFDD2
:10BE7000059981F8C4000599B1F8A400A1F8AC00B7
:10BE80000599B1F86E00A1F8AE00059A02F1A40080
:10BE900002F16C01AC32F4F7C7FD059981F8C400DA
:10BEA0000599B1F88C00A1F89C000599B1F88E00B5
:10BEB000A1F89E00059A02F1AC0002F18C019C32BF
:10BEC000F4F792FA059981F8C400059901F19C00F4
:10BED000AC31F4F711FB059981F8C4000599B1F86C
:10BEE0006400A1F8B40005990120A1F8B6000598F6
:10BEF000D0F8CC10D0F80C0191ED001A91ED010AA8
:10BF000091ED023A91ED032A21EE031A20EE020A86
:10BF100030EE410A30EE000A80ED000A0598D0F8B4
:10BF2000CC10D0F80C0191ED000A91ED012A91EDB1
:10BF3000021A91ED033A21EE031A20EE020A30EEC6
:10BF4000010A30EE000A80ED010A0598D0F8CC1005
:10BF5000D0F80C0191ED001A91ED013A91ED022A11
:10BF600091ED030A23EE033A21EE011A31EE431A52
:10BF700022EE022A31EE421A20EE000A30EE010AC9
:10BF800080ED020A00208DF80700FFE79DF807000A
:10BF900002281BDCFFE70598D0F80C019DF807107C
:10BFA00000EB810090ED000AB0EEC00A09F04EFFF0
:10BFB0009DF8071002A800EB810080ED000AFFE762
:10BFC0009DF8070001308DF80700DFE70599B1F80B
:10BFD0004400A1F8BC0005990120A1F8BE00059A13
:10BFE00002F1440002F1B401BC32F4F7BBFD059943
:10BFF00081F8C4000598FFF709FB08B1FFE728E1C5
:10C000000599B1F87C00A1F8A4000599B1F86E007B
:10C01000A1F8A600059A02F17C0002F16C01A4329D
:10C02000F4F702FD059981F8C400059A02F1A40015
:10C0300002F1AC019432F4F7F7FC059981F8C400E1
:10C0400000208DF80600FFE79DF80600059AB2F87B
:10C050009610B2F894205143884218DAFFE7059908
:10C06000D1F8FC00D1F80C1191ED001A9DF80610E2
:10C0700000EB810090ED000A20EE010A80ED000A3D
:10C08000FFE79DF8060001308DF80600DCE704208C
:10C090008DF80500FFE79DF80500052832DCFFE775
:10C0A00000208DF80400FFE79DF80400022822DC40
:10C0B000FFE79DF8051002A800EB810010ED040ACF
:10C0C0009FED671A80EE011A0598D0F8FC0001EB8D
:10C0D00041019DF80420114400EB810090ED000A1D
:10C0E00020EE010A80ED000AFFE79DF80400013010
:10C0F0008DF80400D8E7FFE79DF8050001308DF8C2
:10C100000500C8E70599B1F89400A1F8B4000599B5
:10C110000120A1F8B600059901F1940001F1B402E3
:10C12000BC31F4F781FC059981F8C400059890F8BA
:10C130002900C00700287BD0FFE7FFE70598D0F86B
:10C140000C1191ED040A90ED021A9FED432A21EEA5
:10C15000021AB4EE410AF1EE10FA0CDDFFE7059881
:10C1600090ED020A9FED3C1A20EE010AD0F80C0176
:10C1700080ED040A1DE00598D0F80C1191ED040A39
:10C1800090ED021A9FED352A21EE021AB4EE410A13
:10C19000F1EE10FA0CDAFFE7059890ED020A9FED38
:10C1A0002F1A20EE010AD0F80C0180ED040AFFE7F7
:10C1B000FFE7FFE7FFE70598D0F80C1191ED050ABE
:10C1C00090ED021A9FED242A21EE021AB4EE410AE4
:10C1D000F1EE10FA0CDDFFE7059890ED020A9FEDF5
:10C1E0001E1A20EE010AD0F80C0180ED050A1DE0B0
:10C1F0000598D0F80C1191ED050A90ED021A9FED0B
:10C20000172A21EE021AB4EE410AF1EE10FA0CDA06
:10C21000FFE7059890ED020A9FED101A20EE010A43
:10C22000D0F80C0180ED050AFFE7FFE7FFE7FFE725
:10C230000598D0F80C110020C860059901F12C0276
:10C2400001F13400B431F4F7CFF8059981F8C40056
:10C25000FFE706B080BD00BF0AD7233C0AD723BC46
:10C26000DA0FC93F80B588B007908DF81B108DF8A4
:10C270001A208DED050ACDED040A079904200870F7
:10C280009DF81B00079948709DF81B0040430799D3
:10C29000C8709DF81A0007998870079800789DF873
:10C2A0001B104843F4F76CFD0799C1F890000799FB
:10C2B000D1F8900009789DF81B205143F4F7EBFE6C
:10C2C000079A02F124009DF81B10D2F89030012249
:10C2D0000292F4F70DF9079800789DF81B10484377
:10C2E000F4F74EFD0799C1F880000799D1F8800056
:10C2F00009789DF81B205143F4F7CDFE029A079B65
:10C30000181D9DF81B10D3F88030F4F7F1F807984A
:10C3100000789DF81B104843F4F732FD0799C1F8E7
:10C3200084000799D1F8840009789DF81B205143B7
:10C33000F4F7B1FE0299079B03F10C009DF81B2056
:10C34000D3F88430F4F7D4F807980078F4F718FDA0
:10C350000799C1F888000799D1F888000978F4F79F
:10C360009AFE029A079901F11400D1F8883011461B
:10C37000F4F7BEF805980799D1F888100860079976
:10C380000878C9784843F4F7FBFC0799C1F8A00086
:10C39000079AD2F8A0001178D2785143F4F77BFEC7
:10C3A000079901F12C009DF81B20D1F8A03011460F
:10C3B000F4F79EF800200390FFE703980799C978E7
:10C3C00088420FDAFFE704980799D1F8A010039A82
:10C3D00041F82200FFE79DF81B0003990844013053
:10C3E0000390EAE7079800789DF81A104843F4F79D
:10C3F000C7FC0799C1F894000799D1F8940009780F
:10C400009DF81A205143F4F746FE079A02F13400D2
:10C410009DF81A10D2F8943001220192F4F768F8CE
:10C42000079800789DF81A104843F4F7A9FC07997B
:10C43000C1F89C000799D1F89C0009789DF81A2052
:10C440005143F4F728FE019A079B03F13C009DF845
:10C450001A10D3F89C30F4F74BF8079800789DF841
:10C460001A104843F4F78CFC0799C1F88C0007991F
:10C47000D1F88C0009789DF81A205143F4F70BFE8F
:10C48000019A079B03F11C009DF81A10D3F88C3019
:10C49000F4F72EF8079800789DF81B104843F4F73E
:10C4A0006FFC0799C1F898000799D1F898000978AE
:10C4B0009DF81B205143F4F7EEFD019A079B03F111
:10C4C00044009DF81B10D3F89830F4F711F8079941
:10C4D0000878C9784843F4F753FC0799C1F8A400D9
:10C4E000079AD2F8A4001178D2785143F4F7D3FD1B
:10C4F000079901F14C009DF81B20D1F8A43011469A
:10C50000F3F7F6FF07980078F4F73AFC0799C1F8BB
:10C51000A8000799D1F8A8000978F4F7BCFD019AA2
:10C52000079901F15400D1F8A8301146F3F7E0FF64
:10C5300007990878C9784843F4F722FC0799C1F8AD
:10C54000AC00079AD2F8AC001178D2785143F4F7D6
:10C55000A2FD079901F15C009DF81B20D1F8AC30D9
:10C560001146F3F7C5FF07990878C9784843F4F7EF
:10C5700007FC0799C1F8B000079AD2F8B00011780B
:10C58000D2785143F4F787FD079901F164009DF8D3
:10C590001B20D1F8B0301146F3F7AAFF07990878AD
:10C5A000C9784843F4F7ECFB0799C1F8B400079A3F
:10C5B000D2F8B4001178D2785143F4F76CFD0799A2
:10C5C00001F16C009DF81B20D1F8B4301146F3F74F
:10C5D0008FFF079800789DF81B104843F4F7D0FBB5
:10C5E0000799C1F8B8000799D1F8B80009789DF803
:10C5F0001B205143F4F74FFD019A079B03F1740090
:10C600005978D3F8B830F3F773FF08B080BD000055
:10C6100080B582B0019040F6D871C2F200010020CE
:10C620000870A1F80100FFE7019840F6D871C2F246
:10C6300000010978405CA52839D1FFE7019840F650
:10C64000D871C2F2000109780844052109F0AAF85E
:10C65000012821D1FFE7019A40F6D871C2F200010A
:10C66000087802445078927840EA02200930A1F814
:10C67000010001980A781044B1F8011009F054F84B
:10C68000012808D1FFE7019840F6D871C2F20001F5
:10C6900000F010F8FFE700E009E040F6D871C2F2C0
:10C6A0000001B1F80120087810440870BCE702B01E
:10C6B00080BD000080B586B005900491059904986E
:10C6C00000780844053007F05DFB01460191012820
:10C6D00000F08680FFE70198022800F0B180FFE7B4
:10C6E0000198032800F0B480FFE7019840F201119F
:10C6F000884200F0F480FFE70198B0F5827F00F0F7
:10C70000F980FFE7019840F20511884200F00881A6
:10C71000FFE7019840F20121884200F01381FFE712
:10C72000019840F20221884200F07C81FFE70198E5
:10C7300040F20321884200F09181FFE70198B0F5B3
:10C74000017F00F0AD81FFE7019840F206218842A9
:10C7500000F0D481FFE7019840F20721884200F001
:10C76000EA81FFE70198B0F5027F00F00682FFE75B
:10C77000019840F20921884200F02882FFE70198E1
:10C7800040F20A21884200F03382FFE7019840F22C
:10C790000B21884200F04F82FFE70198B0F5037F3C
:10C7A00000F0AA82FFE7019840F20D21884200F0D4
:10C7B000AB82FFE7019840F20E21884200F0B98277
:10C7C000FFE7019840F20131884200F0BA82FFE7AA
:10C7D000019840F20331884200F0ED8200F078BC0D
:10C7E000059B04990A78C8781A44D27902F00F029E
:10C7F00000F0F0001044C870059B04990A78C878CE
:10C800001A44D27902F0F00200F00F001044C87010
:10C810000599049800780844083007F0B3FA0499A1
:10C82000888005990498007808440A3007F0CEFA09
:10C8300004990022C1F80A20C1F8060000F049BCA2
:10C84000059A049908781044C079887300F041BCB7
:10C850000599049800780844073007F093FA049982
:10C86000A1F80F000599049800780844093007F0F2
:10C8700089FA0499A1F811000599049800780844F0
:10C880000B3007F07FFA0499A1F81300059904987A
:10C89000007808440D3007F075FA0499A1F81500E6
:10C8A0000599049800780844113007F06BFA049950
:10C8B000A1F819000599049800780844133007F08E
:10C8C00061FA0499A1F81B000599049800780844BE
:10C8D000153007F057FA0499A1F81D00F9E30599FE
:10C8E000049800780844073007F05AFA0499C1F810
:10C8F0001F00EEE3059A049908781044C07981F886
:10C900002300059A049908781044007A81F82400DD
:10C91000059A049908781044407A81F82500D8E3F4
:10C92000059A049908781044C07981F82600059981
:10C93000049800780844083007F024FA0499A1F814
:10C940002700C6E3059A049908781044C07981F855
:10C950002D00049991F82D00C1F82900059A049939
:10C9600008781044007A81F82E0005990498007820
:10C970000844093007F006FA0499A1F82F00059938
:10C980000498007808440B3007F0FCF90499A1F8EA
:10C99000310005990498007808440D3007F0F2F949
:10C9A0000499A1F8330005990498007808440F30E1
:10C9B00007F0E8F90499A1F8350005990498007882
:10C9C0000844113007F0DEF90499A1F83700059BFF
:10C9D00004990A7891F839001A44D27C02F00102D5
:10C9E00000F0FE00104481F83900059B04990A7894
:10C9F00091F839001A44D27C02F0020200F0FD00E6
:10CA0000104481F83900059B04990A7891F839009F
:10CA10001A44D27C02F0040200F0FB00104481F8BA
:10CA2000390056E305990498007808440F3007F060
:10CA3000A9F90499488705990498007808441130A9
:10CA400007F0A0F9049988870599049800780844AC
:10CA5000133007F097F90499C8873AE305990498C9
:10CA600000780844073007F0C7F9049910EE100A5F
:10CA7000086405990498007808440B3007F0BCF965
:10CA8000049910EE100A4864059904980078084447
:10CA90000F3007F0B1F9049910EE100A886418E31A
:10CAA000059A049908781044C07981F84C00059AD9
:10CAB000049908781044007A81F84D00059A049989
:10CAC00008781044407A81F84E00059A0499087855
:10CAD0001044807A81F84F00059904980078084442
:10CAE0000B3007F04FF90499A1F85000059A04990A
:10CAF00008781044007B81F85200EAE2059B049913
:10CB00000A7891F853001A44D27902F00F0200F02B
:10CB1000F000104481F85300059B04990A7891F8BD
:10CB200053001A44D27902F0F00200F00F001044D2
:10CB300081F85300CDE2059A049908781044C07931
:10CB400081F85400059A049908781044007A81F815
:10CB50005500059A049908781044407A81F85600E7
:10CB600005990498007808440A3007F045F90499BB
:10CB700010EE100AC1F85700ABE20599049800784E
:10CB80000844073007F0FEF80499A1F85B00059906
:10CB9000049800780844093007F0F4F80499A1F8E3
:10CBA0005D0005990498007808440B3007F0EAF816
:10CBB0000499A1F85F0005990498007808440D30A5
:10CBC00007F0E0F80499A1F8610082E20599049861
:10CBD00000780844073007F0E3F80499C1F86300CF
:10CBE000059A049908781044C07A81F8670070E2C9
:10CBF000059A049908781044C07981F86800059A6C
:10CC0000049908781044007A81F86900059904981D
:10CC100000780844093007F0B5F80499A1F86A00D3
:10CC200005990498007808440B3007F0ABF8049994
:10CC3000A1F86C004DE2059904980078084407308B
:10CC400007F0DAF8049910EE100AC1F86E000599A1
:10CC50000498007808440B3007F0CEF8049910EEE1
:10CC6000100AC1F8720005990498007808440F3042
:10CC700007F0C2F8049910EE100AC1F87600059981
:10CC8000049800780844133007F0B6F8049910EEC1
:10CC9000100AC1F87A000599049800780844173002
:10CCA00007F0AAF8049910EE100AC1F87E00059961
:10CCB0000498007808441B3007F09EF8049910EEA1
:10CCC000100AC1F8820005990498007808441F30C2
:10CCD00007F092F8049910EE100AC1F88600059941
:10CCE000049800780844233007F086F8049910EE81
:10CCF000100AC1F88A00ECE1059A049908781044FA
:10CD0000C07981F88E00E4E1059904980078084420
:10CD1000073007F045F80499C1F88F000599049889
:10CD2000007808440B3007F02DF80499A1F893001F
:10CD3000CFE1059A049908781044C07981F89500EC
:10CD4000C7E10599049800780844073007F01AF8FD
:10CD50000499A1F8960005990498007808440930D0
:10CD600007F010F80499A1F8980005990498007844
:10CD700008440B3007F006F80499A1F89A00002047
:10CD80008DF80F00FFE79DF80F006F2812DCFFE71A
:10CD9000059B049908789DF80F2010441844407BA7
:10CDA000114481F89C00FFE79DF80F0001308DF8D9
:10CDB0000F00E8E7FFE7059904980078084407307A
:10CDC00007F01AF8049910EE100AC1F80D01059940
:10CDD0000498007808440B3007F00EF8049910EE20
:10CDE000100AC1F81101059A049908781044C07B13
:10CDF00081F81501059A049908781044007CA1F87F
:10CE00001601059A049908781044407CA1F818018D
:10CE10000599049800780844073006F0B3FF049998
:10CE2000A1F81A010599049800780844093006F021
:10CE3000A9FF0499A1F81C010599049800780844F9
:10CE40000B3006F09FFF0499A1F81E010599049884
:10CE5000007808440D3006F095FF0499A1F82001F0
:10CE600005990498007808440F3006F08BFF049968
:10CE7000A1F822010599049800780844113006F0C1
:10CE800081FF0499A1F824010599049800780844C9
:10CE9000133006F077FF0499A1F82601059904984C
:10CEA00000780844153006F06DFF0499A1F82801B8
:10CEB0000599049800780844173006F063FF049938
:10CEC000A1F82A010599049800780844193006F061
:10CED00059FF0499A1F82C01059904980078084499
:10CEE0001B3006F04FFF0499A1F82E010599049814
:10CEF000007808441D3006F045FF0499A1F8300180
:10CF0000059A049908781044C07981F8320105998E
:10CF1000049800780844083006F034FF0499A1F81A
:10CF2000330105990498007808440A3006F02AFF76
:10CF30000499A1F8350100208DF80E00FFE79DF857
:10CF40000E00302812DCFFE7059B049908789DF855
:10CF50000E2010441844007B114481F83701FFE78C
:10CF60009DF80E0001308DF80E00E8E700208DF8E6
:10CF70000D00FFE79DF80D00302813DCFFE7059B4F
:10CF8000049908789DF80D201044184490F83D004D
:10CF9000114481F86801FFE79DF80D0001308DF81C
:10CFA0000D00E7E705990498007808446E3006F014
:10CFB000E9FE0499A1F89901059A049908781044AA
:10CFC000C07981F832010599049800780844083046
:10CFD00006F0D8FE0499A1F8330105990498007869
:10CFE00008440A3006F0CEFE0499A1F8350100206D
:10CFF0008DF80C00FFE79DF80C00302812DCFFE7ED
:10D00000059B049908789DF80C2010441844007B77
:10D01000114481F83701FFE79DF80C0001308DF8CD
:10D020000C00E8E700208DF80B00FFE79DF80B00EF
:10D03000302813DCFFE7059B049908789DF80B2046
:10D040001044184490F83D00114481F86801FFE74E
:10D050009DF80B0001308DF80B00E7E70599049867
:10D06000007808446E3006F08DFE0499A1F899010D
:10D070000599049800780844073006F083FE049967
:10D08000A1F89B010599049800780844093006F03E
:10D0900079FE0499A1F89D0100208DF80A00FFE7B0
:10D0A0009DF80A001D2812DCFFE7059B049908780B
:10D0B0009DF80A2010441844C07A114481F89F0159
:10D0C000FFE79DF80A0001308DF80A00E8E7FFE766
:10D0D000FFE706B080BD000082B00190009101988A
:10D0E00018B1FFE7009808B9FFE78BE001980078D6
:10D0F0000199497840EA01206FF3DF200099088008
:10D1000001984078C0080199897840EA41106FF38E
:10D11000DF20009948800198807880090199C978BA
:10D1200040EA81000199097940EA81206FF3DF200C
:10D13000009988800198007940080199497940EA6E
:10D14000C1106FF3DF200099C8800198007C01991D
:10D15000497C40EA01206FF3DF20009908810198A3
:10D160004079C0F3011000998872019840798009D4
:10D170000099C872019880790199C97940EA012023
:10D18000009988810198007A0199497A40EA012042
:10D190000099C8810198807A0199C97A40EA0120F2
:10D1A000009908820198007B009988740198407B5F
:10D1B0000099C8740198807B0199C97B40EA0120DD
:10D1C0000099888200990888A0F5806008800099FD
:10D1D0004888A0F58060488000998888A0F5806024
:10D1E00088800099C888A0F58060C8800099088967
:10D1F000A0F5806008810099FA20C8750099002088
:10D200008875FFE702B0704780B586B0049003913F
:10D21000029240F2E830C2F2000000684AF6AB2108
:10D22000CAF6AA21A0FB011000094FF2A171C1F2B8
:10D23000C601A0FB0110000C4FF47A714843019025
:10D2400004984068B0F5827F15D1FFE70498039BEE
:10D2500002996A4611608021002200F027F848B147
:10D26000FFE70499486D40F02000486503208DF8E1
:10D27000170017E012E0FFE7019808B9FFE70CE09C
:10D28000019801380190FFE7049800688068C1B2F6
:10D290000020B0EBD11FEFD1FFE7FFE700208DF8B2
:10D2A0001700FFE79DF8170006B080BD80B58AB073
:10D2B000DDF830C0089007918DF81B200593059884
:10D2C0000190F7F743FC024601980C99891A08442B
:10D2D0000390F7F73BFC0290039840F2E831C2F26A
:10D2E00000010968C1F3CB3148430490FFE7089877
:10D2F0000068806807990840401AB0FA80F0400939
:10D300009DF81B1088425ED0FFE705980130002889
:10D3100058D0FFE7F7F71AFC0299401A03998842A0
:10D3200004D2FFE70398002842D1FFE7089801687C
:10D33000486820F0E000486008984068B0F5827FB7
:10D3400013D1FFE708988068B0F5004F06D0FFE7DB
:10D3500008988068B0F5806F07D1FFE708980168EA
:10D36000086820F040000860FFE70898806AB0F580
:10D37000005F0FD1FFE7FFE708980168086820F415
:10D380000050086008980168086840F40050086080
:10D39000FFE7FFE70899012081F85100FFE70899AE
:10D3A000002081F85000FFE703208DF827000EE0F1
:10D3B000049818B9FFE700200390FFE704980138AC
:10D3C0000490FFE793E700208DF82700FFE79DF822
:10D3D00027000AB080BD000000000000000000002F
:10D3E000074B19680868B0E8F04F80F30988BFF36D
:10D3F0006F8F4FF0000080F31188704700BF00BFAF
:10D40000503D002084B0039003980090009800786D
:10D41000ADF8080000980130009000980078ADF851
:10D420000600BDF80610BDF8080040EA0120ADF87E
:10D430000A00BDF80A0004B07047000080B584B04F
:10D4400041F22471C2F2000103910020C4F22010C5
:10D45000086040F69840C2F2000040F27832C2F212
:10D460000002019202210091FDF7DCF90099019878
:10D4700000F11C0240F60850C2F20000FDF7D2F99C
:10D48000019800F1380240F62840C2F20000012164
:10D490000291FDF7C7F90198029900F1540240F694
:10D4A000B830C2F20000FDF7BDF9039900200874FE
:10D4B000087C00F00100487404B080BD41F2247182
:10D4C000C2F20001002088800874704780B540F2E5
:10D4D0007870C2F20000C078012840F0C780FFE7F2
:10D4E00040F28800C2F20000B0F9D20010F5165FD9
:10D4F0001EDCFFE741F22470C2F200008079C00711
:10D50000B0B9FFE741F22470C2F200004189013155
:10D510004181B0F90A00652809DBFFE741F2247177
:10D52000C2F200010120887100204881FFE7FFE777
:10D5300041F22470C2F200008079C00738B3FFE7DF
:10D5400041F22471C2F200010020CCF220100860E8
:10D5500008890130088140F28800C2F20000B0F969
:10D56000D200B0F57A6F09DCFFE741F22470C2F215
:10D570000000B0F90800642808DBFFE741F22471DD
:10D58000C2F20001002008818871FFE7FFE741F245
:10D590002470C2F2000090ED000A9FED381A20EED0
:10D5A000010A40F28800C2F20000B0F9D60001EE94
:10D5B000100AF8EEC10A40F62840C2F20000FCF75B
:10D5C00093FF40F27870C2F20000807801282AD1DF
:10D5D000FFE741F22470C2F20000007CC007C0B136
:10D5E000FFE741F22470C2F20000807CC00780B1E6
:10D5F000FFE740F62840C2F2000090ED0D0ABDEEB4
:10D60000C00A10EE100A41F22471C2F200018880B3
:10D6100008E041F22471C2F20001002008818880F4
:10D620004881FFE721E041F22470C2F20000007C53
:10D63000C00780B1FFE740F62840C2F2000090ED3D
:10D640000D0ABDEEC00A10EE100A41F22471C2F2BA
:10D650000001888008E041F22471C2F2000100203C
:10D66000088188804881FFE7FFE706E041F22471E6
:10D67000C2F2000100208880FFE780BD000007445F
:10D6800080B582B00190FFF7D9FEFFE706F00CFFEE
:10D6900041F25871C2F20001086040F27870C2F2A3
:10D6A0000000C07828B1FFE7FFF710FFF5F750FA48
:10D6B0000AE040F27870C2F20000C07818B9FFE7C3
:10D6C000FFF7FCFEFFE7FFE7012006F0BBFEDDE70A
:10D6D00080B582B040F6D870C2F2000090F83900F0
:10D6E000C00740B1FFE740F6D870C2F20000B0F8C2
:10D6F0002F0038B9FFE740F27871C2F20001012033
:10D70000087006E040F27871C2F200010020087053
:10D71000FFE740F6D870C2F2000090F839004008E8
:10D72000C00740B1FFE740F6D870C2F20000B0F881
:10D730002F0038B9FFE740F27871C2F200010120F2
:10D74000487006E040F27871C2F200010020487093
:10D75000FFE740F6D870C2F2000090F83900C00729
:10D7600040B1FFE740F6D870C2F20000B0F82F00D9
:10D7700038B9FFE740F27871C2F200010120087069
:10D7800006E040F27871C2F2000100200870FFE765
:10D7900040F23860C2F2000090F84C00C00738B187
:10D7A000FFE740F29861C2F200019620088328E06A
:10D7B00040F6D870C2F200000090408F00EE100AD0
:10D7C000F8EE400A40F64830C2F2000001909FEDAA
:10D7D0000E0AFCF789FE00990198B1F8371000EEA7
:10D7E000101AB8EEC00A90ED0D1A30EE410ABDEEE7
:10D7F000C00A10EE100A40F29861C2F200010883DC
:10D80000FFE702B080BD00BF0000704280B582B06B
:10D810004FF0500080F31188BFF36F8FBFF34F8F2D
:10D82000009008F067F940B1FFE74EF60451CEF2E0
:10D8300000014FF080500860FFE700200190019840
:10D8400080F3118802B080BD80B594B008A8302163
:10D85000F3F721FC002007900690059004900390B8
:10D86000FFE70020029043F64000C4F20200016886
:10D8700041F080510160006800F0805002900298F1
:10D88000FFE7FFE70020019047F20000C4F200002C
:10D89000016841F480410160006800F4804001901B
:10D8A0000198FFE7012008904FF480300990022092
:10D8B0000E904FF480010F9106211091A821119133
:10D8C00012900720139008A8F8F71CFE18B1FFE784
:10D8D000F5F708F9FFE70F200390022004900020DD
:10D8E00005904FF4A05006904FF48050079003A885
:10D8F0000521F8F7F3FB18B1FFE7F5F7F3F8FFE7B9
:10D90000F8F71EFD14B080BD4EF68851CEF200012E
:10D91000086840F4700008607047000080B543F666
:10D92000AC30C2F20000F9F7EDFE80BD83B002908A
:10D93000019102980068009002980021C4F2010150
:10D94000884225D0FFE70298B0F1804F20D0FFE752
:10D95000029840F20041C4F20001884218D0FFE76B
:10D96000029840F60001C4F20001884210D0FFE79F
:10D97000029840F60041C4F20001884208D0FFE757
:10D98000029840F20041C4F2010188420AD1FFE747
:10D99000009820F0700000900198416800980843BA
:10D9A0000090FFE702980021C4F20101884255D09F
:10D9B000FFE70298B0F1804F50D0FFE7029840F2A5
:10D9C0000041C4F20001884248D0FFE7029840F6C7
:10D9D0000001C4F20001884240D0FFE7029840F6FF
:10D9E0000041C4F20001884238D0FFE7029840F2BB
:10D9F0000041C4F20101884230D0FFE7029844F2AE
:10DA00000001C4F20101884228D0FFE7029844F2E5
:10DA10000041C4F20101884220D0FFE7029844F699
:10DA20000001C4F20101884218D0FFE7029841F6D4
:10DA30000001C4F20001884210D0FFE7029841F6CD
:10DA40000041C4F20001884208D0FFE7029842F288
:10DA50000001C4F2000188420AD1FFE7009820F4D7
:10DA6000407000900198C168009808430090FFE75B
:10DA7000009820F0800001994969084300900098BF
:10DA800002990860019880680299C862019800684C
:10DA90000299886202980021C4F20101884208D0EC
:10DAA000FFE7029840F20041C4F20101884205D12B
:10DAB000FFE70198006902990863FFE702990120D6
:10DAC000486103B07047000084B003900291019256
:10DAD000029800F01F01012088400090009A0399ED
:10DAE000086A904308620198029901F01F0100FA48
:10DAF00001F20399086A1043086204B070470000FD
:10DB000085B004900391029201930498806800907C
:10DB1000009820F47F40009003980299019A41EA0E
:10DB200002210143009808430090009804998860FE
:10DB300005B0704783B00290019102988068009010
:10DB4000009820F07000009001980099084340F080
:10DB50000700009000980299886003B070470000A9
:10DB600085B0049003910499086A20F001000862CE
:10DB70000498006A019004984068009004988069B5
:10DB80000290029820F070000290029820F00300AA
:10DB9000029003980168029808430290019820F0CF
:10DBA000020001900398816801980843019004984D
:10DBB0000021C4F20101884208D0FFE7049840F236
:10DBC0000041C4F2010188420ED1FFE7019820F024
:10DBD000080001900398C1680198084301900198DA
:10DBE00020F004000190FFE704980021C4F2010135
:10DBF000884208D0FFE7049840F20041C4F20101D6
:10DC0000884213D1FFE7009820F4807000900098BC
:10DC100020F4007000900398416900980843009038
:10DC200003988169009808430090FFE700980499E1
:10DC30004860029804998861039840680499486391
:10DC400001980499086205B07047000085B00490FF
:10DC500003910499086A20F0100008620498006A91
:10DC6000019004984068009004988069029002989E
:10DC700020F4E0400290029820F440700290039853
:10DC80000168029840EA01200290019820F02000EB
:10DC9000019003988168019840EA0110019004986E
:10DCA0000021C4F20101884208D0FFE7049840F245
:10DCB0000041C4F2010188420FD1FFE7019820F032
:10DCC000800001900398C168019840EA011001901A
:10DCD000019820F040000190FFE704980021C4F271
:10DCE0000101884208D0FFE7049840F20041C4F2E5
:10DCF0000101884215D1FFE7009820F48060009070
:10DD0000009820F40060009003984169009840EA70
:10DD10008100009003988169009840EA810000909A
:10DD2000FFE7009804994860029804998861039875
:10DD300040680499886301980499086205B07047A7
:10DD400085B0049003910499086A20F480700862F9
:10DD50000498006A01900498406800900498C06993
:10DD60000290029820F070000290029820F00300C8
:10DD7000029003980168029808430290019820F4E9
:10DD80000070019003988168019840EA0120019099
:10DD900004980021C4F20101884208D0FFE70498EA
:10DDA00040F20041C4F2010188420FD1FFE701981F
:10DDB00020F4006001900398C168019840EA0120B6
:10DDC0000190019820F480600190FFE70498002101
:10DDD000C4F20101884208D0FFE7049840F20041F4
:10DDE000C4F20101884215D1FFE7009820F4805069
:10DDF0000090009820F4005000900398416900982A
:10DE000040EA0110009003988169009840EA0110EF
:10DE10000090FFE700980499486002980499C8614F
:10DE2000039840680499C86301980499086205B092
:10DE30007047000085B0049003910499086A20F4AB
:10DE4000805008620498006A01900498406800902D
:10DE50000498C0690290029820F4E0400290029871
:10DE600020F44070029003980168029840EA012073
:10DE70000290019820F40050019003988168019865
:10DE800040EA0130019004980021C4F20101884267
:10DE900008D0FFE7049840F20041C4F20101884233
:10DEA0000BD1FFE7009820F480400090039841696F
:10DEB000009840EA81100090FFE7009804994860BC
:10DEC00002980499C861039840680499086401980D
:10DED0000499086205B0704785B0049003910292DE
:10DEE0000498006A00900499086A20F00100086212
:10DEF000049880690190019820F0F0000190029947
:10DF0000019840EA01100190009820F00A0000906A
:10DF1000039900980843009001980499886100983B
:10DF20000499086205B0704785B00490039102928D
:10DF30000499086A20F01000086204988069019032
:10DF40000498006A0090019820F4704001900299B2
:10DF5000019840EA01300190009820F0A000009064
:10DF60000399009840EA0110009001980499886193
:10DF700000980499086205B07047000080B582B02F
:10DF800001900198806B009000990020C88500994D
:10DF9000C8840098F9F788FF02B080BD84B0039070
:10DFA000FFE7FFE70398006850E8030F20F4907044
:10DFB0000290FFE702990398026842E803100028E4
:10DFC000F0D1FFE7FFE7FFE7FFE70398006850E8BD
:10DFD000050F20F001000190FFE701990398026806
:10DFE00042E805100028F0D1FFE7FFE70398006B37
:10DFF000012814D1FFE7FFE7FFE70398006850E826
:10E00000030F20F010000090FFE7009903980268CA
:10E0100042E803100028F0D1FFE7FFE7FFE703998C
:10E02000202081F83E0003990020086304B0704767
:10E0300080B582B0019001980168C86820F0400066
:10E04000C8600199202081F83D000198FAF76CFC26
:10E05000002002B080BD000080B586B00490049816
:10E0600090F83E00222840F0A180FFE704988068E5
:10E07000B0F5805F15D1FFE70498006988B9FFE724
:10E08000002003900498806A029004980068406819
:10E090006FF35F20029908800499886A02308862D1
:10E0A00025E00498806A039000200290049880681C
:10E0B000B0F5805F08D0FFE70498806850B9FFE7AB
:10E0C0000498006930B9FFE7049800684068039934
:10E0D000087007E004980068406800F07F0003992A
:10E0E0000870FFE70499886A01308862FFE70499A5
:10E0F000C88D0138C8850004002853D1FFE7049873
:10E100000168C86820F02000C86004980168C868E9
:10E1100020F48070C86004980168486920F001000C
:10E1200048610499202081F83E000498006B012882
:10E1300030D1FFE7049900200863FFE7FFE7049868
:10E14000006850E8030F20F010000190FFE70199EC
:10E150000498026842E803100028F0D1FFE7FFE7C7
:10E16000049800680068C00600280ED5FFE7FFE7A6
:10E1700000200090049800680068009004980068EF
:10E18000406800900098FFE7FFE70498818DF9F759
:10E190004FFE03E00498FAF7C9FAFFE700208DF874
:10E1A000170007E000208DF8170003E002208DF82B
:10E1B0001700FFE79DF8170006B080BD80B586B058
:10E1C000059005980068006920F44050059A116890
:10E1D000D26810430861059988680B694A69C96962
:10E1E000184310430843049005980068C06849F23A
:10E1F0000C6188430499084305990968C86005982B
:10E200000068406920F44070059A116892691043D3
:10E2100048610598006841F20001C4F2010188429A
:10E2200009D0FFE70598006841F20041C4F20101FE
:10E23000884204D1FFE7F8F7CBF8039003E0F8F742
:10E24000B5F80390FFE70598C069B0F5004F29D1F4
:10E25000FFE703981921A0FB0101059A13680293B7
:10E2600053685A00DB0FF2F7BAFD0299864648F26E
:10E270001F53C5F2EB13AEFB0320420910014FF010
:10E28000640C02FB1CEC322202EBCC02A2FB033238
:10E29000F82303EA521300EB4300C2F34212104486
:10E2A000886026E003981921A0FB0101059A1368F4
:10E2B000019353689A009B0FF2F791FD01998446F0
:10E2C00048F21F52C5F2EB12ACFB02304309642046
:10E2D00003FB10CC322000EB0C10A0FB0202F0205C
:10E2E00000EA521000EB0310C2F34312104488609E
:10E2F000FFE706B080BD000083B00190019890F860
:10E300003D0021283AD1FFE701988068B0F5805F91
:10E3100013D1FFE70198006978B9FFE70198006A17
:10E320000090009800886FF35F20019909684860A9
:10E330000199086A0230086208E0019A106A411CDB
:10E3400011620078019909684860FFE70199C88C5B
:10E350000138C884000468B9FFE701980168C868FB
:10E3600020F08000C86001980168C86840F0400053
:10E37000C860FFE700208DF80B0003E002208DF855
:10E380000B00FFE79DF80B0003B0704780B588B025
:10E39000DDF828C0069005918DF813200393FFE760
:10E3A00006980068006805990840401AB0FA80F0A5
:10E3B00040099DF81310884249D1FFE70A980130BF
:10E3C000002843D0FFE70A9840B1FFE7F6F7BEFB0D
:10E3D0000399401A0A99884237D9FFE7FFE7FFE718
:10E3E0000698006850E8030F20F4D0700290FFE711
:10E3F00002990698026842E803100028F0D1FFE76E
:10E40000FFE7FFE7FFE70698006850E8050F20F0F8
:10E4100001000190FFE701990698026842E80510A3
:10E420000028F0D1FFE7FFE70699202081F83D00A2
:10E43000069981F83E00FFE70699002081F83C002C
:10E44000FFE703208DF81F0005E0FFE7A8E70020A5
:10E450008DF81F00FFE79DF81F0008B080BD000089
:10E4600080B540F6D870C2F2000090F82D0040F25E
:10E470002851C2F20001086040F2D640C2F200000A
:10E48000417D0120B0EBD11F40F09680FFE740F2C4
:10E490002460C2F20000006847F6D501C2F2E961CB
:10E4A00048434FEAB00041F26E21C0F28301884236
:10E4B0000DD8FFE706F002FD40F22460C2F2000032
:10E4C000006840F66001C2F20001086073E040F2AB
:10E4D0002460C2F20000026844F6D350C1F2620028
:10E4E000A2FB001040094FF4FA7100FB112040F626
:10E4F0006001C2F2000109683231884203D1FFE7AE
:10E5000006F0E0FC56E040F22460C2F2000002682F
:10E5100044F6D350C1F26200A2FB001040094FF450
:10E52000FA7100FB112040F66001C2F20001096897
:10E530006431884203D1FFE706F0CCFC39E040F2B9
:10E540002460C2F20000026844F6D350C1F26200B7
:10E55000A2FB001040094FF4FA7100FB112040F6B5
:10E560006001C2F2000109689631884203D1FFE7D9
:10E5700006F0ACFC1CE040F22460C2F2000002682D
:10E5800044F6D350C1F26200A2FB001040094FF4E0
:10E59000FA7100FB112040F66001C2F20001096827
:10E5A000C831884203D1FFE706F098FCFFE7FFE798
:10E5B000FFE7FFE7FFE706E040F66001C2F2000177
:10E5C00000200860FFE780BD80B588B040F2D640EB
:10E5D000C2F20000417D0120B0EBD11F00F0868225
:10E5E000FFE740F22460C2F20000006845F62941CE
:10E5F000CCF28F2148434FEAB00045F62841C0F2E3
:10E600008F21884200F23181FFE742F25400C2F2CA
:10E6100000000068002840F02881FFE740F22460F5
:10E62000C2F20000006842F25401C2F20001086028
:10E6300040F2F840C2F2000001680491D1F80300F2
:10E640000290D1F807200392D1F80B100591C0F386
:10E65000883008F009FF41EC100B8DED000B40F203
:10E660003860C2F200000690406D09F0C7FB41EC33
:10E67000100B9FEDE51B53EC112B51EC100B08F028
:10E6800017FF9DED000B41EC110B51EC110B53ECFE
:10E69000102B08F02FFB41EC100B51EC100B9FEDF1
:10E6A000DC0B53EC102B08F025FB41EC100B51EC6C
:10E6B000100B08F06BFE029BDDF80CC0049A059964
:10E6C000864606986FF3DF5343EACE53C2F807C07D
:10E6D000C2F80330C2F80B1090ED150A9FEDCE1A68
:10E6E00020EE010ABDEEC00A10EE101A40F2F4420C
:10E6F000C2F200021268C2F80B1090ED150A9FEDED
:10E70000C71AB4EE410AF1EE10FA16DDFFE740F247
:10E71000F840C2F200000168D1F80320D1F80730B8
:10E72000D1F80B004FF0030C6CF38D22C1F80730C9
:10E73000C1F80320C1F80B0057E040F23860C2F284
:10E74000000090ED150A9FEDB51AB4EE410AF1EE06
:10E7500010FA24DCFFE740F23860C2F2000090EDCE
:10E76000150AB2EE0E1AB4EE410AF1EE10FA16DBFB
:10E77000FFE740F2F840C2F200000168D1F8032040
:10E78000D1F80730D1F80B004FF0040C6CF38D2258
:10E79000C1F80730C1F80320C1F80B0024E040F2B3
:10E7A0003860C2F2000090ED150AB2EE0E1AB4EE17
:10E7B000410AF1EE10FA16DAFFE740F2F840C2F231
:10E7C00000000168D1F80320D1F80730D1F80B0020
:10E7D0004FF0070C6CF38D22C1F80730C1F803200D
:10E7E000C1F80B00FFE7FFE7FFE740F23860C2F235
:10E7F000000090F84D00C007A0B9FFE740F2FC40D0
:10E80000C2F200000168D1F80320D1F80730D1F836
:10E810000B0022F47052C1F80730C1F80320C1F890
:10E820000B001FE040F23860C2F2000090F84D008B
:10E83000C007B0B1FFE740F2FC40C2F2000001683F
:10E84000D1F80320D1F80730D1F80B004FF0020CBB
:10E850006CF38D22C1F80730C1F80320C1F80B001A
:10E86000FFE7FFE706F0C2FB3FE140F22460C2F29F
:10E870000000006842F25401C2F2000109681E3132
:10E88000884273D1FFE740F2CC10C2F2000090ED55
:10E890000E0AB5EE400AF1EE10FA0DDDFFE740F288
:10E8A000CC10C2F2000090ED0E0A9FED951A30EEEA
:10E8B000010A8DED070AFFE740F2CC10C2F200001A
:10E8C00090ED0E0AB5EE400AF1EE10FA11DAFFE70C
:10E8D00040F2CC10C2F2000090ED0E0A9FED891AB2
:10E8E00030EE010A9FED881A30EE010A8DED070A1D
:10E8F000FFE79DED070AB2EE0E1A30EE410ABCEEBC
:10E90000C00A10EE10EA40F2F040C2F200000268C5
:10E91000D2F80330D2F807C0D2F80B106FF35F2E95
:10E920006FF3963343EA8E33C2F807C0C2F8033060
:10E93000C2F80B109DED070A30EE010ABCEEC00ACA
:10E9400010EE10CA0168D1F80320D1F80730D1F8D1
:10E950000B006FF3DF5242EACC52C1F80730C1F826
:10E960000320C1F80B0006F041FBBDE040F224603B
:10E97000C2F20000006842F25401C2F200010968CC
:10E980003C3188424CD1FFE741F22470C2F20000D2
:10E99000807CC007A0B9FFE740F21050C2F200002F
:10E9A0000168D1F80320D1F80730D1F80B0022F428
:10E9B0007052C1F80730C1F80320C1F80B001EE007
:10E9C00041F22470C2F20000807CC007B0B1FFE7C2
:10E9D00040F21050C2F200000168D1F80320D1F8D3
:10E9E0000730D1F80B004FF0020C6CF38D22C1F808
:10E9F0000730C1F80320C1F80B00FFE7FFE706F07E
:10EA0000F9FA70E000BF00BFE17A14AE47E1EA3FD7
:10EA1000000000000000F03F00007A4400002042A7
:10EA200040F22460C2F20000006842F25401C2F2D7
:10EA3000000109685A3188423ED1FFE740F6D8709C
:10EA4000C2F20000D0F86300B0B1FFE740F204501A
:10EA5000C2F200000168D1F80320D1F80730D1F8E4
:10EA60000B004FF0020C6CF38D22C1F80730C1F897
:10EA70000320C1F80B001CE040F6D870C2F2000081
:10EA8000D0F86300A0B9FFE740F20450C2F20000E2
:10EA90000168D1F80320D1F80730D1F80B0022F437
:10EAA0007052C1F80730C1F80320C1F80B00FFE72E
:10EAB000FFE706F09FFA15E040F22460C2F2000082
:10EAC000006842F25401C2F20001096878318842BC
:10EAD00007D1FFE742F25401C2F2000100200860B2
:10EAE000FFE7FFE7FFE7FFE7FFE706E042F2540139
:10EAF000C2F2000100200860FFE708B080BD00BF3F
:10EB0000000082430080B6430000B4C280B543F6E3
:10EB10008440C2F20000F9F7CBF980BD80B543F61E
:10EB2000C840C2F20000F9F7C3F980BD80B543F6D2
:10EB30000C50C2F20000F9F7BBF980BD84B0DDF8DB
:10EB400010C0039002910192009303990120086381
:10EB5000049840000399888503980168486940F04B
:10EB60004000486103980168C86840F01000C86020
:10EB7000FFE70398806B0168086820F001000860D7
:10EB8000FFE70398806B00680068C0070028F0D199
:10EB9000FFE702980399896B0968886001980399D7
:10EBA000896B0968C86000980399896B09680861D6
:10EBB00004980399896B096848600398806B016821
:10EBC000086840F4802008600398806B016808683A
:10EBD00040F00100086004B07047000080B586B0C6
:10EBE00004908DF80F100498D0F8C8020190049892
:10EBF000D0F8D41200EB8100D0F8C00220B9FFE7B2
:10EC000003208DF817005FE00498D0F8D41200EBD1
:10EC10008100D0F8C002029004989DF80F1001F016
:10EC20000F0101EB810100EB8100806940B3FFE738
:10EC300004989DF80F1001F00F0101EB810200EB29
:10EC400082008269019801EBC10100EB8100816CB7
:10EC5000B2FBF1F000FB112090B9FFE704989DF89A
:10EC60000F1001F00F0101EB810100EB8100002387
:10EC7000836104989DF80F101A4601F039FD1FE0DA
:10EC800002990020C1F814020498D0F8D41200EBC5
:10EC90008100D0F8C402006988B1FFE70498D0F879
:10ECA000D41200EB8100D0F8C40203690299D1F8B4
:10ECB000080201F504719DF80F209847FFE7FFE770
:10ECC00000208DF81700FFE79DF8170006B080BD03
:10ECD00080B584B002908DF807100298D0F8D41255
:10ECE00000EB8100D0F8C00200900298D0F8D41256
:10ECF00000EB8100D0F8C00220B9FFE703208DF8B7
:10ED00000F0019E002989DF8071001F081FA0099B0
:10ED1000C1F80C020298D0F8D41200EB8100D0F8B0
:10ED2000C402C2680099D1F8040201F5037190474A
:10ED300000208DF80F00FFE79DF80F0004B080BDA4
:10ED400080B586B005908DF81310059840F26501E6
:10ED5000C2F200010091097801F072F8009905985B
:10ED6000097801F00F0101EB810100EB8101002026
:10ED700003908884059840F26601C2F20001019177
:10ED8000097801F05DF8019A03980599127802F06C
:10ED90000F0202EB820201EB8201A1F864010598E7
:10EDA00040F26401C2F200010291097801F048F8D2
:10EDB000029A03980599137803F00F0303EB83037A
:10EDC00001EB830188840599127802F00F0202EBAF
:10EDD000820201EB8201C8840598D0F8D41200EBBE
:10EDE0008100D0F8C002F0B1FFE70598D0F8D41246
:10EDF00000EB8100D0F8C402406880470598D0F845
:10EE0000D41200EB8100D0F8C00202F00DF9059891
:10EE1000D0F8D41200EB81010020C1F8C00205999E
:10EE2000C1F8BC02FFE7002006B080BD80B584B009
:10EE300002900298D0F8D41200EB8100D0F8C00202
:10EE40000190019820B9FFE703208DF80F0025E01D
:10EE50000298D0F8D41200EB8100D0F8C402C8B1F7
:10EE6000FFE7019890F80002FF2813D0FFE702980F
:10EE7000D0F8D41200EB8100D0F8C4028368019965
:10EE800091F8000291F8012298470199FF2081F83A
:10EE90000002FFE700208DF80F00FFE79DF80F004C
:10EEA00004B080BD81B0009000990A20088040F233
:10EEB0008440C2F2000001B07047000080B586B007
:10EEC000059040F24040C2F200000190822100F023
:10EED00051FE014601980491012100F04BFE0146CC
:10EEE00001980391812100F045FE0290049820B121
:10EEF000FFE7049910208871FFE7039820B1FFE72E
:10EF0000039940208880FFE7029820B1FFE702992B
:10EF100040208880FFE705994320088040F2404068
:10EF2000C2F2000006B080BD80B586B0059040F208
:10EF30004040C2F200000190822100F01BFE014619
:10EF400001980491012100F015FE014601980391FA
:10EF5000812100F00FFE0290049820B1FFE7049990
:10EF600010208871FFE7039828B1FFE703994FF459
:10EF700000708880FFE7029828B1FFE702994FF4FC
:10EF800000708880FFE705994320088040F24040E8
:10EF9000C2F2000006B080BD80B586B0059040F298
:10EFA0004040C2F200000190822100F0E3FD0146E2
:10EFB00001980491012100F0DDFD014601980391C3
:10EFC000812100F0D7FD0290049820B1FFE7049959
:10EFD00010208871FFE7039820B1FFE703994020D4
:10EFE0008880FFE7029820B1FFE7029940208880DF
:10EFF000FFE705994320088040F24040C2F200003C
:10F0000006B080BD80B590B00E908DF837104FF4EB
:10F01000077002F00DF80C900C9860B9FFE70E989D
:10F02000D0F8D41200EB81010020C1F8C002022008
:10F030008DF83F00F0E00C984FF40771F2F72BF8D1
:10F040000C980E99D1F8D42201EB8201C1F8C002CC
:10F050000E99D1F8D40201EB8000D0F8C002C1F8BB
:10F06000BC020E98007C002840D1FFE70E9840F2C9
:10F070006501C2F2000107910978022208924FF45B
:10F080000073099301F0B0F90799089A099B0E984B
:10F09000097801F00F0101EB810100EB81010120F2
:10F0A0000B9088840E9840F26601C2F200010A912A
:10F0B000097801F099F90A9A0B980E99127802F0E2
:10F0C0000F0202EB820201EB8201A1F864010E98AB
:10F0D00040F26401C2F20001097801F00F0101EB76
:10F0E000810100EB81011020C8843EE00E9840F2BF
:10F0F0006501C2F2000102910978022203924023C5
:10F10000049301F071F90299039A049B0E9809780F
:10F1100001F00F0101EB810100EB8101012006905C
:10F1200088840E9840F26601C2F2000105910978C8
:10F1300001F05AF9059A06980E99127802F00F021A
:10F1400002EB820201EB8201A1F864010E9840F209
:10F150006401C2F20001097801F00F0101EB8101A5
:10F1600000EB81011020C884FFE70E9840F2640193
:10F17000C2F20001009109780322082301F034F95A
:10F1800000990E98097801F00F0101EB810100EB65
:10F190008101012088840C9900200190C1F80402AB
:10F1A0000E98D0F8D41200EB8100D0F8C4020068A9
:10F1B000804701980C99C1F814020C99C1F8180203
:10F1C0000C98D0F8040220B9FFE702208DF83F0028
:10F1D00022E00E98007C70B9FFE70E9840F26601BD
:10F1E000C2F2000109780C9AD2F804224FF400739D
:10F1F00001F020F90CE00E9840F26601C2F2000125
:10F2000009780C9AD2F80422402301F013F9FFE7A1
:10F2100000208DF83F00FFE79DF83F0010B080BD53
:10F2200080B584B002900298D0F8D41200EB81002F
:10F23000D0F8C00201900298D0F8D41200EB8100FF
:10F24000D0F8C00220B9FFE703208DF80F0022E0BC
:10F250000298007C70B9FFE7029840F26601C2F2A2
:10F2600000010978019AD2F804224FF4007301F0EA
:10F27000E1F80CE0029840F26601C2F20001097860
:10F28000019AD2F80422402301F0D4F8FFE70020CD
:10F290008DF80F00FFE79DF80F0004B080BD00005F
:10F2A00083B001900091009820B9FFE703208DF80A
:10F2B0000B000BE000980199D1F8D42201EB8201F8
:10F2C000C1F8C40200208DF80B00FFE79DF80B0089
:10F2D00003B0704784B0029001910298D0F8D41224
:10F2E00000EB8100D0F8C0020090009820B9FFE741
:10F2F00003208DF80F0007E001980099C1F804027F
:10F3000000208DF80F00FFE79DF80F0004B0704754
:10F3100085B00390029101920398D0F8D41200EBCB
:10F320008100D0F8C0020090009820B9FFE70320C8
:10F330008DF813000BE002980099C1F808020198BB
:10F340000099C1F8100200208DF81300FFE79DF826
:10F35000130005B07047000080B58AB0089007918F
:10F360000898D0F8D41200EB8100D0F8C0020690C3
:10F3700000208DF81500ADF812008DF811000698E8
:10F3800020B9FFE703208DF82700C7E00798007831
:10F3900000F060000146039100285ED0FFE703986B
:10F3A000202840F0AE80FFE70798C088002846D0AC
:10F3B000FFE7079800780006002823D5FFE70898A4
:10F3C000D0F8D41200EB8100D0F8C4028368079A09
:10F3D00050780699D28898470798C088082803D3A0
:10F3E000FFE70720029003E00798C0880290FFE73C
:10F3F0000298ADF8160008980699BDF8162000F09E
:10F4000037F91BE007984078069981F800020798C1
:10F41000C0883F2804D8FFE70798C088019002E021
:10F4200040200190FFE70198069981F801020898B1
:10F43000069991F8012200F0EDF8FFE70CE008983A
:10F44000D0F8D41200EB8100D0F8C4028368079989
:10F45000487800229847FFE75BE00798407801462C
:10F4600000910B2844D80099DFE801F006414242A0
:10F470004242424242421C32089890F89C020328C1
:10F4800007D1FFE708980DF11201022200F0F0F811
:10F4900007E00898079900F0AFF803208DF81100F5
:10F4A000FFE72DE0089890F89C02032807D1FFE7BA
:10F4B00008980DF11501012200F0DAF807E008982C
:10F4C000079900F099F803208DF81100FFE717E085
:10F4D000089890F89C02032808D0FFE7089807993D
:10F4E00000F08AF803208DF81100FFE708E007E03C
:10F4F0000898079900F080F803208DF81100FFE7C5
:10F5000007E00898079900F077F803208DF81100BC
:10F51000FFE79DF811008DF82700FFE79DF8270011
:10F520000AB080BD80B582B001908DF80310002034
:10F530008DF802000198D0F8B8124A689DF80310BF
:10F54000904720B1FFE703208DF80200FFE79DF808
:10F55000020002B080BD000080B582B00190009131
:10F56000019890F89C02013802280ED8FFE7009815
:10F570004088012808D1FFE701990020C1F8A402C2
:10F58000019800F08FF8FFE704E00198009900F07F
:10F5900033F8FFE702B080BD82B001908DF8031010
:10F5A000002002B07047000082B001908DF8031077
:10F5B000002002B07047000080B584B00390029133
:10F5C00001920398029A019B0021009100F032FF02
:10F5D000009804B080BD000080B584B00390029113
:10F5E00001920398029A019B0021009101F080F89A
:10F5F000009804B080BD000080B582B001900091F9
:10F600000198802101F02CF80198002101F028F8E0
:10F6100002B080BD80B584B003900291019203993D
:10F620000320C1F8940201980399C1F85801019888
:10F630000399C1F85C010398029A019B0021009193
:10F6400000F0F8FE009804B080BD000080B582B0E4
:10F65000019001990520C1F89402019800230093BC
:10F6600019461A4600F0E6FE009802B080BD000080
:10F6700080B584B003900291019203990220C1F8F1
:10F68000940201980399886101980399C8610398CD
:10F69000029A019B0021009101F02AF8009804B021
:10F6A00080BD000080B582B0019001990420C1F8AE
:10F6B000940201980023009319461A4601F018F8A5
:10F6C000009802B080BD000080B582B08DF80700C0
:10F6D00000919DF8070060B9FFE7009A48F639608D
:10F6E000C0F6010041F63041C2F2000100F0DEFA3E
:10F6F0000BE0009A48F63960C0F6010041F630414F
:10F70000C2F2000100F0D2FAFFE741F63040C2F247
:10F71000000002B080BD000082B08DF807000091AB
:10F7200000991220088040F29040C2F2000002B01E
:10F730007047000080B582B08DF8070000919DF8F9
:10F74000070060B9FFE7009A48F62B60C0F6010099
:10F7500041F63041C2F2000100F0A8FA0BE0009A35
:10F7600048F62B60C0F6010041F63041C2F20001BC
:10F7700000F09CFAFFE741F63040C2F2000002B010
:10F7800080BD000082B08DF8070000910099042030
:10F79000088040F2B840C2F2000002B0704700009A
:10F7A00080B584B08DF80F000291029A48F644604B
:10F7B000C0F6010041F63041C2F20001019100F0B3
:10F7C00075FA019804B080BD80B582B08DF807004D
:10F7D00000919DF8070060B9FFE7009A48F657606E
:10F7E000C0F6010041F63041C2F2000100F05EFABD
:10F7F0000BE0009A48F65760C0F6010041F6304130
:10F80000C2F2000100F052FAFFE741F63040C2F2C6
:10F81000000002B080BD000080B582B08DF8070006
:10F82000009100991A200880F3F792FB40F2BC4047
:10F83000C2F2000002B080BD80B584B00390029196
:10F840000298C088012805D0FFE703980299FFF7C6
:10F85000D3FE21E0039890F89C12481E01910228E3
:10F8600004D3FFE7019803280AD00FE00399002092
:10F870008860039800F108010122FFF7F9FE0AE011
:10F880000398011D0122FFF7F3FE04E0039802999B
:10F89000FFF7B2FEFFE7FFE704B080BD80B588B098
:10F8A000079006910020ADF8160004908DF80F0027
:10F8B0000698C078013801460291062800F21E81A0
:10F8C0000299DFE811F0070011002E001B011B0157
:10F8D000E80000010798D0F8B4120A68007C0DF126
:10F8E00016019047049013E10798007C60B9FFE788
:10F8F0000798D0F8B802816A0DF116008847049085
:10F900000499022048700BE00798D0F8B802C16A49
:10F910000DF1160088470490049902204870FFE713
:10F92000F6E00698807801460191052800F2A8804B
:10F930000199DFE801F0031E39546F8A0798D0F867
:10F94000B402406850B1FFE70798D0F8B4124A6893
:10F95000007C0DF116019047049009E00798069984
:10F96000FFF74AFE9DF80F0001308DF80F00FFE70A
:10F9700090E00798D0F8B402806850B1FFE707988C
:10F98000D0F8B4128A68007C0DF1160190470490FB
:10F9900009E007980699FFF72FFE9DF80F00013048
:10F9A0008DF80F00FFE775E00798D0F8B402C06843
:10F9B00050B1FFE70798D0F8B412CA68007C0DF187
:10F9C00016019047049009E007980699FFF714FE86
:10F9D0009DF80F0001308DF80F00FFE75AE00798FF
:10F9E000D0F8B402006950B1FFE70798D0F8B4121C
:10F9F0000A69007C0DF116019047049009E0079810
:10FA00000699FFF7F9FD9DF80F0001308DF80F0002
:10FA1000FFE73FE00798D0F8B402406950B1FFE734
:10FA20000798D0F8B4124A69007C0DF1160190478E
:10FA3000049009E007980699FFF7DEFD9DF80F0096
:10FA400001308DF80F00FFE724E00798D0F8B402EA
:10FA5000806950B1FFE70798D0F8B4128A69007C3A
:10FA60000DF116019047049009E007980699FFF7F9
:10FA7000C3FD9DF80F0001308DF80F00FFE709E08E
:10FA800007980699FFF7B8FD9DF80F0001308DF833
:10FA90000F00FFE73CE00798007C48B9FFE70798B4
:10FAA000D0F8B802416B0DF116008847049009E0C8
:10FAB00007980699FFF7A0FD9DF80F0001308DF81B
:10FAC0000F00FFE724E00798007C60B9FFE7079884
:10FAD000D0F8B802016B0DF1160088470490049924
:10FAE0000720487009E007980699FFF785FD9DF803
:10FAF0000F0001308DF80F00FFE709E00798069925
:10FB0000FFF77AFD9DF80F0001308DF80F00FFE739
:10FB10009DF80F0008B1FFE72AE00698C08818B3E7
:10FB2000FFE7BDF81600C8B1FFE7BDF8160006995B
:10FB3000C988884204DAFFE7BDF81600009003E0A8
:10FB40000698C0880090FFE70098ADF81600079867
:10FB50000499BDF81620FFF78BFD04E0079806997D
:10FB6000FFF74AFDFFE703E00798FFF79BFDFFE77C
:10FB700008B080BD80B586B005908DF8131005984B
:10FB80000390059802900020019002994888097816
:10FB9000884227DDFFE702980078ADF80200FFE712
:10FBA000BDF802000299498888421ADAFFE70398F3
:10FBB0000DF1020100F034F8039003984078052815
:10FBC0000ED1FFE703980190019880789DF81310FB
:10FBD000884201D1FFE704E000200190FFE7FFE742
:10FBE000DEE7FFE7019806B080BD000083B0029019
:10FBF00000208DF8070002980090FFE70098007839
:10FC000048B1FFE79DF8070001308DF80700009824
:10FC100001300090F2E79DF8070003B07047000044
:10FC200083B00290019102980090009802780199A7
:10FC300008881044088002980099097808440090C8
:10FC4000009803B07047000080B582B00190009129
:10FC5000019890F89C02013802281FD8FFE700980D
:10FC6000C088022805D0FFE701980099FFF7C4FC7F
:10FC700019E001990120C8600198D0F8A40230B1C0
:10FC8000FFE70199C86840F00200C860FFE70198EB
:10FC900000F10C010222FFF7EBFC04E0019800994F
:10FCA000FFF7AAFCFFE702B080BD000080B586B078
:10FCB00005900491039200208DF80B00059808B977
:10FCC000FFE73DE0059801900198FFF78FFF01469F
:10FCD000022000EB41000399088003980078049902
:10FCE0009DF80B2088549DF80B0001308DF80B0017
:10FCF00004999DF80B20032088549DF80B000130D7
:10FD00008DF80B00FFE701980078C8B1FFE7019874
:10FD1000007804999DF80B208854019801300190D7
:10FD20009DF80B0001308DF80B0004999DF80B2015
:10FD3000002088549DF80B0001308DF80B00E2E79D
:10FD400006B080BD82B08DF8070000208DF8060057
:10FD50009DF8070001460091032814D80099DFE8B8
:10FD600001F002060A0E00208DF806000FE00320C5
:10FD70008DF806000BE001208DF8060007E0032057
:10FD80008DF8060003E003208DF80600FFE79DF8DC
:10FD9000060002B07047000080B584B00290019167
:10FDA0008DF80320029820B9FFE703208DF80F009B
:10FDB00023E002990020C1F8B8020299C1F8C402F8
:10FDC0000299C1F8D002019828B1FFE70198029981
:10FDD000C1F8B402FFE70299012081F89C029DF866
:10FDE000030002990870029800F020FA8DF80200D2
:10FDF0009DF802008DF80F00FFE79DF80F0004B09A
:10FE000080BD000080B582B001908DF80310002005
:10FE10008DF802008DF801000198D0F8C8029DF815
:10FE20000310F5F7B1F88DF802009DF80200FFF716
:10FE300089FF8DF801009DF8010002B080BD00002F
:10FE400080B582B001908DF8031000208DF802007B
:10FE50008DF801000198D0F8C8029DF80310F5F75D
:10FE60003FF88DF802009DF80200FFF76BFF8DF858
:10FE700001009DF8010002B080BD000080B588B08F
:10FE800006908DF8171004929DF81700002875D180
:10FE9000FFE70698143003900698D0F894020228E1
:10FEA0005DD1FFE703998868C968884212D9FFE7E6
:10FEB00003998868CA68801A886006980499039A2A
:10FEC0009268FFF789FB0698002319461A4600F04E
:10FED000B1FA43E003988168C06888421ED1FFE709
:10FEE00003994868C968884218D3FFE703984068B7
:10FEF0000699D1F89812884210D2FFE7069800229E
:10FF000001921146FFF768FB019B0698C0F89832F2
:10FF1000069819461A4600F08DFA1EE0069890F8E9
:10FF20009C02032811D1FFE70698D0F8B802C068F8
:10FF300050B1FFE706990020C1F8D4020698D0F826
:10FF4000B812C9688847FFE7FFE70698802100F0EC
:10FF500087FB0698FFF77AFBFFE7FFE700E0FFE784
:10FF6000069890F8A00240B1FFE7069800F04EFC1A
:10FF70000699002081F8A002FFE740E006989DF86E
:10FF8000171041F08001FFF707FB8DF80A009DF87C
:10FF90000A00FF2832D0FFE79DF80A0070BBFFE798
:10FFA000069890F89C02032827D1FFE706989DF851
:10FFB0000A1000EB8100D0F8B8024069E0B1FFE719
:10FFC0009DF80A000699C1F8D40206989DF80A1017
:10FFD00000EB8101D1F8B8124A699DF817109047DB
:10FFE0008DF80B009DF80B0028B1FFE79DF80B0082
:10FFF0008DF81F0007E0FFE7FFE7FFE7FFE70020BE
:020000040801F1
:100000008DF81F00FFE79DF81F0008B080BD0000BD
:1000100080B58AB008908DF81F10069200208DF8E8
:1000200013009DF81F00002840F08380FFE7089828
:1000300000F5AA7005900898D0F89402032876D1AC
:10004000FFE705998868C96888421DD9FFE70599C7
:100050008868CA68801A8860089802900698039099
:1000600005998868C968884204D2FFE705988068C6
:10007000019003E00598C0680190FFE7039902989A
:10008000019AFFF799FA51E0089890F8AA0200F057
:100090001F000146009140B1FFE70098012808D0F9
:1000A000FFE7009802280CD013E000208DF8120022
:1000B00013E0089890F8AE12FFF776FA8DF8120068
:1000C0000BE0089890F8AE12FFF766FA8DF8120070
:1000D00003E000208DF81200FFE79DF8120008BB36
:1000E000FFE7089890F89C0203281AD1FFE70898C8
:1000F0009DF8121000EB8100D0F8B802006978B1C9
:10010000FFE79DF812000899C1F8D40208989DF8FD
:10011000121000EB8101D1F8B81209698847FFE796
:10012000FFE7FFE70898FFF7BDFAFFE700E0FFE70A
:1001300040E008989DF81F1001F07F01FFF72CFAAE
:100140008DF812009DF81200FF2832D0FFE79DF8CD
:10015000120070BBFFE7089890F89C0203281ED19C
:10016000FFE708989DF8121000EB8100D0F8B80264
:10017000806998B1FFE79DF812000899C1F8D40290
:1001800008989DF8121000EB8101D1F8B8128A6925
:100190009DF81F1090478DF81300FFE7FFE79DF8CB
:1001A000130028B1FFE79DF813008DF8270005E044
:1001B000FFE7FFE700208DF82700FFE79DF8270005
:1001C0000AB080BD81B00090002001B070470000EF
:1001D00080B582B0019000208DF8030001990120C4
:1001E00081F89C020198D0F8B80268B1FFE7019845
:1001F000D0F8B8124A680179904720B1FFE7032090
:100200008DF80300FFE7FFE79DF8030002B080BD13
:1002100080B582B001908DF803100198D0F8C80223
:100220009DF80310F4F714FF02B080BD80B584B0D0
:10023000039003980078A8BBFFE7039943F200609E
:10024000C2F200000290C0F808150399C1F8C80274
:100250004FF0A0410160042141600222C2600021F0
:1002600001618261C16101624162C1620163F5F7AE
:10027000A9FC18B1FFE7F2F735FCFFE743F2006095
:10028000C2F20000019080210091F4F763FD019813
:1002900000214022F4F76AFD009A01980121F4F749
:1002A00065FDFFE7002004B080BD000084B002902F
:1002B0008DF807100298D0F8C80200909DF807004A
:1002C000000600280ED5FFE700989DF8071001F002
:1002D0007F0101EBC10100EB810090F83E008DF839
:1002E0000F000DE000989DF8071001F07F0101EB71
:1002F000C10100EB810090F87E028DF80F00FFE74E
:100300009DF80F0004B0704780B584B002908DF85E
:1003100007100298D0F8D41200EB8100D0F8B80290
:1003200020B9FFE703208DF80F0020E0029890F835
:100330009C02032817D1FFE70298D0F8D41200EBF3
:100340008100D0F8B802006A60B1FFE70298D0F8E7
:10035000D41200EB8101D1F8B8120A6A9DF8071097
:100360009047FFE7FFE700208DF80F00FFE79DF8BB
:100370000F0004B080BD000080B584B002908DF8FD
:1003800007100298D0F8D41200EB8100D0F8B80220
:1003900020B9FFE703208DF80F0020E0029890F8C5
:1003A0009C02032817D1FFE70298D0F8D41200EB83
:1003B0008100D0F8B802406A60B1FFE70298D0F837
:1003C000D41200EB8101D1F8B8124A6A9DF80710E7
:1003D0009047FFE7FFE700208DF80F00FFE79DF84B
:1003E0000F0004B080BD000080B584B003908DF88C
:1003F0000B108DF80A20ADF8083000208DF80700AA
:100400008DF806000398D0F8C8029DF80B10BDF8CF
:1004100008209DF80A30F4F72DFE8DF807009DF8AE
:100420000700FFF78FFC8DF806009DF8060004B06A
:1004300080BD000080B586B005908DF81310039242
:10044000029300208DF807008DF806000598D0F87B
:10045000C8029DF81310039A029BF4F781FE8DF8F1
:1004600007009DF80700FFF76DFC8DF806009DF86A
:10047000060006B080BD000080B586B00590002063
:100480008DF81300059A012182F89C120599C1F894
:100490009402059948600599C1F8A402059981F86C
:1004A000A0020598D0F8B802A0B1FFE70598D0F8EF
:1004B000B802406868B1FFE70598D0F8B8124A68FA
:1004C0000179904720B1FFE703208DF81300FFE783
:1004D000FFE7FFE7059800220192402303931146AE
:1004E000FFF782FF019A039B059901200290A1F872
:1004F00064010598C0F8603105988021FFF774FF0A
:1005000002990398059A9184059908629DF8130051
:1005100006B080BD81B00090009890F89C0204283D
:1005200007D1FFE7009890F89D02009981F89C029E
:10053000FFE7002001B0704780B582B001900198BC
:1005400090F89C02032813D1FFE70198D0F8B80275
:1005500068B1FFE70198D0F8B802C06930B1FFE791
:100560000198D0F8B812C9698847FFE7FFE7FFE7AD
:10057000002002B080BD000082B001908DF8031011
:100580009DF8030001990874002002B07047000034
:1005900080B582B001908DF8031000208DF8020024
:1005A0008DF801000198D0F8C8029DF80310F5F706
:1005B000F9FC8DF802009DF80200FFF7C3FB8DF8EF
:1005C00001009DF8010002B080BD000080B584B03C
:1005D00003900291039800F2AA20029900F0AAF871
:1005E00003990120C1F894020399B1F8B002C1F84F
:1005F0009802039890F8AA0200F01F0001460091AB
:1006000040B1FFE7009801280CD0FFE700980228CE
:1006100010D017E0039800F2AA2100F04FFA8DF8ED
:10062000070019E0039800F2AA2100F083FC8DF87E
:10063000070011E0039800F2AA2100F0A5FA8DF856
:10064000070009E0039890F8AA1201F0800100F079
:1006500007F88DF80700FFE79DF8070004B080BD9C
:1006600080B582B001908DF8031000208DF8020053
:100670008DF801000198D0F8C8029DF80310F4F736
:10068000B3FD8DF802009DF80200FFF75BFB8DF8CB
:1006900001009DF8010002B080BD000080B582B06D
:1006A000019000208DF803008DF802000198D0F829
:1006B000C802F5F7B3FC8DF803009DF80300FFF7BF
:1006C00041FB8DF802009DF8020002B080BD0000E1
:1006D00081B00090009890F89C02009981F89D02EA
:1006E0000099042081F89C02002001B070470000AE
:1006F00080B586B005908DF8131003920293002008
:100700008DF807008DF806000598D0F8C8029DF80E
:100710001310039A029BF4F7D7FD8DF807009DF89C
:100720000700FFF70FFB8DF806009DF8060006B0E6
:1007300080BD000080B584B00390029102980190C2
:100740000198007803990870019801300190019890
:100750000078039948700198013001900198FCF7E6
:1007600051FE0399488001980130019001980130B1
:1007700001900198FCF746FE0399888001980130AA
:1007800001900198013001900198FCF73BFE03991C
:10079000C88004B080BD000080B584B00290019193
:1007A0000020ADF80200019820B9FFE703208DF882
:1007B0000F0026E001980299C1F8B8020298D0F81B
:1007C000D41200EB8100D0F8B802C06A78B1FFE71C
:1007D0000298D0F8D41200EB8100D0F8B802C16AB8
:1007E0000DF1020088470299C1F8D002FFE7029993
:1007F000D1F8D8020130C1F8D80200208DF80F00DE
:10080000FFE79DF80F0004B080BD000081B00090AC
:10081000002001B07047000080B584B003900291C1
:1008200002988088B8BBFFE70298C08898BBFFE7B2
:10083000029840887F282ED8FFE70298807800F041
:100840007F008DF80700039890F89C02032805D1DB
:10085000FFE703980299FEF7CFFE1BE09DF8070023
:10086000039981F89E0203989DF80710FFF790FE08
:100870000398FEF717FF9DF8070028B1FFE70399DB
:10088000022081F89C0204E00399012081F89C0277
:10089000FFE7FFE704E003980299FEF7ADFEFFE7EC
:1008A00004B080BD80B582B001908DF803100020A7
:1008B0008DF802000198D0F8B80250B1FFE7019816
:1008C000D0F8B8120A689DF8031090478DF802001E
:1008D000FFE79DF8020002B080BD000080B586B041
:1008E0000490039100208DF80B000398817841F665
:1008F0002C40C2F2000001700078022808D3FFE704
:1009000004980399FEF778FE03208DF81700A0E005
:10091000049890F89C0201460191022804D0FFE758
:10092000019803282FD07FE041F62C40C2F200004E
:10093000007818B3FFE741F62C41C2F200010878B5
:10094000049A506004980978FFF7ACFF8DF80B000B
:100950009DF80B0048B1FFE704980399FEF74CFEA1
:100960000499022081F89C0207E00498FEF79AFEA1
:100970000499032081F89C02FFE703E00498FEF746
:1009800091FEFFE760E041F62C40C2F200000078E3
:1009900098B9FFE70499022081F89C0241F62C41A6
:1009A000C2F200010878049A506004980978FEF7B2
:1009B000B9FD0498FEF776FE35E041F62C40C2F210
:1009C0000000007804994968884227D0FFE704981E
:1009D0000179FEF7A7FD41F62C41C2F2000108782B
:1009E000049A506004980978FFF75CFF8DF80B00BB
:1009F0009DF80B0068B1FFE704980399FEF7FCFD32
:100A000004980179FEF78EFD0499022081F89C027A
:100A100003E00498FEF746FEFFE703E00498FEF7C4
:100A200041FEFFE7FFE70FE004980399FEF7E4FDBE
:100A3000049841F62C41C2F200010978FEF772FDDC
:100A400003208DF80B00FFE79DF80B008DF81700D1
:100A5000FFE79DF8170006B080BD000080B582B0AA
:100A60000190009100984088012808D1FFE7019982
:100A70000120C1F8A4020198FEF714FE13E00098CB
:100A80004088022809D1FFE700984079019981F850
:100A9000A0020198FEF706FE04E001980099FEF717
:100AA000ABFDFFE7FFE702B080BD000080B582B07C
:100AB00001900198FFF7F2FD02B080BD80B586B0CD
:100AC0000590049100208DF80F000498007800F044
:100AD000600001460291A8B1FFE70298202804D0E7
:100AE000FFE70298402846D1FFE70598D0F8D412D6
:100AF00000EB8101D1F8B8128A68049990478DF80B
:100B00000F003DE0049840780146019109282CD857
:100B10000199DFE801F01B252A202A0A052A160F71
:100B200005980499FEF7BAFE24E005980499FFF7AA
:100B300073FE1FE005980499FFF7D0FE8DF80F00B3
:100B400018E005980499FEF777FE13E005980499DC
:100B5000FFF77AF80EE005980499FFF77FFF09E0A8
:100B600005980499FEF7F8FC04E005980499FEF74F
:100B700043FDFFE704E005980499FEF73DFDFFE71C
:100B80009DF80F0006B080BD80B58CB00B900A9127
:100B900000208DF821000A9880888DF823000A989B
:100BA000007800F0600001460791B8B3FFE70798AE
:100BB000202805D0FFE70798402840F0B281FFE7E2
:100BC0000B989DF82310FEF7E7FC8DF822009DF8A6
:100BD0002200FF2821D0FFE79DF82200E8B9FFE7B7
:100BE0009DF822000B99C1F8D4020B989DF82210B1
:100BF00000EB8100D0F8B802806868B1FFE70B987D
:100C00009DF8221000EB8101D1F8B8128A680A9988
:100C100090478DF82100FFE7FFE787E10A984078C9
:100C200001460691002800F0BD80FFE706980128E4
:100C30004CD0FFE70698032840F06D81FFE70B9842
:100C400090F89C0201460591022804D0FFE7059820
:100C5000032819D034E09DF8230078B1FFE79DF810
:100C6000230080280AD0FFE70B989DF82310FFF798
:100C7000F7FC0B988021FFF7F3FC04E00B980A992E
:100C8000FEF7BAFCFFE720E00A984088A0B9FFE72A
:100C90009DF8230078B1FFE79DF8230080280AD053
:100CA000FFE70A98C08830B9FFE70B989DF823103A
:100CB000FFF7D6FCFFE7FFE70B98FEF7F3FC04E035
:100CC0000B980A99FEF798FCFFE729E10B9890F83A
:100CD0009C0201460491022804D0FFE704980328EF
:100CE00019D059E09DF8230078B1FFE79DF8230063
:100CF00080280AD0FFE70B989DF82310FFF7B0FC7F
:100D00000B988021FFF7ACFC04E00B980A99FEF7E2
:100D100073FCFFE745E00A984088E0BBFFE79DF8D9
:100D20002300400630B1FFE70B989DF82310FFF732
:100D300069F8FFE70B98FEF7B5FC0B989DF82310B8
:100D4000FEF72AFC8DF822009DF82200FF2821D012
:100D5000FFE79DF82200E8B9FFE79DF822000B9914
:100D6000C1F8D4020B989DF8221000EB8100D0F856
:100D7000B802806868B1FFE70B989DF8221000EB7D
:100D80008101D1F8B8128A680A9990478DF821003C
:100D9000FFE7FFE7FFE704E00B980A99FEF72CFC5A
:100DA000FFE7BDE00B9890F89C02014603910228F2
:100DB00004D0FFE70398032838D0A6E09DF823006D
:100DC00050B1FFE79DF82300802805D0FFE70B987E
:100DD0000A99FEF711FC9DE09DF82300000600280B
:100DE0000CD5FFE70B989DF8231001F07F0101EB74
:100DF000810100EB8100143002900CE00B989DF80B
:100E0000231001F07F0101EB810100EB810000F56F
:100E1000AA700290FFE702980990099900200860E3
:100E20000B9809990222FEF723FC73E09DF823003A
:100E30000006002812D5FFE70B989DF8231001F05B
:100E40000F0101EB810100EB8100808C28B9FFE7E5
:100E50000B980A99FEF7D0FB5CE012E00B989DF826
:100E6000231001F00F0101EB810100EB8100B0F8CC
:100E7000640128B9FFE70B980A99FEF7BDFB49E02A
:100E8000FFE79DF82300000600280CD5FFE70B982C
:100E90009DF8231001F07F0101EB810100EB81003F
:100EA000143001900CE00B989DF8231001F07F01A5
:100EB00001EB810100EB810000F5AA700190FFE7D2
:100EC000019809909DF8230028B1FFE79DF82300C1
:100ED000802804D1FFE70999002008600FE00B98F3
:100EE0009DF82310FFF7E2F920B1FFE709990120EF
:100EF000086003E0099900200860FFE7FFE70B980E
:100F000009990222FEF7B4FB04E00B980A99FEF758
:100F100073FBFFE704E00B980A99FEF76DFBFFE710
:100F200004E00B980A99FEF767FBFFE79DF82100A4
:100F30000CB080BD80B584B00390029100208DF884
:100F400007000298007800F060000146009140B16F
:100F5000FFE70098202804D0FFE7009840285AD1E6
:100F6000FFE7039890F89C02013802284DD8FFE76C
:100F700002980079012842D8FFE70398029909797D
:100F8000FEF712FB8DF806009DF80600FF2825D01D
:100F9000FFE79DF8060008BBFFE703989DF80610E1
:100FA00000EB8100D0F8B802806890B1FFE79DF8AF
:100FB00006000399C1F8D40203989DF8061000EBCF
:100FC0008101D1F8B8128A68029990478DF807001C
:100FD00003E003208DF80700FFE703E003208DF80E
:100FE0000700FFE70298C08840B9FFE79DF80700B7
:100FF00020B9FFE70398FEF755FBFFE704E00398ED
:101000000299FEF7F9FAFFE704E003980299FEF768
:10101000F3FAFFE704E003980299FEF7EDFAFFE721
:101020009DF8070004B080BD81B0009001B070470A
:1010300081B0009041F63060C2F2000001B070470C
:1010400084B0039002910398019002980078009078
:1010500002984078012830D1FFE70298007800F02C
:101060000F01012000FA01F20199D1F81C08104388
:10107000C1F81C080198009900EB4110D0F8000954
:101080000004002818D4FFE70299C8686FF3DF2036
:10109000097940EA8140009A40EA8250019901EBC7
:1010A0004211D1F80029104348F20002C1F20002B7
:1010B0001043C1F80009FFE72EE00298007800F025
:1010C0000F01012000FA01F20199D1F81C0840EA51
:1010D0000240C1F81C080198009900EB4110D0F8BB
:1010E000000B0004002816D4FFE70299C8686FF3CC
:1010F000DF20097940EA81400199009A01EB421111
:10110000D1F8002B104348F20002C1F20002104354
:10111000C1F8000BFFE7FFE7002004B070470000B4
:1011200082B00190019800900099D1F8000940F236
:10113000FF729043C1F800090099D1F8040840F407
:101140008070C1F80408002002B070472DE9F04F0C
:1011500091B00191DDF88CB0DDF888A0DDF88490C5
:10116000DDF880801F9F1E9E1D9D1C9CDDF86CE09D
:10117000DDF868C001990199CDF840B0CDF83CA0E8
:10118000CDF83890CDF834800C970B960A950994D9
:10119000CDF820E0CDF81CC0069305920491039091
:1011A0000998012822D1FFE70399886B20F4803049
:1011B00088630399C8684FF6BF72CFF6BD721040BE
:1011C000C8600399C86820F44010C86010980128CE
:1011D00006D1FFE70399C86840F48010C860FFE7B4
:1011E000039800F031F88DF80B0019E00399C868F6
:1011F00040F04000C860039800F026F88DF80B001E
:101200000D9830B9FFE70399886B40F4803088630C
:1012100005E00399886B20F480308863FFE7FFE7DF
:10122000079801280BD1FFE70399886840F0060072
:1012300088600399886840F020008860FFE79DF887
:101240000B0011B0BDE8F08F83B00190002000903A
:10125000FFE7009801300090009840F64151C0F23D
:101260000301884204D3FFE703208DF80B0029E037
:10127000FFE701980069C00F0028EAD0FFE70020CF
:1012800000900199086940F001000861FFE70098AB
:1012900001300090009840F64151C0F203018842AD
:1012A00004D3FFE703208DF80B000BE0FFE7019864
:1012B000006900F001000128E9D0FFE700208DF867
:1012C0000B00FFE79DF80B0003B0704784B003905C
:1012D000029103980190029800780090029840785B
:1012E000012845D1FFE70198009900EB4110D0F8A3
:1012F0000009C00FA8B1FFE70198009900EB411168
:10130000D1F8000940F00060C1F800090198009987
:1013100000EB4111D1F8000940F08040C1F800090C
:10132000FFE70298007800F00F01012000FA01F3B6
:10133000019AD2F83C189943C2F83C1802990978EE
:1013400001F00F0100FA01F20199D1F81C08904355
:10135000C1F81C080198009900EB4111D1F800096F
:1013600047F60002CEF633421040C1F8000946E0CD
:101370000198009900EB4110D0F8000BC00FA8B104
:10138000FFE70198009900EB4111D1F8000B40F004
:101390000060C1F8000B0198009900EB4111D1F8F1
:1013A000000B40F08040C1F8000BFFE70298007886
:1013B00000F00F01012000FA01F3019AD2F83C1865
:1013C00021EA0341C2F83C180299097801F00F01A3
:1013D00000FA01F20199D1F81C0820EA0240C1F894
:1013E0001C080198009900EB4111D1F8000B47F659
:1013F0000002CEF6F3721040C1F8000BFFE70020A8
:1014000004B0704782B00190019800900099D1F823
:10141000000E20F00300C1F8000E0099D1F8040876
:1014200020F00200C1F80408002002B0704700005C
:1014300082B00190019800900099D1F8000E20F040
:101440000300C1F8000E0099D1F8040840F0020032
:10145000C1F80408002002B0704700002DE9F04FE9
:1014600093B00191DDF894B0DDF890A0DDF88C9098
:10147000DDF88880219F209E1F9D1E9CDDF874E072
:10148000DDF870C001990199CDF848B0CDF844A0BD
:10149000CDF84090CDF83C800E970D960C950B94AE
:1014A000CDF828E0CDF824C0089307920691059066
:1014B00000208DF81300059903910290FFE7029830
:1014C0000E280CD8FFE70598029900EB8101002057
:1014D000C1F80401FFE7029801300290EFE710988D
:1014E000B8B9FFE70399D1F8040840F00200C1F849
:1014F00004080599886B40F4001088630599886B8F
:1015000020F4002088630599886B20F4802088638C
:101510000AE00599886B20F4001088630599886BB0
:1015200040F400208863FFE703990020C1F8000E13
:101530000399D1F80008C1F800080B9801280ED1D2
:10154000FFE7089828B9FFE70598002100F038FF69
:1015500004E00598012100F033FFFFE704E005985F
:10156000032100F02DFFFFE70598102100F05EFD3C
:1015700020B1FFE701208DF81300FFE7059800F088
:1015800015FD20B1FFE701208DF81300FFE7039957
:101590000020C1F810080399C1F814080399C1F894
:1015A0001C080290FFE70298069988423BD2FFE7A9
:1015B0000398029900EB4110D0F80009C00FB0B1B8
:1015C000FFE7029848B9FFE70398029900EB411141
:1015D0004FF00060C1F8000908E00398029900EBA1
:1015E00041114FF09040C1F80009FFE707E0039870
:1015F000029900EB41110020C1F80009FFE70398B0
:10160000029900EB41110020C1F8100903980299DA
:1016100000EB41114FF67F30C1F80809FFE702984F
:1016200001300290BFE700200290FFE70298069980
:1016300088423BD2FFE70398029900EB4110D0F8B3
:10164000000BC00FB0B1FFE7029848B9FFE703985D
:10165000029900EB41114FF00060C1F8000B08E067
:101660000398029900EB41114FF09040C1F8000B34
:10167000FFE707E00398029900EB41110020C1F851
:10168000000BFFE70398029900EB41110020C1F81D
:10169000100B0398029900EB41114FF67F30C1F80F
:1016A000080BFFE7029801300290BFE70399D1F8D9
:1016B000100820F48070C1F8100805990020886196
:1016C00005996FF080404861099830B9FFE70599A6
:1016D000886940F010008861FFE70599886943F642
:1016E0000002C8F23C02104388610C9830B1FFE759
:1016F0000599886940F008008861FFE71098012883
:1017000008D1FFE7059988690422C4F2000210435A
:101710008861FFE79DF8130013B0BDE8F08F00006B
:1017200081B000900099886820F001008860002056
:1017300001B0704785B0049003918DF80B20049898
:10174000019003980078009003984078012840F0B9
:101750009580FFE703988069F8B9FFE70198009941
:1017600000EB4111D1F810096FF3DC40C1F810090A
:101770000198009900EB4111D1F8100940F40020C4
:10178000C1F810090198009900EB4111D1F8100936
:101790006FF31200C1F8100935E00198009900EBD1
:1017A0004111D1F810096FF31200C1F81009019826
:1017B000009900EB4111D1F810096FF3DC40C1F83A
:1017C00010090398C1688069884204D9FFE703992A
:1017D000C8688861FFE70198009900EB4111D1F8D2
:1017E000100940F40020C1F81009039882696FF3D2
:1017F000DF420198009900EB4111D1F81009104324
:10180000C1F81009FFE79DF80B00012818D1FFE788
:101810000398406948B1FFE7039840690199009A2D
:1018200001EB4211C1F81409FFE70198009900EBA0
:101830004111D1F8000940F00440C1F800091CE052
:101840000198009900EB4111D1F8000940F00440E3
:10185000C1F800090398806970B1FFE70398007828
:1018600000F00F01012000FA01F20199D1F83408CB
:101870001043C1F83408FFE7FFE753E001980099EF
:1018800000EB4111D1F8100B6FF31200C1F8100BEF
:101890000198009900EB4111D1F8100B6FF3DC4077
:1018A000C1F8100B0398806920B1FFE70399C8685D
:1018B0008861FFE70399C868C8610198009900EB47
:1018C0004111D1F8100B40F40020C1F8100B03981F
:1018D000C2696FF3DF420198009900EB4111D1F822
:1018E000100B1043C1F8100B9DF80B0001280ED10E
:1018F000FFE70398006948B1FFE703980069019981
:10190000009A01EB4211C1F8140BFFE7FFE70198C1
:10191000009900EB4111D1F8000B40F00440C1F8F0
:10192000000BFFE7002005B07047000086B0049070
:101930008DF80F100292049801900498006C0090AA
:10194000009843F20B01C4F6547188420BD3FFE7B1
:101950000198D0F8000BC00F20B1FFE700208DF8F0
:1019600017002EE0FFE701990020C1F8100B019944
:10197000D1F8100B40F40020C1F8100B0199D1F8F8
:10198000100B40F01800C1F8100B0199D1F8100BA2
:1019900040F0C040C1F8100B9DF80F0001280CD199
:1019A000FFE702980199C1F8140B0199D1F8000BD7
:1019B00040F08020C1F8000BFFE700208DF81700F1
:1019C000FFE79DF8170006B07047000084B0039051
:1019D0000291039801900298007800900298407854
:1019E000012820D1FFE70198009900EB4111D1F8BF
:1019F000000920F40010C1F80009029800790328BA
:101A000005D0FFE70298007902280BD1FFE7019883
:101A1000009900EB4111D1F8000940F08050C1F865
:101A20000009FFE71FE00198009900EB4111D1F890
:101A3000000B20F40010C1F8000B02980079032875
:101A400005D0FFE70298007902280BD1FFE7019843
:101A5000009900EB4111D1F8000B40F08050C1F823
:101A6000000BFFE7FFE7002004B0704784B003904D
:101A700002910398019002980078009002984078B3
:101A8000012822D1FFE70198009900EB4110D0F81E
:101A90000009C00F70B9FFE7009858B1FFE701983F
:101AA000009900EB4111D1F8000920F08040C1F805
:101AB0000009FFE70198009900EB4111D1F80009F6
:101AC00040F40010C1F8000921E00198009900EBF2
:101AD0004110D0F8000BC00F70B9FFE7009858B163
:101AE000FFE70198009900EB4111D1F8000B20F0BD
:101AF0008040C1F8000BFFE70198009900EB41110D
:101B0000D1F8000B40F40010C1F8000BFFE70020F3
:101B100004B0704780B588B0079006918DF8172003
:101B2000079804900698007803900698407801285A
:101B300040F00381FFE706988069F8B9FFE7049851
:101B4000039900EB4111D1F810096FF3DC40C1F8A3
:101B500010090498039900EB4111D1F8100940F4E1
:101B60000020C1F810090498039900EB4111D1F845
:101B700010096FF31200C1F8100950E0049803999E
:101B800000EB4111D1F810096FF31200C1F81009F0
:101B90000498039900EB4111D1F810096FF3DC4070
:101BA000C1F810090698C168806908440138B0FB83
:101BB000F1F10020C1F6F87000EAC14204980399DF
:101BC00000EB4111D1F810091043C1F81009069833
:101BD00082696FF3DF420498039900EB4111D1F859
:101BE00010091043C1F8100906980079012815D191
:101BF000FFE70498039900EB4111D1F8100920F098
:101C0000C040C1F810090498039900EB4111D1F8C4
:101C1000100940F00050C1F81009FFE7FFE79DF8F8
:101C2000170001283BD1FFE70698406948B1FFE75C
:101C3000069840690499039A01EB4211C1F814090E
:101C4000FFE70698007901281ED1FFE70498D0F835
:101C50000808C00500280BD4FFE70498039900EB9F
:101C60004111D1F8000940F00050C1F800090AE024
:101C70000498039900EB4111D1F8000940F080501D
:101C8000C1F80009FFE7FFE70498039900EB411151
:101C9000D1F8000940F00440C1F800094CE0049874
:101CA000039900EB4111D1F8000940F00440C1F85C
:101CB000000906980079012813D0FFE7069880698B
:101CC00070B1FFE70698007800F00F01012000FADC
:101CD00001F20499D1F834081043C1F83408FFE741
:101CE00029E00498D0F80808C00500280BD4FFE7C5
:101CF0000498039900EB4111D1F8000940F000501D
:101D0000C1F800090AE00498039900EB4111D1F8E9
:101D1000000940F08050C1F80009FFE70798069BD2
:101D200019691A781B8B9DF817C0EE46CEF800C0D3
:101D300000F036FCFFE7FFE79DE00498039900EB15
:101D40004111D1F8100B6FF31200C1F8100B049879
:101D5000039900EB4111D1F8100B6FF3DC40C1F88F
:101D6000100B06988069C0B9FFE70698C2686FF348
:101D7000DF420498039900EB4111D1F8100B104396
:101D8000C1F8100B0498039900EB4111D1F8100B26
:101D900040F40020C1F8100B2CE00698C16880695F
:101DA00008440138B0FBF1F0ADF80A000699C868A4
:101DB000BDF80A205043C861BDF80A100020C1F6E2
:101DC000F87000EAC1420498039900EB4111D1F880
:101DD000100B1043C1F8100B0698C2696FF3DF4275
:101DE0000498039900EB4111D1F8100B1043C1F88E
:101DF000100BFFE79DF8170001280ED1FFE70698AA
:101E0000006948B1FFE7069800690499039A01EB5D
:101E10004211C1F8140BFFE7FFE70698007901288B
:101E20001ED1FFE70498D0F80808C00500280BD49D
:101E3000FFE70498039900EB4111D1F8000B40F043
:101E40000050C1F8000B0AE00498039900EB41111F
:101E5000D1F8000B40F08050C1F8000BFFE7FFE71E
:101E60000498039900EB4111D1F8000B40F00440B5
:101E7000C1F8000BFFE7002008B080BD85B00490DA
:101E80000391002002908DF80700049800900398B9
:101E9000407801283ED1FFE700980399097800EBCC
:101EA0004110D0F80009C00F98B3FFE700980399DC
:101EB000097800EB4111D1F8000940F00060C1F849
:101EC000000900980399097800EB4111D1F8000945
:101ED00040F08040C1F80009FFE70298013002900D
:101EE000029842F21171884204D3FFE701208DF875
:101EF00007000DE0FFE700980399097800EB411017
:101F0000D0F8000900F00040B0F1004FE5D0FFE745
:101F1000FFE73DE000980399097800EB4110D0F805
:101F2000000BC00F98B3FFE700980399097800EB06
:101F30004111D1F8000B40F00060C1F8000B00988F
:101F40000399097800EB4111D1F8000B40F0804073
:101F5000C1F8000BFFE7029801300290029842F2AC
:101F60001171884204D3FFE701208DF807000DE0CE
:101F7000FFE700980399097800EB4110D0F8000BB7
:101F800000F00040B0F1004FE5D0FFE7FFE7FFE7CA
:101F90009DF8070005B0704781B0009000998868EF
:101FA00040F001008860002001B0704783B00190CC
:101FB00000200090FFE7009801300090009840F664
:101FC0004151C0F20301884204D3FFE703208DF89A
:101FD0000B0027E0FFE701980069C00F0028EAD056
:101FE000FFE700200090019910200861FFE70098AA
:101FF00001300090009840F64151C0F20301884240
:1020000004D3FFE703208DF80B000BE0FFE70198F6
:10201000006900F010001028E9D0FFE700208DF8DB
:102020000B00FFE79DF80B0003B0704784B00290EF
:10203000019100200090FFE7009801300090009887
:1020400040F64151C0F20301884204D3FFE7032068
:102050008DF80F0029E0FFE702980069C00F002803
:10206000EAD0FFE70020009001988001203002991B
:102070000861FFE7009801300090009840F6415158
:10208000C0F20301884204D3FFE703208DF80F005C
:102090000BE0FFE70298006900F020002028E9D05B
:1020A000FFE700208DF80F00FFE79DF80F0004B058
:1020B0007047000084B00390039802900298D0F813
:1020C000080800F006000090009820B9FFE7002003
:1020D0008DF8070010E00098022804D0FFE7009870
:1020E000062804D1FFE702208DF8070003E00F2047
:1020F0008DF80700FFE7FFE79DF8070004B0704781
:1021000081B000900098406900F0010001B0704774
:1021100083B00290029801900198D0F818080090BE
:102120000198D0F81C18009808400090BDF80000F5
:1021300003B0704783B00290029801900198D0F8E4
:10214000180800900198D0F81C18009808400090DA
:10215000BDF8020003B0704786B005908DF81310EB
:10216000059803900398D0F8100801900398D0F8D0
:102170003408009000989DF8131001F00F01C8403A
:1021800000F00101019840EAC110019003989DF808
:10219000131000EB4110D0F8080901990840029093
:1021A000029806B07047000084B003908DF80B10C1
:1021B0000398019001989DF80B1000EB4110D0F8A6
:1021C000080B00900198D0F814180098084000906F
:1021D000009804B07047000082B0019001984069F7
:1021E000009001988169009808400090009802B022
:1021F0007047000089B008900791ADF81A20089840
:10220000059007980490BDF81A0080080190BDF869
:102210001A0000F00300ADF8020000200290FFE772
:1022200002980199884217D2FFE705984FF4805130
:1022300040580499086004980130049004980130D3
:102240000490049801300490049801300490FFE752
:10225000029801300290E3E7BDF8020008B3FFE7FF
:102260000020029005984FF4805140580390FFE7FA
:1022700003989DF80810C900C84004990870029896
:1022800001300290049801300490BDF8020001383A
:10229000ADF80200FFE7BDF802000028E8D1FFE733
:1022A000FFE7049809B0704780B586B004908DF8B8
:1022B0000F10002002900499C86820F0C040C86048
:1022C0009DF80F00012823D1FFE70499C86840F06A
:1022D0000050C860FFE70120F2F700FA02980130D1
:1022E0000290FFE70498FFF70BFF01460020012949
:1022F000019007D0FFE702990020322938BF012062
:102300000190FFE70198C0070028E4D1FFE72AE029
:102310009DF80F0010BBFFE70499C86840F08040AB
:10232000C860FFE70120F2F7D9F902980130029066
:10233000FFE70498FFF7E4FE01460020009039B162
:10234000FFE702990020322938BF01200090FFE703
:102350000098C0070028E5D1FFE703E001208DF8D1
:1023600017000CE0FFE70298322804D1FFE70120B4
:102370008DF8170003E000208DF81700FFE79DF8A7
:10238000170006B080BD000083B002908DF80710E2
:10239000029800900099D1F8000820F4FE60C1F87E
:1023A00000089DF8070000F07F020099D1F80008AE
:1023B00040EA0210C1F80008002003B07047000096
:1023C00083B002908DF80710029800909DF80720C6
:1023D0000099D1F800081043C1F80008002003B0AC
:1023E0007047000084B0039002918DF807209DF89B
:1023F0000700022840F0B880FFE702984AF6C04183
:10240000C0F2D80188420BD3FFE702984EF2BF1109
:10241000C0F2E401884203D8FFE70F200090A2E059
:1024200002984EF2C011C0F2E40188420BD3FFE7DC
:10243000029842F2FF31C0F2F401884203D8FFE76C
:102440000E2000908EE0029842F20041C0F2F401AA
:1024500088420BD3FFE7029847F27F31C0F20611A2
:10246000884203D8FFE70D2000907AE0029847F2F7
:102470008031C0F2061188420BD3FFE7029844F680
:102480009F11C0F21A11884203D8FFE70C20009078
:1024900066E0029844F6A011C0F21A1188420BD3EC
:1024A000FFE7029842F6FF41C0F23111884203D89B
:1024B000FFE70B20009052E0029842F60051C0F274
:1024C000311188420BD3FFE702984AF23F41C0F234
:1024D0004C11884203D8FFE70A2000903EE00298A2
:1024E0004AF24041C0F24C1188420BD3FFE70298F8
:1024F00043F2FF51C0F26E11884203D8FFE7092072
:1025000000902AE0029843F20061C0F26E11884206
:102510000BD3FFE702984AF61F31C0F2A61188429A
:1025200003D8FFE70820009016E002984AF6203111
:10253000C0F2A61188420BD3FFE7029844F2FF7164
:10254000C0F2E811884203D8FFE70720009002E0BC
:1025500006200090FFE7FFE7FFE7FFE7FFE7FFE761
:10256000FFE7FFE7FFE70AE09DF8070018B9FFE77C
:102570000920009002E009200090FFE7FFE703999F
:10258000C86820F47050C860009800F00F020399EA
:10259000C86840EA8220C860002004B0704700008C
:1025A00080B588B084460A98CDF81CC006918DF895
:1025B0001720ADF814308DF8130007980390069893
:1025C00002909DF8130048BBFFE7BDF814000330EC
:1025D0008008019000200090FFE700980199884250
:1025E0001BD2FFE70298006803999DF8172001EBC2
:1025F00002314FF4805288500298013002900298C4
:10260000013002900298013002900298013002904D
:10261000FFE7009801300090DFE7FFE7002008B0F7
:1026200080BD000080B582B0019001990A4652F841
:102630001C0B043142F25003C2F20003F0F7A2FE79
:1026400002B080BD80B582B00190ADF80210019853
:10265000806B006800680003002824D4FFE701981D
:10266000806B0168086820F0010008600198806BA9
:102670000168086840F4002008600198806B0168D8
:1026800024204860BDF8020012280BD1FFE741F278
:10269000A520C2F2000040F2D641C2F20001FAF7D2
:1026A0001BFDFFE724E00198806B0168086820F0BB
:1026B000010008600198806B0168086820F4002020
:1026C00008600198806B016824204860BDF8020012
:1026D00012280CD1FFE741F2A520C2F2000012300F
:1026E00040F2D641C2F20001FAF7F6FCFFE7FFE73D
:1026F00002B080BD80B584B00390ADF80A10039895
:10270000806B006800680003002826D4FFE7039868
:10271000806B0168086820F0010008600398806BF6
:102720000168086840F400200860BDF80A000A2823
:1027300012DBFFE741F29510C2F200000190F9F7B9
:1027400067FF01988821EEF784FC0398806B01688D
:102750004FF488704860FFE726E00398806B0168BB
:10276000086820F0010008600398806B0168086821
:1027700020F400200860BDF80A000A2813DBFFE7F8
:1027800041F29510C2F2000088300090F9F740FF46
:1027900000988821EEF75DFC0398806B01684FF488
:1027A00088704860FFE7FFE704B080BDFFE7FEE701
:1027B00084B003900291ADF80620029800900C2896
:1027C00021D80099DFE801F0071F1F1F0D1F1F1FF1
:1027D000131F1F1F1900BDF80600039909684863FD
:1027E00012E0BDF806000399096888630CE0BDF8A3
:1027F000060003990968C86306E0BDF8060003995E
:102800000968086400E0FFE704B07047D0B502AF84
:10281000A2B047F80C0C07F80D1C4FF0FF4047F82A
:10282000780C17F80D1C684647F87C0C072000EB65
:10283000810020F007026846801A47F88C0C854614
:102840008A0047F8882C47F8801C57F80C1C17F8AA
:102850000D2C9200EEF7C3FB57F88C1C57F8882C10
:10286000A7F1710047F8840CEEF774FB57F8841C4D
:1028700017F80D2C57F8780C41F8220017F80D2C9A
:10288000042000EB820243F68440C2F200000A23D7
:10289000F5F750FF57F87C0C8546A7F10804A546CC
:1028A000D0BD000081B000EE100A009000994FF0FA
:1028B000807000EB4100B0FA80F0400901B0704731
:1028C00081B000EE100A009000994FF0807000EB8C
:1028D0004100B0FA80F0400901B0704781B000EECD
:1028E000100A0090009820F00040C0F1FF40C00F97
:1028F00001B0704781B000EE100A0090009820F0FF
:102900000040C0F1FF40C00F01B0704781B08DF8AA
:1029100003009DF9030000280ED4FFE79DF9031082
:1029200001F01F02012090404A094EF20011CEF240
:10293000000141F82200FFE701B070474EF60C504D
:10294000CEF200000068C0F30220704782B08DF81C
:10295000070000919DF9070000280AD4FFE70098BE
:1029600000019DF907104EF20042CEF20002885499
:102970000BE0009800019DF8071001F00F014EF6E2
:102980001452CEF200028854FFE702B070470000F4
:1029900083B00290029800F0070000904EF60C51B0
:1029A000CEF200010868019001984FF6FF02104036
:1029B00001900198009A40EA02200022C0F2FA52E7
:1029C000104301900198086003B0704770B584B05F
:1029D00000200390FFE7039803282DDCFFE703980E
:1029E000C0EB001249F6EE50C2F200000D3000219B
:1029F0008154039AC2EB0212024451700399C1EB55
:102A00000112024491700399C1EB01110144D1F804
:102A10000320D1F80730D1F80B004FF0010C6CF314
:102A20000202C1F80730C1F80320C1F80B00FFE72C
:102A3000039801300390CEE704200290FFE702984C
:102A4000042815DCFFE70298C0EB001149F6EE50B0
:102A5000C2F2000001440A694B69886922F007024A
:102A60004B610A618861FFE7029801300290E6E756
:102A700040F2F840C2F200000268D2F80330D2F807
:102A800007C0D2F80B10042464F3C503C2F807C0D2
:102A9000C2F80330C2F80B100268D2F80330D2F843
:102AA00007C0D2F80B104FF0010E6EF30203C2F80C
:102AB00007C0C2F80330C2F80B100268D2F8033026
:102AC000D2F807C0D2F80B1023F47073C2F807C015
:102AD000C2F80330C2F80B100268D2F80330D2F803
:102AE00007C0D2F80B1023F47053C2F807C0C2F825
:102AF0000330C2F80B100268D2F803C0D2F80730D6
:102B0000D2F80B1040F2BE3565F39423C2F803C02F
:102B1000C2F80730C2F80B100268D2F803C0D2F82E
:102B20000730D2F80B1040F2172565F35F53C2F857
:102B300003C0C2F80730C2F80B100268D2F803C015
:102B4000D2F80730D2F80B10082565F30903C2F854
:102B500003C0C2F80730C2F80B100268D2F8033085
:102B6000D2F807C0D2F80B10E42565F39633C2F80B
:102B700007C0C2F80330C2F80B100268D2F8033065
:102B8000D2F807C0D2F80B104FF49C7565F3DF53F1
:102B9000C2F807C0C2F80330C2F80B100268D2F8BE
:102BA0000330D2F807C0D2F80B104FF4C37565F3A9
:102BB0009421C2F807C0C2F80330C2F80B100168B4
:102BC000D1F80320D1F80730D1F80B0040F2951C62
:102BD0006CF35F50C1F80730C1F80320C1F80B0057
:102BE00040F2FC40C2F200000268D2F80330D2F892
:102BF0000750D2F80B104FF0020C6CF3C503C2F86B
:102C00000750C2F80330C2F80B100268D2F8033044
:102C1000D2F80750D2F80B106EF30203C2F8075037
:102C2000C2F80330C2F80B100268D2F80330D2F8B1
:102C30000750D2F80B1023F47073C2F80750C2F893
:102C40000330C2F80B100268D2F80330D2F80750F4
:102C5000D2F80B1023F47053C2F80750C2F80330B7
:102C6000C2F80B100268D2F80350D2F80730D2F83D
:102C70000B1040F2AE2666F39423C2F80350C2F85C
:102C80000730C2F80B100268D2F80350D2F80730B0
:102C9000D2F80B10EA2666F35F53C2F80350C2F86D
:102CA0000730C2F80B100268D2F80350D2F8073090
:102CB000D2F80B100F2666F30903C2F80350C2F8CE
:102CC0000730C2F80B100168D1F80320D1F80730A3
:102CD000D1F80B000C2565F30900C1F80730C1F8E5
:102CE0000320C1F80B0040F2F440C2F20000026879
:102CF000D2F80310D2F80730052565F3C501C2F8F4
:102D00000730C2F803100268D2F80310D2F8073077
:102D10006EF30201C2F80730C2F803100268D2F85D
:102D20000310D2F8073021F47071C2F80730C2F8EE
:102D300003100268D2F80310D2F8073021F4705162
:102D4000C2F80730C2F803100268D2F80330D2F894
:102D5000071040F2552565F39421C2F80330C2F8FC
:102D600007100268D2F80330D2F8071040F242256B
:102D700065F35F51C2F80330C2F807100268D2F859
:102D80000330D2F807106CF30901C2F80330C2F81F
:102D900007100268D2F80310D2F807304FF0140C75
:102DA0006CF39631C2F80730C2F80310016842F69E
:102DB0009010C0F20A00C1F80B0040F2F040C2F2DD
:102DC00000000268D2F80330D2F807C0D2F80B1026
:102DD00064F3C503C2F807C0C2F80330C2F80B1091
:102DE0000268D2F80330D2F807C0D2F80B106EF3A5
:102DF0000203C2F807C0C2F80330C2F80B10026821
:102E0000D2F80330D2F807C0D2F80B1023F4707355
:102E1000C2F807C0C2F80330C2F80B100268D2F83B
:102E20000330D2F807C0D2F80B106EF38D23C2F82E
:102E300007C0C2F80330C2F80B100268D2F803C012
:102E4000D2F80730D2F80B104FF4707E6EF3942353
:102E5000C2F803C0C2F80730C2F80B100268D2F8FB
:102E600003C0D2F80730D2F80B1040F21E2E6EF3DA
:102E70005F53C2F803C0C2F80730C2F80B100268F3
:102E8000D2F803C0D2F80730D2F80B104FF0070E7B
:102E90006EF30903C2F803C0C2F80730C2F80B1082
:102EA0000268D2F80330D2F807C0D2F80B106FF3E3
:102EB0009633C2F807C0C2F80330C2F80B1002689C
:102EC000D2F80330D2F807C0D2F80B104FF04C0EF6
:102ED0006EF3DF53C2F807C0C2F80330C2F80B101C
:102EE0000268D2F80330D2F807E0D2F80B104FF0A6
:102EF000520C6CF39421C2F807E0C2F80330C2F818
:102F00000B100168D1F80320D1F80730D1F80B007D
:102F10006CF35F50C1F80730C1F80320C1F80B0013
:102F200049F6EE50C2F20000019001F0DBFF01997A
:102F300043F60C50C2F200005A22F5F7A3FC04B08D
:102F400070BD0000F0B583B000200290FFE702984A
:102F500002282EDCFFE70298C0EB001249F6486019
:102F6000C2F200000D30002181540299C1EB011121
:102F700001444FF0010C81F801C00299C1EB01122C
:102F8000024491700299C1EB01110144D1F8032070
:102F9000D1F80730D1F80B006CF30202C1F807300A
:102FA000C1F80320C1F80B00FFE70298013002903E
:102FB000CDE703200190FFE70198042815DCFFE727
:102FC0000198C0EB001149F64860C2F200000144CC
:102FD0000A694B69886922F007024B610A618861BE
:102FE000FFE7019801300190E6E740F21050C2F28D
:102FF00000000268D2F80330D2F807E0D2F80B10D4
:103000004FF0020C6CF3C503C2F807E0C2F80330BE
:10301000C2F80B100268D2F80330D2F80740D2F899
:103020000B104FF0010E6EF30203C2F80740C2F816
:103030000330C2F80B100268D2F80330D2F8074010
:10304000D2F80B1023F47073C2F80740C2F80330B3
:10305000C2F80B100268D2F80330D2F80740D2F859
:103060000B1023F47053C2F80740C2F80330C2F8C3
:103070000B100268D2F80340D2F80730D2F80B10D8
:1030800040F2CD1767F39423C2F80340C2F807302B
:10309000C2F80B100268D2F80340D2F80730D2F819
:1030A0000B1040F2B52565F35F53C2F80340C2F838
:1030B0000730C2F80B100268D2F80340D2F807308C
:1030C000D2F80B100F2666F30903C2F80340C2F8CA
:1030D0000730C2F80B100168D1F80320D1F807308F
:1030E000D1F80B000C2464F30900C1F80730C1F8D3
:1030F0000320C1F80B0040F20450C2F20000026845
:10310000D2F80330D2F80750D2F80B106CF3C50395
:10311000C2F80750C2F80330C2F80B100268D2F8A8
:103120000330D2F80750D2F80B106EF30203C2F846
:103130000750C2F80330C2F80B100268D2F803300F
:10314000D2F80750D2F80B1023F47073C2F807506E
:10315000C2F80330C2F80B100268D2F80330D2F87C
:103160000750D2F80B1023F47053C2F80750C2F87E
:103170000330C2F80B100268D2F80350D2F80730BF
:10318000D2F80B1067F39423C2F80350C2F807304B
:10319000C2F80B100268D2F80350D2F80730D2F808
:1031A0000B1040F26F2767F35F53C2F80350C2F869
:1031B0000730C2F80B100268D2F80350D2F807307B
:1031C000D2F80B1066F30903C2F80350C2F80730B7
:1031D000C2F80B100168D1F80320D1F80730D1F8FC
:1031E0000B0064F30900C1F80730C1F80320C1F8EF
:1031F0000B0040F20850C2F200000268D2F803103F
:10320000D2F80730052464F3C501C2F80730C2F8CC
:1032100003100268D2F80310D2F807306EF30201EF
:10322000C2F80730C2F803100268D2F80310D2F8CF
:10323000073021F47071C2F80730C2F80310026839
:10324000D2F80310D2F8073021F47051C2F80730D9
:10325000C2F803100268D2F80330D2F807104FF416
:10326000A06E6EF39421C2F80330C2F80710026812
:10327000D2F80330D2F8071040F2422E6EF35F51BD
:10328000C2F80330C2F807100268D2F80330D2F84F
:1032900007106CF30901C2F80330C2F80710026886
:1032A000D2F80310D2F807304FF0140C6CF39631BB
:1032B000C2F80730C2F80310016842F69010C0F25D
:1032C0000A00C1F80B0049F64860C2F20000009005
:1032D00001F008FE009943F60C50C2F200005A2299
:1032E000F5F7D0FA03B0F0BD10B582B049F6A2618F
:1032F000C2F2000101910020487301248C734FF049
:10330000030E81F80FE008694A6964F302004A611C
:10331000086140F20C50C2F200000268D2F803309B
:10332000D2F807C0D2F80B1043F03803C2F807C038
:10333000C2F80330C2F80B100268D2F80330D2F89A
:1033400007C0D2F80B1064F30203C2F807C0C2F83A
:103350000330C2F80B100268D2F80330D2F807C06D
:10336000D2F80B1023F47073C2F807C0C2F8033010
:10337000C2F80B100268D2F80330D2F807C0D2F8B6
:103380000B1023F47053C2F807C0C2F80330C2F820
:103390000B100268D2F803C0D2F80730D2F80B1035
:1033A000D72464F39423C2F803C0C2F80730C2F8EC
:1033B0000B100268D2F803C0D2F80730D2F80B1015
:1033C00040F2C92464F35F53C2F803C0C2F8073067
:1033D000C2F80B100268D2F803C0D2F80730D2F856
:1033E0000B106EF30903C2F803C0C2F80730C2F82D
:1033F0000B100268D2F80330D2F807C0D2F80B10D5
:103400004FF0190E6EF39633C2F807C0C2F80330BE
:10341000C2F80B100268D2F80330D2F807C0D2F815
:103420000B104FF0080E6EF3DF53C2F807C0C2F85E
:103430000330C2F80B1000680F3048F67261C0F616
:103440000101EDF744FD019801F086FD019943F675
:103450000C50C2F200003C22F5F714FA02B010BD85
:1034600010B582B049F6DE61C2F200010191002080
:10347000487301248C734FF0040E81F80FE0086943
:103480004A6964F302004A61086140F20050C2F2E6
:1034900000000268D2F80330D2F807C0D2F80B104F
:1034A00043F03803C2F807C0C2F80330C2F80B106B
:1034B0000268D2F80330D2F807C0D2F80B1064F3D8
:1034C0000203C2F807C0C2F80330C2F80B1002684A
:1034D000D2F80330D2F807C0D2F80B1023F470737F
:1034E000C2F807C0C2F80330C2F80B100268D2F865
:1034F0000330D2F807C0D2F80B1023F47053C2F88F
:1035000007C0C2F80330C2F80B100268D2F803C03B
:10351000D2F80730D2F80B104FF4A07464F3942360
:10352000C2F803C0C2F80730C2F80B100268D2F824
:1035300003C0D2F80730D2F80B104FF4217464F3B3
:103540005F53C2F803C0C2F80730C2F80B1002681C
:10355000D2F803C0D2F80730D2F80B10032464F37A
:103560000903C2F803C0C2F80730C2F80B100268A2
:10357000D2F80330D2F807C0D2F80B10192464F344
:103580009633C2F807C0C2F80330C2F80B100268C5
:10359000D2F80330D2F807C0D2F80B106EF3DF5325
:1035A000C2F807C0C2F80330C2F80B1000680F3031
:1035B00048F66D61C0F60101EDF789FC019801F054
:1035C000CBFC019943F60C50C2F200003C22F5F707
:1035D00059F902B010BD000070B584B0002003900E
:1035E000FFE7039804282EDCFFE70398C0EB0012E6
:1035F00049F61A70C2F200000D300021815403997F
:10360000C1EB01114218022151700399C1EB011263
:10361000024491700399C1EB01110144D1F80320D8
:10362000D1F80730D1F80B004FF0010C6CF3020217
:10363000C1F80730C1F80320C1F80B00FFE7039879
:1036400001300390CDE705200290FFE7029804289F
:1036500015DCFFE70298C0EB001149F61A70C2F2C0
:10366000000001440A694B69886922F007024B6136
:103670000A618861FFE7029801300290E6E740F2B4
:103680001450C2F200000268D2F80330D2F807C02A
:10369000D2F80B10012464F3C503C2F807C0C2F8C6
:1036A0000330C2F80B100268D2F80330D2F807C01A
:1036B000D2F80B1064F30203C2F807C0C2F803305B
:1036C000C2F80B100268D2F80330D2F807C0D2F863
:1036D0000B1023F47073C2F807C0C2F80330C2F8AD
:1036E0000B100268D2F80330D2F807C0D2F80B10E2
:1036F00023F47053C2F807C0C2F80330C2F80B10AD
:103700000268D2F803C0D2F80730D2F80B1040F2AA
:10371000923E6EF39423C2F803C0C2F80730C2F899
:103720000B100268D2F803C0D2F80730D2F80B10A1
:1037300040F2ED1E6EF35F53C2F803C0C2F80730CB
:10374000C2F80B100268D2F803C0D2F80730D2F8E2
:103750000B1064F30903C2F803C0C2F80730C2F8C3
:103760000B100268D2F80330D2F807C0D2F80B1061
:1037700040F2ED3E6EF39421C2F807C0C2F8033068
:10378000C2F80B100168D1F80320D1F80730D1F846
:103790000B0040F24B2C6CF35F50C1F80730C1F8BE
:1037A0000320C1F80B0040F22450C2F2000002686E
:1037B000D2F80330D2F807C0D2F80B1023F0380348
:1037C000C2F807C0C2F80330C2F80B100268D2F882
:1037D0000330D2F807C0D2F80B1064F30203C2F82A
:1037E00007C0C2F80330C2F80B100268D2F80330E9
:1037F000D2F807C0D2F80B1023F47073C2F807C0D8
:10380000C2F80330C2F80B100268D2F80330D2F8C5
:1038100007C0D2F80B104FF0080E6EF38D23C2F8DC
:1038200007C0C2F80330C2F80B100268D2F803C018
:10383000D2F80730D2F80B104FF4707565F394236B
:10384000C2F803C0C2F80730C2F80B100268D2F801
:1038500003C0D2F80730D2F80B1040F22B1666F3F3
:103860005F53C2F803C0C2F80730C2F80B100268F9
:10387000D2F803C0D2F80730D2F80B1064F3090372
:10388000C2F803C0C2F80730C2F80B100268D2F8C1
:103890000330D2F807C0D2F80B1065F39421C2F8B8
:1038A00007C0C2F80330C2F80B100168D1F803203A
:1038B000D1F80730D1F80B0040F2492C6CF35F507F
:1038C000C1F80730C1F80320C1F80B0040F21850CE
:1038D000C2F200000268D2F80330D2F807C0D2F872
:1038E0000B1023F03803C2F807C0C2F80330C2F847
:1038F0000B100268D2F80330D2F807C0D2F80B10D0
:1039000064F30203C2F807C0C2F80330C2F80B1018
:103910000268D2F80330D2F807C0D2F80B1023F4B3
:103920007073C2F807C0C2F80330C2F80B10026807
:10393000D2F80330D2F807C0D2F80B106EF38D2303
:10394000C2F807C0C2F80330C2F80B100268D2F800
:1039500003C0D2F80730D2F80B104FF4437565F36B
:103960009423C2F803C0C2F80730C2F80B100268F3
:10397000D2F80350D2F80730D2F80B1040F21B2CCB
:103980006CF35F53C2F80350C2F80730C2F80B1053
:103990000268D2F80350D2F80730D2F80B1064F363
:1039A0000903C2F80350C2F80730C2F80B100268CE
:1039B000D2F80330D2F80750D2F80B1040F272461A
:1039C00066F39421C2F80750C2F80330C2F80B1016
:1039D0000168D1F80320D1F80730D1F80B006CF35F
:1039E0005F50C1F80730C1F80320C1F80B0040F266
:1039F0001C50C2F200000268D2F80330D2F807C0AF
:103A0000D2F80B1023F03803C2F807C0C2F8033015
:103A1000C2F80B100268D2F80330D2F807C0D2F80F
:103A20000B1064F30203C2F807C0C2F80330C2F8F7
:103A30000B100268D2F80330D2F807C0D2F80B108E
:103A400023F47073C2F807C0C2F80330C2F80B1039
:103A50000268D2F80330D2F807C0D2F80B106EF328
:103A60008D23C2F807C0C2F80330C2F80B100268F9
:103A7000D2F803C0D2F80730D2F80B104FF45275C9
:103A800065F39423C2F803C0C2F80730C2F80B10E4
:103A90000268D2F80350D2F80730D2F80B104FF476
:103AA000E47C6CF35F53C2F80350C2F80730C2F8ED
:103AB0000B100268D2F80350D2F80730D2F80B107E
:103AC00064F30903C2F80350C2F80730C2F80B10C0
:103AD0000268D2F80330D2F80750D2F80B1040F247
:103AE0003A4666F39421C2F80750C2F80330C2F890
:103AF0000B100168D1F80320D1F80730D1F80B0082
:103B00006CF35F50C1F80730C1F80320C1F80B0017
:103B100040F22050C2F200000268D2F80330D2F81E
:103B200007C0D2F80B1023F03803C2F807C0C2F860
:103B30000330C2F80B100268D2F80330D2F807C085
:103B4000D2F80B1064F30203C2F807C0C2F80330C6
:103B5000C2F80B100268D2F80330D2F807C0D2F8CE
:103B60000B1023F47073C2F807C0C2F80330C2F818
:103B70000B100268D2F80330D2F807C0D2F80B104D
:103B80006EF38D23C2F807C0C2F80330C2F80B10E1
:103B90000268D2F803C0D2F80730D2F80B104FF405
:103BA000577E6EF39423C2F803C0C2F80730C2F800
:103BB0000B100268D2F803E0D2F80730D2F80B10ED
:103BC00040F2751C6CF35F53C2F803E0C2F8073093
:103BD000C2F80B100268D2F803E0D2F80730D2F82E
:103BE0000B1064F30903C2F803E0C2F80730C2F80F
:103BF0000B100268D2F80330D2F807E0D2F80B10AD
:103C000040F2244464F39421C2F807E0C2F8033080
:103C1000C2F80B100168D1F80320D1F80730D1F8B1
:103C20000B006CF35F50C1F80730C1F80320C1F8F6
:103C30000B0049F61A70C2F20000019001F052F92F
:103C4000019943F60C50C2F200005A22F4F71AFE12
:103C500004B070BD80B582B000200190FFE70198EC
:103C6000032817DCFFE70198C0EB001149F6EE507E
:103C7000C2F2000001440A694B6988694FF0020CE6
:103C80006CF302024B610A618861FFE70198013021
:103C90000190E4E749F6EE50C2F20000009001F016
:103CA00021F9009943F60C50C2F200005A22F4F7B1
:103CB000E9FD02B080BD000080B582B00020019017
:103CC000FFE70198022817DCFFE70198C0EB00111D
:103CD00049F64860C2F2000001440A694B698869EC
:103CE0004FF0020C6CF302024B610A618861FFE73E
:103CF000019801300190E4E749F64860C2F2000003
:103D0000009001F0EFF8009943F60C50C2F2000069
:103D10005A22F4F7B7FD02B080BD000080B582B032
:103D200049F6A260C2F200000190016942690223D3
:103D300063F302014261016101F00EF9019943F65A
:103D40000C50C2F200003C22F4F79CFD02B080BD92
:103D500080B582B049F6DE60C2F2000001900169D0
:103D60004269022363F302014261016101F0F4F848
:103D7000019943F60C50C2F200003C22F4F782FD98
:103D800002B080BD82B00190019800788DF80200E9
:103D9000019840788DF80300BDF9020002B0704729
:103DA00082B00190019800788DF800000198407869
:103DB0008DF80100019880788DF802000198C07894
:103DC0008DF80300009802B07047000084B00390A3
:103DD000039800788DF80000039840788DF8010072
:103DE000039880788DF802000398C0788DF803005E
:103DF000009804B07047000082B0019001980078EC
:103E00008DF80000019840788DF8010001988078C5
:103E10008DF802000198C0788DF803009DED000A2E
:103E200002B0704784B0029001914FF6FF70ADF878
:103E30000200029828B9FFE74FF6FF70ADF80E00B8
:103E400021E0FFE70198411E0191B8B1FFE7029818
:103E5000411C029100788DF80100BDF802109DF818
:103E600001004840C2B248F67C60C0F6010030F85C
:103E7000120080EA1120ADF80200E3E7BDF802006D
:103E8000ADF80E00FFE7BDF80E0004B0704700006B
:103E900083B002900191FF208DF80300FFE70198A5
:103EA000411E019198B1FFE79DF8030002994A1C59
:103EB0000292097848408DF802009DF8021048F6F9
:103EC000E430C0F60100405C8DF80300E7E79DF8A0
:103ED000030003B07047000080B584B003908DEDFF
:103EE000020AADF80610002000900398007800F058
:103EF0000100012820D0FFE7039908894881039831
:103F0000B0F9081000EE101AB8EEC00ABDF806109D
:103F100001EE101AB8EEC11A9DED022A21EE021A26
:103F200080EE010A9FED4F1A20EE010A80ED030A90
:103F3000039901200870FFE70399B1F90800B1F96E
:103F40000A10401A00EE100AB8EEC00A8DED000A01
:103F50009DED000ABDF8060001EE100AB8EEC11A88
:103F6000B6EE002A21EE021AB4EE410AF1EE10FA82
:103F70001CDDFFE79DED000ABDF8060001EE100A0A
:103F8000B8EEC11A30EE410A9DED022A21EE021A66
:103F900080EE010A039890ED031A9FED322A20EE7D
:103FA000020A30EE010A80ED030A49E09DED000AA5
:103FB000BDF80600404201EE100AB8EEC11AB6EE96
:103FC000002A21EE021AB4EE410AF1EE10FA1CDAD0
:103FD000FFE79DED000ABDF8060001EE100AB8EEFD
:103FE000C11A30EE010A9DED022A21EE021A80EE7E
:103FF000010A039890ED031A9FED1A2A20EE020A97
:1040000030EE010A80ED030A19E09DED000ABDF8CB
:10401000060001EE100AB8EEC11A9DED022A21EE4B
:10402000021A80EE010A039890ED031A9FED0D2A03
:1040300020EE020A30EE010A80ED030AFFE7FFE7F7
:10404000039908894881039890ED030ADFED060A79
:104050009FED061A00F0B8F8039890ED030A04B03B
:1040600080BD00BF0000B443000034C300003443EF
:1040700086B004908DED030AADF80A10002001907F
:104080000090049818B9FFE70020059096E0049886
:10409000007800F0010001280AD0FFE704990889A0
:1040A000488104990020C860049901200870FFE746
:1040B0000499B1F90800B1F90A10884210DAFFE753
:1040C0000499B1F90800B1F90A10401ABDF80A10B4
:1040D000084400EE100AB8EEC00A8DED010A18E09F
:1040E0000499B1F90800B1F90A10884210DDFFE720
:1040F0000499B1F90800B1F90A10401ABDF80A1084
:10410000401A00EE100AB8EEC00A8DED010AFFE772
:10411000FFE70499B1F90800B1F90A10401A00EE5E
:10412000100AB8EEC00A8DED000A0499088948818A
:104130009DED010AB0EEC00A9DED001AB0EEC11A65
:10414000B4EE410AF1EE10FA1ADDFFE79DED000A28
:10415000BDF80A0001EE100AB8EEC11A9DED032A5F
:1041600021EE021A80EE010A049890ED031A9FEDE9
:10417000152A20EE020A30EE010A80ED030A19E04A
:104180009DED010ABDF80A0001EE100AB8EEC11A51
:104190009DED032A21EE021A80EE010A049890EDAB
:1041A000031A9FED082A20EE020A30EE010A80ED84
:1041B000030AFFE70498C0680590FFE79DED050A34
:1041C00006B070470000B44385B08DED030ACDED15
:1041D000020A8DED011A9DED010A9DED021AB4EE61
:1041E000410AF1EE10FA03DAFFE70398049049E080
:1041F0009DED010A9DED021A30EE410A8DED000A97
:104200009DED030A9DED011AB4EE410AF1EE10FA9C
:1042100015DDFFE7FFE79DED001A9DED030A30EE87
:10422000410A8DED030AFFE79DED030A9DED011A9A
:10423000B4EE410AF1EE10FAEDDCFFE71FE09DED70
:10424000030A9DED021AB4EE410AF1EE10FA15DAF6
:10425000FFE7FFE79DED001A9DED030A30EE010A2E
:104260008DED030AFFE79DED030A9DED021AB4EE02
:10427000410AF1EE10FAEDDBFFE7FFE7FFE70398F5
:104280000490FFE79DED040A05B0704785B08DED01
:10429000030A9DED030AB5EE400AF1EE10FA03DCC5
:1042A000FFE7002004902AE003980190029945F668
:1042B0008620C5F63770A0EB610002909DED030AE1
:1042C000B6EE001A20EE010A8DED000A9DED010AFE
:1042D0009DED001A21EE001A21EE002AB7EE081A11
:1042E00031EE421A20EE010A8DED010A9DED030A1E
:1042F0009DED011A20EE010A8DED040AFFE79DED08
:10430000040A05B07047000084B002900191ADF836
:104310000220029828B9FFE74FF6FF70ADF80E00B3
:1043200021E0FFE70198411E0191B8B1FFE7029833
:10433000411C029100788DF80100BDF802109DF833
:1043400001004840C2B249F27C00C0F6010030F8DA
:10435000120080EA1120ADF80200E3E7BDF8020088
:10436000ADF80E00FFE7BDF80E0004B07047000086
:1043700083B0029001918DF80320FFE70198411E60
:10438000019198B1FFE79DF8030002994A1C02923F
:10439000097848408DF802009DF8021048F6E44084
:1043A000C0F60100405C8DF80300E7E79DF80300CC
:1043B00003B0704781B0EFF30580009000980028AB
:1043C00018BF012001B0704780B582B00020019075
:1043D000F0F7D0FBF9F738FAF5F76CFBF5F792FA3E
:1043E000F5F72AFCF5F798FCF5F74EFCF5F73AFAE5
:1043F000F5F760FAF5F75EFDF5F73CFDF5F7B2F974
:10440000F5F7F0F9F5F778FDF5F7F2FCF5F79AF91D
:10441000F5F7CEFA00F042F8FFE7FEE782B0ADF81C
:10442000060000200090BDF90600842807D0FFE7B1
:10443000BDF906000099084403300090FFE700989A
:1044400002B0704780B584B0039003980290029840
:1044500018B1FFE70298019002E001200190FFE708
:10446000019800F0CFFF002004B080BD80B586B079
:10447000059004910498039005980290039818B150
:10448000FFE70398019002E001200190FFE7029806
:10449000019900F0EFFF002006B080BD80B501F06B
:1044A00073F8002080BD000080B582B0FFF782FF66
:1044B00020B1FFE701F00EFB019003E001F000FBEB
:1044C0000190FFE7019802B080BD0000B0B590B048
:1044D0000E900D910E98406938B3FFE70E988069F1
:1044E00018B3FFE70E980168089141680B910169C4
:1044F00009910D990A91B0F90800FFF78FFF08990B
:10450000099A0A9B84460B98DDF838E0DEF81440DF
:10451000DEF81850EE46CEF80850CEF80440CEF83B
:1045200000C001F065FA0C9020E00E98016804913B
:1045300041680791018A05910D990691B0F908002B
:10454000FFF76CFF0499059A069B84460798EE4690
:104550000CACCEF80440CEF800C001F0F9F9012807
:1045600003D0FFE700200F9003E0FFE70C980F90C7
:10457000FFE70F9810B0B0BD80B584B003900291F2
:104580004AF27840C2F200000068009043F65050B2
:10459000C2F200000268002182F852100068043064
:1045A00000F05AFD88B9FFE743F65050C2F2000010
:1045B0000068C16A012000FA01F249F68C71C2F26A
:1045C000000108689043086000E0FFE703980130AD
:1045D00080B9FFE7029868B1FFE743F65050C2F296
:1045E00000000068011D4AF25040C2F2000000F0D5
:1045F000C3FD3DE00098039908440190019843F6FB
:104600005051C2F20001096848600198009988423F
:104610000ED2FFE743F65C50C2F20000006843F69A
:104620005051C2F200010968043100F06FFD1EE034
:1046300043F65450C2F20000006843F65051C2F2F3
:1046400000010968043100F061FD01984AF21C4143
:10465000C2F200010968884207D2FFE701984AF2D6
:104660001C41C2F20001086000E0FFE7FFE7FFE73E
:1046700004B080BD80B582B0019000F0A5FD49F680
:104680007C71C2F2000108680130086043F65050A6
:10469000C2F20000006898B9FFE7019843F6505154
:1046A000C2F20001086049F67C70C2F200000068A6
:1046B000012803D1FFE700F0D1F900E0FFE71CE09B
:1046C0004AF24440C2F200000068A0B9FFE743F696
:1046D0005050C2F200000068C06A0199C96A88425D
:1046E00007D8FFE7019843F65051C2F20001086075
:1046F00000E0FFE700E0FFE7FFE749F68871C2F25C
:1047000000010868013008600198C16A012000FAC0
:1047100001F249F68C71C2F200010868104308608A
:104720000199C86A00EB800243F66050C2F20000B3
:1047300000EB8200043100F01FFD00F071FD4AF231
:104740004440C2F200000068C8B1FFE743F6505091
:10475000C2F200000068C06A0199C96A88420CD29E
:10476000FFE74EF60451CEF200014FF08050086092
:10477000BFF34F8FBFF36F8F00E0FFE700E0FFE76D
:1047800002B080BD80B582B0FFE749F68070C2F20A
:104790000000006808B3FFE700F016FD4AF264402D
:1047A000C2F20000C068C06801900198043000F0B7
:1047B00053FC49F67C71C2F20001086801380860B8
:1047C00049F68071C2F2000108680138086000F003
:1047D00027FD019800F004F8D7E702B080BD000083
:1047E00080B582B00090009890F8510040B9FFE782
:1047F0000098006B00F03AFD009800F037FD1CE0D7
:10480000009890F85100012804D1FFE7009800F0CB
:104810002DFD11E0009890F8510002280BD0FFE721
:104820004FF0500080F31188BFF36F8FBFF34F8FAD
:104830000190FFE7FEE7FFE7FFE702B080BD000061
:1048400084B04FF4C040009043F6ED50C2F2000037
:1048500001909DF80400400788B1FFE701980730F8
:104860000190019820F007000190019A43F6ED5164
:10487000C2F200010098891A08440090FFE70198ED
:10488000029002994AF24840C2F200000160002101
:1048900041600298009A10440190019808380190F4
:1048A000019820F007000190019A43F65850C2F297
:1048B0000000026002685160026811600299039171
:1048C0000199039A891A5160006803990860039856
:1048D00040684AF21841C2F200010860039840683B
:1048E00049F6BC71C2F20001086049F69071C2F24B
:1048F00000014FF00040086004B0704780B582B0FE
:104900000190FFE7FFF73EFF43F66050C2F2000060
:10491000006802280CD3FFE74EF60451CEF20001E6
:104920004FF080500860BFF34F8FBFF36F8F00E0F0
:10493000FFE7E7E780B588B0DDF834C0DDF830C0C8
:10494000DDF82CC0DDF828C0069005910492039391
:104950000C98006B04998900A522ECF772FB0C9867
:10496000006B049900EB810004380290029820F05B
:10497000070002909DF80800400758B1FFE74FF08C
:10498000500080F31188BFF36F8FBFF34F8F0790F4
:10499000FFE7FEE70598F8B1FFE700200190FFE789
:1049A00001980F2813D8FFE70598019A805C0C99AD
:1049B000114481F8340005980199405C08B9FFE77B
:1049C00005E0FFE7FFE7019801300190E8E70C9967
:1049D000002081F8430004E00C99002081F83400A5
:1049E000FFE70A98072803D3FFE706200A9000E0B4
:1049F000FFE70A980C99C8620A980C9948640C99C8
:104A00000020009088640C98043000F077FB0C982C
:104A1000183000F073FB00980C9909610A99C1F1F4
:104A200007010C9A91610C9949620C99C8640C9920
:104A300081F850000C9981F8520002980699039A67
:104A400000F00CFA0C9908600B9820B1FFE70C9865
:104A50000B99086000E0FFE708B080BD80B584B026
:104A600000200390FFE70398062810D8FFE703987B
:104A700000EB800143F66050C2F2000000EB8100C1
:104A800000F024FBFFE7039801300390EBE749F6C1
:104A90009470C2F20000019000F018FB49F6A87073
:104AA000C2F20000029000F011FB4AF23040C2F264
:104AB000000000F00BFB4AF26440C2F2000000F07C
:104AC00005FB4AF25040C2F2000000F0FFFA0199E3
:104AD000029843F65452C2F20002116043F65C5150
:104AE000C2F20001086004B080BD000083B00290F3
:104AF0004AF24840C2F200000190FFE701980068C6
:104B00000299884205D2FFE7FFE70198006801900B
:104B1000F4E70198009000980199496808440299C7
:104B2000884209D1FFE70298426801994868104419
:104B300048600198029000E0FFE70298009000981A
:104B400002994968084401990968884220D1FFE721
:104B50000198006843F65851C2F200010968884282
:104B60000DD0FFE701980068426802994868104438
:104B700048600198006800680299086007E043F601
:104B80005850C2F20000006802990860FFE704E094
:104B90000198006802990860FFE70198029988422D
:104BA00004D0FFE702980199086000E0FFE703B036
:104BB0007047000008480068006880F308884FF0DC
:104BC000000080F3148862B661B6BFF34F8FBFF365
:104BD0006F8F00DF00BF000008ED00E081B043F6FA
:104BE0005450C2F200000068006840B9FFE74AF282
:104BF0001C41C2F200014FF0FF3008600FE043F6A5
:104C00005450C2F200000068C068C068009000986C
:104C100040684AF21C41C2F200010860FFE701B09F
:104C20007047000083B00020009040F23450C2F280
:104C300000000068013058B1FFE74FF0500080F3EA
:104C40001188BFF36F8FBFF34F8F0290FFE7FEE72E
:104C50004FF0500080F31188BFF36F8FBFF34F8F79
:104C60000190FFE7009808B9FFE7FBE703B0704742
:104C700080B58AB006900020029000F0EDFC43F66B
:104C80005850C2F20000006818B9FFE7FFF7D8FDDE
:104C900000E0FFE7069849F69071C2F2000109684A
:104CA000084240F0C580FFE7069800B3FFE706988A
:104CB000083006909DF818004007B0B1FFE706984D
:104CC00020F00700083006909DF81800400758B102
:104CD000FFE74FF0500080F31188BFF36F8FBFF3F1
:104CE0004F8F0990FFE7FEE700E0FFE700E0FFE7F6
:104CF0000698002800F09A80FFE7069849F6BC71F4
:104D0000C2F200010968884200F29080FFE74AF28F
:104D10004840C2F20000049000680590FFE7059843
:104D20004168069A00209142019007D2FFE705985A
:104D30000068002818BF01200190FFE70198C00714
:104D400030B1FFE705980490059800680590E6E704
:104D5000059843F65851C2F200010968884263D0B1
:104D6000FFE70498006808300290059800680499ED
:104D70000860059840680699401A112821D3FFE77A
:104D800005980699084403909DF80C00400758B117
:104D9000FFE74FF0500080F31188BFF36F8FBFF330
:104DA0004F8F0890FFE7FEE7059840680699401A84
:104DB000039948600698059948600398FFF796FEA6
:104DC00000E0FFE70598426849F6BC70C2F20000B7
:104DD0000168891A016000684AF21841C2F20001B4
:104DE000096888420BD2FFE749F6BC70C2F20000A6
:104DF00000684AF21841C2F20001086000E0FFE7D3
:104E000049F69070C2F200000268059948681043A4
:104E100048600599002008604AF22441C2F200016E
:104E200008680130086000E0FFE700E0FFE700E00D
:104E3000FFE700F03BFF9DF80800400758B1FFE78F
:104E40004FF0500080F31188BFF36F8FBFF34F8F87
:104E50000790FFE7FEE702980AB080BD83B002909A
:104E60000191009202980438029002994FF08070EC
:104E70000860029804380290019820F0010002991D
:104E80000860029804380290029944F62540C0F662
:104E90000100086002981438029000980299086096
:104EA00002980438029002996FF00200086002989C
:104EB00020380290029803B07047000080B5FDF7DB
:104EC00085FD80BD80B5FEF73DF880BD80B5FEF75D
:104ED000C7FA80BD80B5FEF707FA80BD80B5FEF742
:104EE0007BFB80BD80B582B001900199A520087040
:104EF00001995120A1F8010043F6EC52C2F20002E0
:104F00001078411C11700199C87001980421FEF7B6
:104F1000BFFF01990871019940F20130A1F8050025
:104F2000019940F20310A1F8070040F22850C2F2A4
:104F300000000168019AA2F80910006800F580706D
:104F40000199A1F80B0001985821FEF76BFF019918
:104F5000A1F8580002B080BD80B582B001900199DF
:104F6000A520087001993320A1F8010043F6EC5206
:104F7000C2F200021078411C11700199C8700198AA
:104F80000421FEF785FF01990871019940F2013073
:104F9000A1F8050001994FF48870A1F8070040F2CC
:104FA0002850C2F200000168019AA2F809100068B6
:104FB00000F580700199A1F80B0001981C30EBF707
:104FC000AAFF844601990A694B6988696FF3DF5229
:104FD00042EACC524B610A61886101983A21FEF79E
:104FE00021FF0199488702B080BD000080B5FEF71F
:104FF00031FE80BD80B5FEF75FFEFEF78FFEFEF747
:10500000A7FE80BD86B005908DED040ACDED030AA4
:1050100002919DED030A9DED041A30EE410A8DEDDB
:10502000010A049800909DED050AB8EEC00A9DEDB6
:10503000011A20EE010A029901208840013801EE90
:10504000100AB8EEC11A80EE010A9DED001A30EE8A
:10505000010A06B07047000082B001900198006913
:105060000090019841688068886001994868896863
:105070004860009840680199884205D1FFE701988F
:1050800080680099486000E0FFE70199002008610E
:1050900000990868013808600098006802B07047FD
:1050A00083B002900191009202994AF2C430C2F298
:1050B00000000860019949F6C070C2F20000086063
:1050C00000994FF48070086003B0704781B0009081
:1050D000009901F10800486000994FF0FF308860A6
:1050E000009901F10800C860009901F10800086109
:1050F00000990020086001B07047000081B0009066
:1051000000990020086101B07047000084B003904E
:1051100002910298006800900098013020B9FFE7E2
:1051200003980069019010E0039808300190FFE7B0
:105130000198406800680099884205D8FFE7FFE7BA
:10514000019840680190F3E7FFE7019840680299F1
:1051500048600298416888600198029988600298C6
:105160000199486003980299086103990868013021
:10517000086004B07047000083B00290019102986B
:1051800040680090009801994860009880680199F3
:105190008860019800998968486001980099886042
:1051A000029801990861029908680130086003B00B
:1051B00070470000DFF80C00016841F470010160E5
:1051C0007047000088ED00E082B04FF0500080F39F
:1051D0001188BFF36F8FBFF34F8F019040F23450AF
:1051E000C2F200000168013101600068012814D199
:1051F000FFE74EF60450CEF200000068000658B1FA
:10520000FFE74FF0500080F31188BFF36F8FBFF3BB
:105210004F8F0090FFE7FEE7FFE702B07047000006
:1052200082B040F23450C2F20000006858B9FFE783
:105230004FF0500080F31188BFF36F8FBFF34F8F93
:105240000090FFE7FEE740F23450C2F20000016830
:1052500001390160006830B9FFE700200190019832
:1052600080F31188FFE702B07047000080B586B078
:10527000039003980290039800285CD0FFE70298FF
:1052800008380290029801900198406849F69071A0
:10529000C2F20001096808420BD1FFE74FF050004D
:1052A00080F31188BFF36F8FBFF34F8F0590FFE737
:1052B000FEE70198006858B1FFE74FF0500080F317
:1052C0001188BFF36F8FBFF34F8F0490FFE7FEE7A6
:1052D0000198406849F69071C2F2000109680842DD
:1052E00027D0FFE70198006808BBFFE749F69070F8
:1052F000C2F200000268019948689043486000F0DB
:10530000ABF90198426849F6BC71C2F20001086825
:10531000104408600198FFF7E9FB4AF22841C2F205
:10532000000108680130086000F0C0FC00E0FFE701
:1053300000E0FFE7FFE706B080BD00004EF210017D
:10534000CEF20001002008604EF21802CEF20002F8
:10535000106040F2E830C2F20000006844F6D35218
:10536000C1F26202A0FB02024FF0FF3000EB92108C
:105370004EF21402CEF2000210600720086070475F
:1053800084B0EFF305800190019810281ED3FFE749
:1053900001984EF2F031CEF20001405C8DF803002E
:1053A0009DF8030049F6ED51C2F2000109788842E8
:1053B0000BDAFFE74FF0500080F31188BFF36F8FD7
:1053C000BFF34F8F0390FFE7FEE7FFE74EF60C5069
:1053D000CEF20000006800F4E06049F67471C2F299
:1053E0000001096888420BD9FFE74FF0500080F3B5
:1053F0001188BFF36F8FBFF34F8F0290FFE7FEE777
:1054000004B0704780B584B00290002001900298EB
:10541000E0B1FFE749F68470C2F20000006858B1BD
:10542000FFE74FF0500080F31188BFF36F8FBFF399
:105430004F8F0390FFE7FEE700F00EF9029800217E
:10544000FFF79AF800F032FC019000E0FFE70198C6
:1054500060B9FFE74EF60451CEF200014FF08050E4
:105460000860BFF34F8FBFF36F8F00E0FFE704B01A
:1054700080BD000080B58AB00690059100200290A2
:10548000069858B9FFE74FF0500080F31188BFF33A
:105490006F8FBFF34F8F0990FFE7FEE7059858B96C
:1054A000FFE74FF0500080F31188BFF36F8FBFF319
:1054B0004F8F0890FFE7FEE749F68470C2F20000C4
:1054C000006858B1FFE74FF0500080F31188BFF338
:1054D0006F8FBFF34F8F0790FFE7FEE700F0BCF838
:1054E0004AF27840C2F20000006801900698006815
:1054F000059908440490019806990968884210D2D9
:10550000FFE7049806990968884208D2FFE70498E3
:105510000199884203D9FFE70120029000E0FFE7EC
:105520000FE0049806990968884205D3FFE70498BC
:105530000199884203D9FFE70120029000E0FFE7CC
:10554000FFE7049806990860029838B1FFE70498CD
:105550000199401A0021FFF70FF800E0FFE700F083
:10556000A5FB0390039860B9FFE74EF60451CEF215
:1055700000014FF080500860BFF34F8FBFF36F8F73
:1055800000E0FFE70AB080BD80B58AB0002003903C
:105590000690059006A805A904AAFFF781FD039BC4
:1055A000049A0599DDF818C06846C0F808C0416043
:1055B000036044F6FD00C0F6010048F62661C0F61F
:1055C000010100F015FA01464AF2C030C2F20000B3
:1055D0000160006818B1FFE70120079002E0002099
:1055E0000790FFE70798012823D1FFE74FF050000D
:1055F00080F31188BFF36F8FBFF34F8F09904AF28A
:105600001C41C2F200014FF0FF3008604AF24441F1
:10561000C2F20001012008604AF27841C2F20001A2
:105620000020086000F0E8F808B1FFE700E0FFE7BD
:105630000FE00798013058B9FFE74FF0500080F3B2
:105640001188BFF36F8FBFF34F8F0890FFE7FEE71E
:10565000FFE70AB080BD000049F68471C2F2000184
:10566000086801300860704785B049F68470C2F25E
:105670000000006838B1FFE74AF27C41C2F2000145
:10568000012008604DE04AF27C41C2F20001002096
:10569000086049F68C70C2F200000068049004981B
:1056A000B0FA80F08DF80F009DF80F00C0F11F00D8
:1056B0000190019800EB800143F66050C2F20000B7
:1056C00050F8210058B9FFE74FF0500080F31188DF
:1056D000BFF36F8FBFF34F8F0290FFE7FEE7019894
:1056E00000EB800143F66050C2F2000000EB810045
:1056F00000900099486840684860009948680831FF
:10570000884205D1FFE70099486840684860FFE794
:1057100000984068C06843F65051C2F2000108602A
:10572000FFE705B07047000080B586B00490039194
:105730000020ADF80A00049820B1FFE70398022882
:1057400003D8FFE70020059029E004980399023967
:1057500040F26802C2F200021288FEF7D5FDADF8F1
:105760000A009DF80A10049A0398104410F8022CBD
:105770000020914201900DD1FFE79DF80B00049AA3
:105780000399114411F8011C401AB0FA80F0400945
:105790000190FFE7019800F001000590FFE70598F0
:1057A00006B080BD80B584B00290019100208DF8D4
:1057B0000300029820B1FFE70198022803D8FFE711
:1057C0000020039014E0029801990139FF22FEF7AE
:1057D000CFFD8DF803009DF80300029A0199114452
:1057E00011F8011C401AB0FA80F040090390FFE75D
:1057F000039804B080BD000080B588B04EF600501C
:10580000CEF2000000684CF27121C4F20F11884200
:105810000BD1FFE74FF0500080F31188BFF36F8F7B
:10582000BFF34F8F0790FFE7FEE74EF60050CEF232
:10583000000000684CF27021C4F20F1188420BD1B5
:10584000FFE74FF0500080F31188BFF36F8FBFF375
:105850004F8F0690FFE7FEE74EF20040CEF20000C9
:10586000039001780491FF21017000788DF80B00FE
:105870009DF80B0000F0500049F6ED51C2F2000116
:10588000087049F67471C2F2000107200860FFE752
:105890009DF80B00000600280DD5FFE749F674714E
:1058A000C2F200010868013808609DF80B00400052
:1058B0008DF80B00ECE749F67470C2F20000006846
:1058C00003280BD0FFE74FF0500080F31188BFF39F
:1058D0006F8FBFF34F8F0590FFE7FEE749F67471B6
:1058E000C2F20001086800020860086800F4E06085
:1058F000086004984EF20041CEF2000108704EF6A6
:105900002051CEF20001086840F470000860086879
:1059100040F070400860FFF711FD40F23451C2F2D0
:105920000001002001900860FFF744FC4EF634713E
:10593000CEF20001086840F040400860FFF73AF9F5
:10594000FFF792FEFFF76EF9019808B080BD0000E6
:1059500070B58CB0DDF844C0DDF840C00B900A9102
:10596000ADF826200893BDF826008000FFF780F9E7
:105970000590059880B1FFE75420FFF779F907906B
:10598000079820B1FFE705980799086303E0059899
:10599000FFF76CFCFFE702E000200790FFE70798A5
:1059A000F0B1FFE70798002680F851600B980A993C
:1059B000BDF82620089BDDF840C0119C079DEE46EF
:1059C000CEF80C60CEF80850CEF80440CEF800C0F7
:1059D000FEF7B0FF0798FEF74DFE0120069003E0AA
:1059E0004FF0FF300690FFE706980CB070BD000046
:1059F000B0B58EB0DDF850C0DDF84CC0DDF848C061
:105A00000A90099108920793139858B9FFE74FF04D
:105A1000500080F31188BFF36F8FBFF34F8F0D904D
:105A2000FFE7FEE7149858B9FFE74FF0500080F306
:105A30001188BFF36F8FBFF34F8F0C90FFE7FEE726
:105A400054200490049854280BD0FFE74FF05000E6
:105A500080F31188BFF36F8FBFF34F8F0B90FFE779
:105A6000FEE70498149820B3FFE7139808B3FFE704
:105A7000149806901398069908630699022081F8F5
:105A800051000A980999089A079BDDF848C0069CBE
:105A9000EE460025CEF80C50CEF8084005ACCEF806
:105AA0000440CEF800C0FEF745FF0698FEF7E2FD81
:105AB00002E000200590FFE705980EB0B0BD0000A1
:105AC00081B04AF27840C2F200000068009000986D
:105AD00001B0704780B582B0FFF752FC0020009003
:105AE0004AF27840C2F2000000680190019802B0CA
:105AF00080BD000080B586B00020029049F6847019
:105B0000C2F200000068002840F0C580FFE74AF2BA
:105B10007841C2F2000108680130019001980860E4
:105B2000019858BBFFE743F65450C2F200000068EA
:105B3000006858B1FFE74FF0500080F31188BFF3C1
:105B40006F8FBFF34F8F0590FFE7FEE743F6545288
:105B5000C2F200021068009043F65C51C2F20001EC
:105B600008681060009808604AF22041C2F2000103
:105B7000086801300860FFF731F800E0FFE701989E
:105B80004AF21C41C2F200010968884262D3FFE771
:105B9000FFE743F65450C2F200000068006840B9C5
:105BA000FFE74AF21C41C2F200014FF0FF300860EB
:105BB0004FE043F65450C2F200000068C068C0686D
:105BC000049004984068039001980399884207D292
:105BD000FFE703984AF21C41C2F20001086038E076
:105BE000FFE704980430FFF737FA0498806A28B179
:105BF000FFE704981830FFF72FFA00E0FFE704985A
:105C0000C16A012000FA01F249F68C71C2F200016A
:105C10000868104308600499C86A00EB800243F6E4
:105C20006050C2F2000000EB82000431FFF7A4FADA
:105C30000498C06A43F65051C2F200010968C96A6B
:105C4000884203D3FFE70120029000E0FFE7FFE76F
:105C50009FE7FFE743F65050C2F200000068C06AB9
:105C600000EB800143F66050C2F2000050F82100C2
:105C7000022803D3FFE70120029000E0FFE74AF289
:105C80007C40C2F20000006818B1FFE701200290DA
:105C900000E0FFE707E04AF22C41C2F20001086889
:105CA00001300860FFE7029806B080BD80B584B07F
:105CB00000200290019049F68470C2F20000006852
:105CC00058B9FFE74FF0500080F31188BFF36F8F92
:105CD000BFF34F8F0390FFE7FEE7FFF775FA49F632
:105CE0008470C2F200000168013901600068002878
:105CF00040F09280FFE749F67C70C2F20000006835
:105D0000002800F08880FFE7FFE74AF23040C2F247
:105D100000000068E0B3FFE74AF23040C2F2000042
:105D2000C068C068029002981830FFF795F9029891
:105D30000430FFF791F90298C16A012000FA01F2DC
:105D400049F68C71C2F2000108681043086002999C
:105D5000C86A00EB800243F66050C2F2000000EB1C
:105D600082000431FFF708FA0298C06A43F65051E6
:105D7000C2F200010968C96A884207D3FFE74AF204
:105D80007C41C2F200010120086000E0FFE7BCE7AF
:105D9000029818B1FFE7FEF721FFFFE74AF22C4017
:105DA000C2F20000006800900098E0B1FFE7FFE752
:105DB000FFF7A0FE38B1FFE74AF27C41C2F20001D2
:105DC0000120086000E0FFE7009801380090FFE73D
:105DD00000980028ECD1FFE74AF22C41C2F2000102
:105DE0000020086000E0FFE74AF27C40C2F20000B9
:105DF000006870B1FFE7012001904EF60451CEF229
:105E000000014FF080500860BFF34F8FBFF36F8FDA
:105E100000E0FFE7FFE700E0FFE7FFF701FA019886
:105E200004B080BD4100080218BF04200A0E18BF4C
:105E300040F001004FF07F4232EA010108BF40F01C
:105E40000200012808BF05207047000010B510EEC1
:105E5000104A4FF01A402DED028B00EB4400B0F1D8
:105E6000C85F4AD84FF0FC40B0EB440F22D2B0EEEE
:105E7000C00AF7EE000A30EEC00AF6EE000A20EE85
:105E8000208A18EE100A00F0B3FD00EE100A14F09C
:105E9000004F1DBF9FED281ADFED280AB1EE400A22
:105EA0009FED271A08BFF0EE410AF8EE001A20EE27
:105EB000210A05E020EE008A9FED221ADFED220A7A
:105EC000DFED221A9FED222A70EEC00A20EE080AAA
:105ED00008EE212ADFED1F1A48EE021A9FED1E2A56
:105EE00008EE212ADFED1D1A48EE021ABDEC028BE6
:105EF00040EE610A30EE810A10BD4FF0CC40B0EBAD
:105F0000440F82BF9FED160ABDEC028B10BD4FF00F
:105F10007F40B0EB440F05D2BDEC028BBDE81040D2
:105F200000F048BD0120EBF75EF9BDEC028BBDE847
:105F3000104000F045BD00000000494022AA7D3A13
:105F4000000000000000C93F22AAFD3924FE1C3DCC
:105F5000C78AD83C1E67383D1B93993DAFAA2A3E9D
:105F6000DB0FC93F10B54FF00E402DED028BB0EEA8
:105F7000408A18EE104A00EB4400B0F1506F4AD846
:105F80004FF0FC40B0EB440F22D2B0EEC80AF7EE5F
:105F9000000A30EEC00AF6EE000A60EE208A18EE23
:105FA000900A00F025FD01EE100A14F0004F1DBF0D
:105FB000DFED2D0A9FED2D0AB1EE411ADFED2C0A1F
:105FC00008BF9FED2C0AF8EE001A21EE218A05E0A9
:105FD000DFED290A68EE088AB0EE600A9FED271A05
:105FE000DFED271A30EE080A48EE811A9FED251AD8
:105FF00008EEA11ADFED241A48EE811A9FED231A4C
:1060000008EEA11A68EE281ABDEC028B01EE810A97
:1060100030EE200A10BD4FF0E440B0EB440F0CD935
:1060200018EE100AFFF7FEFE042808BF00F0D8FCA7
:10603000B0EE480ABDEC028B10BD4FF07F40B0EBD4
:10604000440F07D2B0EE480ABDEC028BBDE8104009
:1060500000F0B0BC0120EBF7C6F8BDEC028BBDE848
:10606000104000F0ADBC00000000C9BF22AAFDB97D
:106070000000C93F22AAFD390000000024FE1C3D9B
:10608000C78AD83C1E67383D1B93993DAFAA2A3E6C
:1060900070B54FF068422DED048BF0EE408A18EE9B
:1060A000900AB0EE608A18EE101A02EB4003B3F1CA
:1060B000654F3CBF02EB4102B2F1654F7DD200BF9C
:1060C000C0F3C753C1F3C7529A1A1B2A09DD10F057
:1060D000004F14BF9FED830A9FED830ABDEC048B34
:1060E00070BD12F11A0F36DA11F0004F09D010F01E
:1060F000004F0CBF9FED7D0A9FED7D0ABDEC048B28
:1061000070BD88EE889A19EE100AFFF78BFE0428FE
:1061100008BF00F065FC18EE900AFFF783FE054605
:1061200018EE100AFFF77EFE044619EE100AFFF77C
:1061300079FE042D18BF052D08D1042C18BF052C9D
:1061400004D1002804BF0220EBF74DF8B0EE490A55
:10615000BDEC048B70BD4200B2EB410F3AD910F098
:10616000004F19BFDFED630A9FED630ADFED630A9D
:106170009FED630AB0EE481A0A46B1EE688A80F0D5
:106180000041F0EE418A10460A1A5200B2F1807FB7
:1061900034D2484010F0004FDFED5A1A9FED5A2AD2
:1061A0001DBFBEEE001A70EEE10A30EE420AB6EEF6
:1061B000001A08BF70EEA10A00E040E008BF30EE10
:1061C000020AB0EE682A01EE482A08EE818AC2EE81
:1061D000081A15E011F0004F04BF9FED4C0AF0EED5
:1061E000400AD1D010F0004F19BFDFED490A9FEDF2
:1061F000490ADFED490A9FED490AC5E7C8EE881A4A
:1062000021EEA11A9FED462ADFED462A41EE022A31
:106210009FED452A01EE222ADFED442A41EE022AB3
:106220009FED432ABDEC048B01EE222A21EE811A58
:1062300001EE020A30EE210A30EE200A70BD4FF066
:106240007F42B2EB400F28BFB2EB410F09D2F0EE14
:10625000480AB0EE680ABDEC048BBDE8704000F05F
:10626000ACBB40EA01035B0008BF41F0FF410BD02B
:10627000B2EB400F08BFB2EB410F08D120F08040D5
:1062800008EE900A21F0804108EE101A18E7B2EBF0
:10629000400F12BF5FEA410340F0FF4001F00041B0
:1062A0003FF40EAFB2EB410F12BF5FEA400200F0C5
:1062B000004041F0FF413FF403AF4A0092EA40033F
:1062C0003FF5FEAE002AACBF9FED1A0A9FED1A0AF9
:1062D00068EE808A28EE008A18EE900A18EE101AEE
:1062E000EEE60000DB0FC9BFDB0FC93FDB0F494003
:1062F000DB0F49C00000C9BF22AAFDB90000C93F99
:1063000022AAFD390060ED3EC30ACE37000000002E
:10631000000049C022AA7DBA0000494022AA7D3A65
:106320002DAD65BD8FB8D53D0FB511BE61C84C3ED2
:10633000A8AAAABE0000804F0000802F10B510EE62
:10634000100A2DED068BB7EE001A10EE901AB0EE83
:10635000418A0022A0F5000CDFEDFE9A4FF0007399
:10636000BCF1FE4F4FF07F4403EB410C80F0B48151
:10637000BCF1804FC0F02082F74901449FEDF73A0D
:10638000B1F5005F40F2D48200F58021CB0C03F020
:106390000F0101EE901AC3F307137F3BA0EBC3502C
:1063A000B8EEE12A00EE100A1A44DFEDED2AF0EE15
:1063B000411A42EE221AF0EE613A70EE232A30EED4
:1063C000632A12EE900A00F500606FF30B0001EEF5
:1063D000900A73EEE13A33EE804AC1EE223A22EEA1
:1063E000230A10EE100A00F500606FF30B0000EEB8
:1063F000100A00EE612A00EE442A62EE232A70EEB3
:10640000221A21EEA12ADFEDD73A02EE233A23EE3B
:10641000023A20EE012A22EE811A03EE211A32EE10
:10642000010A10EE100A00F500606FF30B0000EE99
:10643000100A72EE401A31EE812A9FEDCB1A60EEFF
:10644000011A9FEDCA1A20EE011A9FEDC90A02EE49
:10645000001A31EE810A10EE100A00F500606FF3A9
:106460000B0000EE100AC34871EEC01A31EE812A0B
:10647000784400EBC10090ED003AD0ED011A100114
:1064800001EE100AF8EEC12A32EE211A31EE001A9E
:1064900031EE031A31EE221A11EE100A00F50060F7
:1064A0006FF30B0009EE100A39EE621A31EE431A4F
:1064B00031EE400A30EE610A32EE40AA10EE900A48
:1064C000002100F500606FF30B0008EE900A08460B
:1064D00070EEE8AA01F0F8FD29EE280A00F00C01A0
:1064E000F0EEC00A10EE900AB0F18B4F0DDD10EE09
:1064F000900AB4EB400F08D310EE100A4FF08B4215
:1065000062F31E0008EE900A13E069EE2A0A38EEE4
:10651000AA1A4AEE010A30EE201A11EE100A00F50E
:1065200000606FF30B0008EE900A30EE680A70EE20
:10653000209A0C2001F0C8FD38EEA90AB5EEC00A79
:10654000F1EE10FA34BFFEEE000AF6EE000A30EE6D
:10655000800ABDEEC00A10EE100A011100EE101AFA
:10656000F8EEC00A00EE100AB8EEC00A38EEC00A13
:1065700030EE290ADFED801A9FED801A00EE211A15
:10658000DFED7F1A7F4900F00F0040EE011A21EE87
:10659000800A794401EB800191ED001A7A4979442F
:1065A00001EB8001D1ED001A784901EE801A79449F
:1065B00001EB8000764990ED000A31EE001AB0EE52
:1065C000E00A10EE100A884215DA10EE100AB4EB59
:1065D000400F10D39FED6F0A30EE800ADFED6E0A98
:1065E00020EE200A68EE010ABDEC068BBCEEC00A64
:1065F00020EE200A10BD10EE100A6849884243DAE6
:1066000010EE100AB4EB400F3ED3BDEEE00A68EE88
:10661000010A10EE100A00EBD0725110C90501F109
:106620007E5100EE101AA0EB6200C00560EE200A59
:1066300000F17E5000EE100A60EE808A18EE900A9B
:10664000B4EB400F0FD10220EAF7CDFD00F0C0F906
:1066500010EE101A18EE100ABDEC068B61F31E0046
:1066600000EE100A10BD18EE900A400011D018EE8E
:10667000900AFFF7D7FB042808BF00F0B1F9B0EE8D
:10668000680ABDEC068B10BDF5EEC00AF1EE10FAFB
:106690000FD20220EAF7A7FD00F0A2F910EE101ABF
:1066A00018EE100ABDEC068B61F31E0000EE100A16
:1066B00010BD0220EAF797FD00F08AF910EE101ADB
:1066C000B0EE480A10EE100ABDEC068B61F31E0016
:1066D00000EE100A10BD00BFBCF1804F6CD300BFAC
:1066E00000F1FF43B3F1FE4F24D200BFB0EEC00A69
:1066F00010EE100AC1F3C7537F2B0DDB972BBFF6AB
:106700003BAEC3F196034FF0010C0CFA03F3A3F177
:10671000010C1CEA010F08D00120EAF764FDBDEC72
:10672000068BBDE8104000F04BB90B4218BFBFEE1E
:10673000008A21E643001CBF4FF08073B3EB400F8B
:1067400034D96FF01A02DFED161A20EE210A10EE8E
:10675000100A27E000000000001080C0ABAAAA3E8B
:106760000000803D7EE24C3E00B03842D49AB8BB77
:106770003BAA3842A8250000FC596337C9FF753A87
:106780001872313D462500007A250000EA240000F9
:106790000000FC420000FE420000004B00004043AD
:1067A0000000004D10F0004FA0D1E5E5A0F500037A
:1067B000B3F1FE4F21D2DFE503EB4103B3F1007FDC
:1067C00011D3F5EEC00AF1EE10FA05D1430018BF5F
:1067D000B4EB400F76D883E701F0004141F0FC5163
:1067E00000EE901A7CE7B3F1807F06D210EE903A6B
:1067F000A3F5000300EE903A72E720F000426FF03C
:10680000FF4C604C02EB0C03A34210D321F0004379
:106810009C44A4450BD3B0F17E5F18BF5FEA410CE6
:1068200050D0B2F1FF4F98BFB3F1FF4F05D9BDEC87
:10683000068BBDE8104000F0C0B8B0F1FF4F0FD09C
:10684000C1F3C7527F2A09DB972A11DAC2F19602F7
:10685000012303FA02F2531E0B4205D0002208E086
:1068600011F0004F55D128E00A4218BF012200D193
:10687000022210F5000F13D028B3B0F1004F26D03C
:1068800010F1814F4FD04FF0FE42B2EB400F94BF5A
:1068900001200020012202EBE171884239D10CE095
:1068A00011F0004F02D0012A38D032E0012A02BF95
:1068B0009FED350ABDEC068B10BD9FED340ABDEC93
:1068C000068B10BD2FE011F0004F0CD121E0B1F18B
:1068D000FF4F1ED011F5000F05D011F0004F15D05D
:1068E0000AB1012A08D00220EAF77DFCBDEC068B34
:1068F000BDE8104000F054B80220EAF774FC00F044
:106900004FF8BDEC068BB1EE400A10BD0AB1012A6A
:1069100004D0B0EE690ABDEC068B10BDBDEC068B51
:106920009FED1B0A10BDBDEC068BB7EE000A10BD33
:1069300030EE410AB5EE001A9FED172A00EE413AFB
:10694000B6EE001A60EE001A00EE431A61EEC11AAC
:106950009FED101A20EE011A20EE020A9FED0F2A79
:1069600001EE820A71EE001A11EE900A00F5006045
:106970006FF30B0009EE100A31EE491A31EE00AA4E
:106980009CE50000FFFF3F00000080FF0000807FCB
:106990000000008000B0B841D49A38BB3BAAB8418F
:1069A000DFED030AB7EE001A81EE200A70470000FF
:1069B0000000000030EE000A704730EE200A7047F9
:1069C000DFED020A80EEA00A704700000000000020
:1069D0009FED020A20EE000A7047000000000070E0
:1069E0009FED020A20EE000A704700000000001030
:1069F00010B500EE100A2DED028BB1EEC08A18EE34
:106A0000100A20F00040C0F1FF40C00F0AD010EE85
:106A1000100A20F00040C0F1FF40C00F04BF012069
:106A2000EAF7E1FB18EE100ABDEC028B10BD000086
:106A300021F0004201F00043A2F16052B2F5801F44
:106A400028BFD2F17E6C51D9F1EE10CA1CF4400F70
:106A500014D15FEAC00C43EAC20202EB507008BFD7
:106A600070475FEA4C0CDFF884C240F1000041F04F
:106A7000CF8028BF20F0010001F0CAB8C30001F0A8
:106A8000004343EAC20202EB507008BF70471B424A
:106A900048BF4FEA4C0C1CF4000F08BF401CDFF845
:106AA0004CC201F0B5B8C30001F0004343EAC20292
:106AB00002EB507204BF104670471B4248BF4FEABA
:106AC0004C0C1CF4000FDFF824C218BF104641F034
:106AD0009F8008BF521C12F4000F08BF104601F03F
:106AE000978021F0004201F0004330E050EA410C71
:106AF00004BF084670475FEA125CBCF1FE0F1ED16E
:106B0000F1EE10CA1CF4400FCDD15FEAC00C9BD04F
:106B10005FEA001C4FEAC20C4CEB507C04BFC20081
:106B20002CEAD27C1CF4000F04BF4CEA0300DFF80F
:106B3000BCC101F06D8021F00042A2F160524FEA29
:106B4000410CB2F5801F2ADB1CF5001F16D2F1EEB6
:106B500010CA1CF4806F06D02CF0005C4CF0805CF6
:106B6000A1F140612AE04FF07F4043EA5000DFF896
:106B700080C101F04DB8084601F003BA70B500F0CD
:106B800077FD00BF000000B988000004FFF7F3BFE5
:106B900021F0704243EA507040EAC2007047F1EEC3
:106BA00010CA2CF0805C4CF0005C1CF4006F25D007
:106BB0004B00B3F5001F51D301F140611CF4400FAD
:106BC00040F07E800CF0405C4CF0880CC30011D08B
:106BD0005CF0404C10F0805F0CD0034610F1005088
:106BE00041F10001020108BF20F00050834218BFAC
:106BF0002CF0004C00F0604001F0CFBA1CF4400FC4
:106C00001AD01B4248BF4FEA4C0C1CF4000F13D1A2
:106C100012F1406248BF22F07F424FEAC00CBCF143
:106C2000010F43EAC20242EB50704FF0880228BFC6
:106C300042F0804201F0AAB912F1406248BF22F04E
:106C40007F425FEAC00C43EAC20242EA50704FF052
:106C5000880218BF42F0404201F098B901F00043A9
:106C600021F00041094214D0B1FA81FCACF10B0CC7
:106C700001FA0CF1CCF1200220FA02F241EA020101
:106C800000FA0CF04FEA0C52A1EB020181EA030179
:106C90000FE0B0FA80F200FA02F002F115024FEABA
:106CA000D0214FEA40504FEA0252A1EB020181EAA3
:106CB0000301F1EE10CA2CF0805C4CF0005C7BE725
:106CC00062460CF0405C4CF0880CC30092D05CF043
:106CD000404C094248BF520012F4000F8AD110F113
:106CE000005041F100012CF0004C83D1880000409D
:106CF0008800001010B5DFF840E211F5801C13F594
:106D000080141EEA4C0F18BF1EEA440F00F0C88022
:106D100091EA030F48BF83F0004300F18085841A95
:106D200071EB030C05D2121943EB0C03001B61EB52
:106D30000C014FEA1154A4EB135C21EA045123EA3D
:106D40006E0343F48013DCF1200E53D322FA0CFEC1
:106D500010EB0E0023FA0CFE41EB0E01CCF1200EDD
:106D600003FA0EFE10EB0E00CCF1200E51F10001E3
:106D7000B1F5801F53D201EB045112FA0EF2BDE8B7
:106D8000104008BF7047F1EE10CA1CF4400F1ED12E
:106D900092F0000F4FF0110C4CF0804C40F138870E
:106DA000401C38BF5FEA420240F03287002814BF1F
:106DB00020F0010041F100014FEA410313F5001FEB
:106DC00024BF4CF0805CA1F1C04100F021BF11F064
:106DD000004F54BF1CF4000F1CF4800F4FF0110C37
:106DE0004CF0804C40F01487401CC0F0118741F1FA
:106DF0000001E1E7012A43EB0302ACF1200CDCF1D6
:106E00001F0E32BF4FF0000E23FA0CF310EB0300FD
:106E100041EB0451B4EB115FAFD0A1EB045101F58C
:106E20008011490801EB04515FEA300002FA0EF2CA
:106E300042EA42025FEA320213D0BDE81040F1EEAE
:106E400010CA1CF4400F1AD192F0000F4FF0110C31
:106E50004CF0804CB0D5401C38BF5FEA4202ABD149
:106E6000A4E7BDE810404FEA410313F5001F38BF07
:106E70007047DFF8C8C0A1F1C04100F0C9BE11F0F1
:106E8000004F54BF1CF4000F1CF4800F4FF0110C86
:106E90004CF0804C90D1401C8ED341F100018BE727
:106EA0004EF4001E3EEA410418BF3EEA430439D0C6
:106EB00091EA030F48BF83F0004300F1AD85841AC7
:106EC00071EB030C05D2121943EB0C03001B61EBB1
:106ED0000C014FEA1154A4EB135C52EA430E13D099
:106EE0005FEA445E21EA04511CBF23F00043ACF189
:106EF000010C7FF428AFBDE81040801841EB03017E
:106F00004FF0110C00F06FBD5FEA445EBDE8104029
:106F100018BF704750EA410C08BF70474FF0110C82
:106F200000F061BDBDE8104070B500F0A1FB00BFEE
:106F300064FBBE3E110000040000C0FF1100001001
:106F40002DE9C04130B4DFF86CC33CEA111418BF1E
:106F50003CEA131400F04F811CEA111481EA030586
:106F600044EAD57418BF1CEA131500F02181A4EB84
:106F7000050404F17F7404F500344FF0004545EA40
:106F8000C12145EAC32341EA505143EA52534FEA33
:106F9000C0204FEAC222994208BF904200F0D4803C
:106FA0004FEA13650FF20C26765D4FEA134506FB98
:106FB00005F7C7F1807706FB07F74FEAD737A7FB3E
:106FC00003687642A7FB06CEC8F5803838BFA8F123
:106FD000010807FB08E6A6FB028C4FF0000EE6FB5B
:106FE00003CED8F100086FEA0C0C5CF1000C6FEADC
:106FF0000E0E4EF1004EA6FB0C584FF00007E6FBBC
:107000000E87A1FB08C6A0FB07CE16EB0E064FF0BD
:10701000000545F10005E1FB076515F1E04E7EBF77
:10702000A4F580345FEA46066D4116F1800745F10C
:1070300000054FEA172747EA05674FEA1525F1EEE5
:1070400010CA1CF4400F37D14FEA4666A6F15E46DF
:10705000B6F1085F30D9B4F1FE6F2DD8384605EB94
:10706000C47124F0010C01EB0C11BCF1FE6FDFF8D0
:1070700048C202D8F0BCBDE8004140F2C9852442B4
:107080005CBF01F5801E9EEAC47F02D4F0BCBDE85F
:10709000004140F1BD85244200F17880A1F1C0415A
:1070A000DFF818C256EA080E18BF4CF0804CF0BC4E
:1070B000BDE8004100F0ACBD4FEAD02040EA4150AD
:1070C0004FEAD1214FEAD22242EA43524FEAD32378
:1070D000A7FB028607FB036605FB02661EEA0E0F8E
:1070E00058BFA6EB0056B6EB00564FEA520E4EEADA
:1070F000C37E18EB0E0E56EB530E05D518EB0208A7
:107100005E417F1C55F1000556EA080E24D01CF4A0
:10711000400FA3D014F0010F18BF4FEA4C0C1CF421
:10712000000F08D0364299D4B8EB02089E417F1E6A
:1071300075F1000592E7364290D518EB02085E41E2
:107140007F1C55F1000589E74FF480154FF00007CB
:107150004FF000064FF00008384605EBC47124F0EC
:10716000010C01EB0C11BCF1FE6F02D8F0BCBDE8C4
:1071700000811CEA0C0F5CBF01F5801E9EEAC47FF3
:1071800002D4F0BCBDE80081244287D501F1C041A2
:1071900056EA080C1CBF06F0004C4CF0804C4CF03A
:1071A000005C4CF0140CF0BCBDE8004100F072BC77
:1071B0000CEA131550EA410E0BD052EA430E13D0DD
:1071C00000F0D9FA641B240486EA460644EAD67421
:1071D000CFE652EA430E00F0268081EA030101F077
:1071E0000041F0BCBDE80081F0BCBDE80041DFF823
:1071F000D0C000F00DBDF0BCBDE8004170B500F09E
:1072000037FA00BF097EFC3E1400000400F007B806
:107210004FF0000081EA030101F00041704781EA6C
:10722000030100F0E0BAF0BCBDE800415FF828C0FF
:1072300000F0EEBCFFFDFBF9F7F5F4F2F0EEEDEB3C
:10724000E9E8E6E4E3E1E0DEDDDBDAD8D7D5D4D364
:10725000D1D0CFCDCCCBCAC8C7C6C5C4C2C1C0BFB0
:10726000BEBDBCBBBAB9B8B7B6B5B4B3B2B1B0AFB6
:10727000AEADACABAAA9A8A8A7A6A5A4A3A3A2A19A
:10728000A09F9F9E9D9C9C9B9A9999989797969555
:1072900095949393929191908F8F8E8E8D8C8C8BF1
:1072A0008B8A898988888787868585848483838279
:1072B000828181800000FF0714000040140000104C
:1072C0001400000880B54FEA41034FEA5353A3F579
:1072D0008063D3F11E03C8BFD3F1210C1FDD4FF033
:1072E000004242EAC12242EA505232FA03FC62FAF8
:1072F00003F787EA0C0757EAC0270BD032FA03FCE2
:107300008CEAE17CACEBE170DFF878C0BDE880404E
:1073100000F07EBC8CEAE17CACEBE17080BD50EA11
:10732000410C00D180BD102B07DD4FF00000DFF8CD
:1073300054C0BDE8804000F06BBC03F5787CBCF124
:10734000FF3F14D0002B02BF7FEA210C5FEA013C13
:107350005FEA505C05D100284FF00040D4D100D145
:1073600080BDDFF824C0BDE8804000F051BCBDE81E
:10737000804070B500F07CF9000000BFC800030435
:1073800080B5DFE7C8000240C800020480B54FEABC
:107390001153A3F58063D3F11E03A8BFD3F1200CD2
:1073A0001BDB4FF0004242EAC12252EA505232FA4D
:1073B00003FC62FA03F787EA0C0757EAC0270AD0F2
:1073C00052EA505232FA03FC6046DFF894C0BDE83E
:1073D000804000F01DBC604680BD094218D450EAD0
:1073E000410C00D180BD102B07DD4FF00000DFF80D
:1073F00070C0BDE8804000F00BBC03F5787CBCF1A8
:10740000FF3F22D0DFF85CC0BDE8804000F000BC48
:10741000BDE8804001F1804212F5801F09DA50EA90
:1074200041024FF0000018BFDFF834C040F0F08395
:107430007047DFF830C0012841EB010212F5001F50
:1074400088BF4CF4803C00F0E3BBBDE8804070B5E1
:1074500000F00EF9000000BFE800030480B5D1E79A
:10746000E8000240E800020410F0004248BF404239
:10747000B0FA80F310FA03F10AD0C3F11D0303F54B
:10748000806302EB03524FEA415002EBD121704777
:107490004FF000007047B1FA81F201FA02F1C2F137
:1074A0001D0203EB02534FEA415003EBD121704719
:1074B00070B5DFF8B4C11CEA111E1EBF1CEA13151B
:1074C0009EEA0C0F95EA0C0F00F0948081EA030409
:1074D0004EEAD47EAE4421EA4C1123EA4C1341F427
:1074E000801143F48013AEF17F7EA1FB024CA0FB20
:1074F0000365361955EB0C05A1FB034C4CF1000359
:10750000A0FB021C16EB0C06654153F10003094277
:1075100018BF46F0010613F4007F0BD14FEA033188
:107520004FEA053041EA155140EA165034036FF036
:1075300003020AE04FEAC3214FEAC52041EA555150
:1075400040EA5650F4026FF0020202EB2E4201EBC9
:10755000025585EACE71264627D00546F1EE10CABF
:107560001CF4400C14D15FEA440C18BF24F0004412
:1075700050F1000041F1000120EAD47040F2FD7C9E
:10758000624517D2DFF8E4C0BDE8704000F040BBB0
:107590005FEACE7454BF1CF4000F1CF4800F08BFC8
:1075A00010F1010041F10001E8E740F2FE7C624584
:1075B00004D270BD08BF11F4801FE3D0A84214BFED
:1075C0004FF080444FF04044002E08BF0024BEF12D
:1075D000806FD8BF01F1C041A8BFA1F1C04144F004
:1075E000130CA8BF4CF0805CBDE8704040F35282A1
:1075F00000F00EBB0CEA13159EEA0C0F18BF95EABB
:107600000C0F19D091EA030F48BF4EF0010E50EA5B
:10761000410418BF52EA430409D000F0ACF86419E1
:107620004FEA044E86EA46064EEAD67E5BE74FF006
:1076300000004FEACE7170BD00F01AF88900013EDB
:107640001300000400F005B800F007B852EA430C3C
:1076500006D081EA030100F0C6B850EA410CF8D127
:107660005FF824C000F0D4BA0000FF071300004008
:107670000EF1020E2EF0030E5EF8046B012841EBB2
:10768000010414F5001418BFB4F5801F23D336424B
:1076900008D4012A43EB030515F5001518BFB5F50D
:1076A000801F18D301EB010C1CF5801F16D2364247
:1076B00004D403EB030C1CF5801F0FD2002C10D157
:1076C0004FEAD17C0CEB4C0C0CF1020C002D08BFE6
:1076D0004CEBD37C07E04FF0090C04E04FF0080CB2
:1076E00001E04FEAD37C0CEB4C050EF1040E26FAB8
:1076F00005F606F00706B6F1040C06D20EEB860C72
:10770000BDE870404CF0010C6047DFE80CF022242B
:1077100013025EF804CC1B2D08D1002C88BFB4F5F1
:10772000801F34BF4CF4804C4CF4004CBDE87040DA
:1077300000F06EBA002C88BFB4F5001F24BF1946B4
:10774000104670BD4FF00041A1F500214FF0000040
:1077500070BD19461046012851EB010418BFD4F53D
:10776000001484BF5EF804CC2CF0806CBDE870403F
:1077700000F22D82704780B54FF003065C004FEA9F
:107780003606640D4FEA03334FEA133318BF43F450
:1077900080131CD104F1010453EA125E02BF1346A8
:1077A0000022203C1B4202BF130B1205143CB3FA0B
:1077B00083FEAEF10B0E03FA0EF3A4EB0E04CEF132
:1077C000200C22FA0CFC43EA0C0302FA0EF20FB46E
:1077D0000CBC03BC16F0010F18BF2546CED180BDEE
:1077E00080B50126F3E70808A0F500114FEA310142
:1077F0007047000010B5DFF898E211F5801C13F512
:1078000080141EEA4C0F18BF1EEA440F00F0F580EA
:1078100091EA030F48BF83F000433FF580AA841A22
:1078200071EB030C07D28CF0004C121943EB0C03E4
:10783000001B61EB0C014FEA1154A4EB135C21EA2D
:10784000045123EAAE035242C3EBAE0338BF5B1EC2
:10785000DCF1200E48D322FA0CFE10EB0E0043FAA6
:107860000CFE41EB0E01CCF1200E03FA0EFE10EBE4
:107870000E00CCF1200E51F100014CD401EB04516B
:1078800012FA0EF2BDE8104008BF7047F1EE10CAC0
:107890001CF4400F14D192F0000F4FF0120C4CF07A
:1078A000804C40F1B581401C18BFB2F1004F40F050
:1078B000AF8100280CBF491C20F0010000F0A8B9DE
:1078C00011F0004F54BF1CF4000F1CF4800F4FF058
:1078D000120C4CF0804C40F09B81401C40F0988191
:1078E00041F1000100F094B912EB020E43EB0302E8
:1078F00018BF4FF0010E4EEA4202ACF1200CDCF151
:107900001E0E4BD943FA0CFE10EB0E00CCF11E0EEE
:1079100051F1FF31B2D50EF1010E12FA0EFE4041C7
:1079200041EB010101EB445C5FEA5C5C06D901EBD1
:1079300004515FEA0E02BDE81040A5E73DD24FEAD0
:10794000D42C24F4006411F500111AD0B1FA81F29C
:107950000B3AA41AA41ED2F12003914030FA03F38B
:107960001943904001EBCC7101EB0451002CBDE8B0
:107970001040A8BF704701F1C0414FF0120C00F059
:1079800089B8B0FA80F310FA03F101D1BDE81040D4
:107990001BD0E41A173C4805C90AE3E7401E01EB77
:1079A000045161F10001BDE810405FF0FF326BE768
:1079B00001EB0451BDE81040704749104FEA300018
:1079C00001EB0451BDE810400BE04FF00001F1EE77
:1079D00010CA0CF4400CBCF5000F08BF4FF000417A
:1079E00070474FF0120C4A0008BF0042EDD0B2F5CC
:1079F000001F28BF704700F0EAB84EF4001E3EEAB0
:107A0000410418BF3EEA430434D091EA030F48BF53
:107A100083F000433FF553AA841A71EB030C07D29D
:107A20008CF0004C121943EB0C03001B61EB0C01B2
:107A30004FEA1154A4EB135C52EA033E14D05FEA00
:107A4000445E21EA045109D023F00043ACF1010C5B
:107A50005242C3F1000338BF5B1EF9E6801A61EBA6
:107A60000301BDE81040BCE7BDE8104050EA410CFE
:107A7000B7D1AAE7BDE8104070B5FFF7F9FD00BF28
:107A800040DFF63E11000004104683F000417047CD
:107A90000000C0FFF1EE103A13F0807F1EBF01F02E
:107AA00000410020704713F4006F40F0AA800942A3
:107AB00048BF4CF4803C4FF4C0634FEA115203F1CD
:107AC000010321EA025122F400629A1A48BF6FF0C2
:107AD000FE0241F48011352A3CD830D0152A1ED33D
:107AE000203A0CD9C2F12003002821FA02F001FA51
:107AF00003F218BF42F001024FF0000130E0C2F182
:107B0000000302F1200201FA03F120FA02F241EA35
:107B1000020100FA03F208464FF0000120E010B421
:107B2000C2F1200300FA03F401FA03F320FA02F091
:107B300043EA000021FA02F1224610BC10E050EAAC
:107B400001324FF000004FF000014FF0004218BF2B
:107B5000521C05E04FF001024FF000014FF0000011
:107B60001CF4803F2CF4803C18BF41F000411242CD
:107B70001ED0F1EE103A13F4400F20D1520003D37F
:107B80000CD0401C41F10001F1EE103A43F0080323
:107B9000E1EE103A4CF0804C00F03AB85FEAAC727B
:107BA000EFD4F1D1401C41F1000120F00100EBE7DE
:107BB0001CF0804F08BF70472CF0004CE4E70942EE
:107BC00054BF13F4000F13F4800FDDD1D9E7F1EEA9
:107BD000103A13F0807F1EBF01F000410020704773
:107BE00013F4006F08BF70472DE9F050FFF7F8FD60
:107BF00004F5C064A4F10104314301EB0451BDE874
:107C0000F0504CF0005C4CF0800C00F0C6BA000064
:107C10001CF0700F08BF0A460FB4F1EE101A0CF0FA
:107C2000405030EA814318BF4CF0804C4FEA4C037F
:107C30004FEAD36323EA112310EA814F18BF23F0E0
:107C4000100341EA030101F0E0734CEA030CE1EE9A
:107C5000101A0CF00F030A2B1DBF082B0CF0700339
:107C60004CEAC30C4FF4003304BF33EA0C034CF46A
:107C7000400C1CF0005F14D11CF0805F0BD11CF095
:107C8000804F31D11CF0006F12D111F4807F0FBCF6
:107C900062D000F082BA11F4806F0FBC2BD000F0DC
:107CA0007CBA11F4006F0FBC08BF704700F075BAC2
:107CB00011F4007F0FBC40F070821CF0400F1EBF1B
:107CC0004FF0004040F0010070471CF0100F14BF4F
:107CD00081EA030242400CF00F000A2808BF4FF06F
:107CE000FF324FF0000326E011F4805F0FBC08BFA5
:107CF000704700F052BA2CF0805CF1EE103A1CF0A4
:107D0000800F14BF01F0004200F0004212420CBF8D
:107D100012EA336F12EAF35F0DD31CF0100F1DBF90
:107D200030A003C81143314808BF104313F4805FEB
:107D300040F03382704702F000421CF0100F1DBF6C
:107D40000FF2940003C81143254808BF104313F4F1
:107D5000805F40F0228270471CF0400F40F0288086
:107D60001CF4404F1BD01CF4004F1CBF194610469A
:107D70000CF4807218BF8CEA520C1CF0800F0CBF00
:107D800040F4800041F400218CEADC0313F0100F72
:107D90001CBF2CF00F0C4CF0080C00F0A5B91CF027
:107DA000100F1ABF12A393E80300134800F09CB908
:107DB0001CF0800F14BF01F0004200F000421CF0E4
:107DC000100F1BBF0AA393E803000B48114308BF21
:107DD000104300F089B900BF000000000000F07FF0
:107DE0000000807FFFFFFFFFFFFFEF7FFFFF7F7F30
:107DF000000000000000F87F0000C07F43004FEA51
:107E0000D30C4FEA3C0C43401FBF40070CF16051BC
:107E100013F0FE4F70471CF0006F14D133F0004098
:107E200004BF1946704783EA830383EA430303F0E0
:107E3000070343EACC010CF0004303F15A5303F566
:107E40004013FFF728BB0CF0004343EA507040EAB0
:107E5000CC0010B500F00FF8000000BA18000004C4
:107E60004FEA0001FFF7BFBC4FEAE0024FEA407063
:107E700042F0E04170470EF1020E2EF0030E5EF864
:107E8000044B4FEA400212F1807218BFB2F5000FA6
:107E900022D3244207D44FEA410313F1807318BF61
:107EA000B3F5000F18D34FEA400C1CF5000F16D2A3
:107EB000244204D44FEA410C1CF5000F0FD2002AD3
:107EC00010D14FEAD07C0CEB4C0C0CF1020C002BC7
:107ED00008BF4CEBD17C07E04FF0090C04E04FF0F9
:107EE000080C01E04FEAD17C0CEB4C030EF1040EC0
:107EF00024FA03F404F00704B4F1040C06D20EEBE8
:107F0000840CBDE810404CF0010C6047DFE80CF039
:107F10001F2013025EF804CC1B2B08D1002A88BF57
:107F2000B2F5000F34BF4CF4804C4CF4004CBDE86B
:107F30001040FFF76DBE002A88BFB2F1807F28BFD6
:107F4000084610BD4FF00040A0F5800010BD084667
:107F5000420018BFD2F1807284BF5EF8042C22F078
:107F60008062BDE8104000F290807047F1EE100A88
:107F70004FF6FF71C0F2C03120EA0100E1EE100AB5
:107F80007047FF2141EAD050C0057047F1EE101A4A
:107F900011F0807F1CBF00F00040704711F4006FAB
:107FA00040F08E8000F0004343EAD05323F4807306
:107FB000C3F1C10323F00041172941D8C3F12003C5
:107FC00010FA03F1C3F1200320F07F4040F40000D9
:107FD00020FA03F003F0004340EA030019D00B46F7
:107FE000F1EE101A41F00801E1EE101A11F4400F01
:107FF0001CD1590009D318BF401C06D17FEAE27397
:1080000098BF401C38BF20F0010042F0804CFFF7C1
:10801000FFBD12F0804F08BF7047F1EE101A41F01B
:108020000801E1EE101A9446FFF7F2BD10F0004F80
:1080300014BF5FEAF1535FEA316338BF401CE4E7E5
:1080400003EB9123182918BF6FF000410131F1EEC5
:10805000101A41F00801E1EE101A11F4400F18BF98
:1080600003F00040E2D168BF03F0004009D64002AF
:1080700003F0004000F1010004BF12F0004F20F0B7
:1080800001004FF0804CFFF7C3BDF1EE101A11F064
:10809000807F1CBF00F00040704711F4006F08BFE4
:1080A000704700F0004141F0C04120F00040B0FABC
:1080B00080F3A3F1080300FA03F0A1EBC3510844D5
:1080C00042F0005C00F069B8064A21EA020120EAA9
:1080D0000202F1EE100A20EA020282EA0102E1EE57
:1080E000102A704760603FF60CF00F03092B08BFA1
:1080F000082000F064800A2B32D0082B18BF70478C
:1081000008BF1CF0400F31D01CF4803F23D11CF07D
:10811000200F11D11CF0100F0BBF02460A466FF062
:1081200000406FF0004118BF4FF0FF3012F0004FD9
:108130001CBFC043C94370471CF0100F0CBF024660
:108140000A4612F0004F4FF0FF304FF0FF311CBFD6
:10815000C043C94370474FF000004FF00001704723
:108160001CF0400F18BF4FF0004070471CF0100F7C
:1081700008D000F07F4220F0704342EAD3014FEA7A
:108180004370704700F0604021F07F4242EA0002F5
:1081900001F07F4040EA727070472DE900502DE9F0
:1081A0000050E9F749F8BDE80050BDE800500CF078
:1081B0000F0393F0090F18BF7047AFF300801CF452
:1081C000801F24D01CF4E02F09D010F0080F02D13A
:1081D000D0F1020070476FEACC31490070474FF090
:1081E000604111EA407028BF40F04050F1EE103A73
:1081F00023F0704343EA0003E1EE103AEFF300820C
:1082000022F0704242EA000282F3008870471CEAC2
:10821000004018BF0120704700000000920E493C4A
:10822000B10AC93C2BC3163D2EFB483D752B7B3D47
:1082300004A9963D80B6AF3D36BDC83D2FBCE13D9B
:1082400073B2FA3D87CF093E8340163EB5AB223E5E
:10825000A2102F3ECF6E3B3EC2C5473E0115543E95
:10826000135C603E7F9A6C3ECCCF783EC07D823EF0
:10827000938E883E229A8E3E32A0943E86A09A3EED
:10828000E59AA03E128FA63ED47CAC3EEF63B23E90
:108290002A44B83E491DBE3E15EFC33E53B9C93E00
:1082A000CA7BCF3E4136D53E80E8DA3E4F92E03E73
:1082B0007533E63EBBCBEB3EEA5AF13ECBE0F63EF1
:1082C000275DFC3EE4E7003F3D9C033F824B063FB9
:1082D0009BF5083F6B9A0B3FDA390E3FCDD3103F29
:1082E0002A68133FD9F6153FC07F183FC6021B3FCF
:1082F000D17F1D3FCBF61F3F9967223F25D2243FF8
:108300005636273F1594293F4AEB2B3FDE3B2E3F45
:10831000BB85303FC9C8323FF304353F233A373F6E
:108320004268393F3B8F3B3FF9AE3D3F67C73F3F18
:1083300070D8413F01E2433F03E4453F65DE473FDC
:1083400012D1493FF8BB4B3F029F4D3F207A4F3F30
:108350003D4D513F4918533F31DB543FE595563F62
:108360005348583F6AF2593F1A945B3F532D5D3F83
:1083700005BE5E3F2146603F97C5613F5A3C633F63
:1083800059AA643F880F663FD86B673F3CBF683F80
:10839000A7096A3F0C4B6B3F5E836C3F93B26D3F06
:1083A0009ED86E3F73F56F3F0809713F5213723FBD
:1083B0004714733FDD0B743F0BFA743FC6DE753F05
:1083C00007BA763FC58B773FF853783F9812793FCD
:1083D0009DC7793F02737A3FBE147B3FCDAC7B3F94
:1083E000283B7C3FC9BF7C3FAC3A7D3FCCAB7D3F57
:1083F00023137E3FB0707E3F6DC47E3F580E7F3F9B
:108400006D4E7F3FAB847F3F0FB17F3F97D37F3F60
:1084100043EC7F3F11FB7F3F0000803F11FB7F3F1C
:1084200043EC7F3F97D37F3F0FB17F3FAB847F3FCC
:108430006D4E7F3F580E7F3F6DC47E3FB0707E3FD4
:1084400023137E3FCCAB7D3FAC3A7D3FC9BF7C3F21
:10845000283B7C3FCDAC7B3FBE147B3F02737A3F11
:108460009DC7793F9812793FF853783FC58B773F86
:1084700007BA763FC6DE753F0BFA743FDD0B743FDB
:108480004714733F5213723F0809713F73F56F3FF2
:108490009ED86E3F93B26D3F5E836C3F0C4B6B3F3B
:1084A000A7096A3F3CBF683FD86B673F880F663FAC
:1084B00059AA643F5A3C633F97C5613F2146603FDC
:1084C00005BE5E3F532D5D3F1A945B3F6AF2593FF4
:1084D0005348583FE595563F31DB543F4918533FC9
:1084E0003D4D513F207A4F3F029F4D3FF8BB4B3FE0
:1084F00012D1493F65DE473F03E4453F01E2433F78
:1085000070D8413F67C73F3FF9AE3D3F3B8F3B3F90
:108510004268393F233A373FF304353FC9C8323FF9
:10852000BB85303FDE3B2E3F4AEB2B3F1594293F66
:108530005636273F25D2243F9967223FCBF61F3F6F
:10854000D17F1D3FC6021B3FC07F183FD9F6153FA4
:108550002A68133FCDD3103FDA390E3F6B9A0B3F99
:108560009BF5083F824B063F3D9C033FE4E7003FFD
:10857000275DFC3ECBE0F63EEA5AF13EBBCBEB3E3C
:108580007533E63E4F92E03E80E8DA3E4136D53E16
:10859000CA7BCF3E53B9C93E15EFC33E491DBE3E0F
:1085A0002A44B83EEF63B23ED47CAC3E128FA63E66
:1085B000E59AA03E86A09A3E32A0943E229A8E3E34
:1085C000938E883EC07D823ECCCF783E7F9A6C3EB3
:1085D000135C603E0115543EC2C5473ECF6E3B3E24
:1085E000A2102F3EB5AB223E8340163E87CF093EF8
:1085F00073B2FA3D2FBCE13D36BDC83D80B6AF3DFC
:1086000004A9963D752B7B3D2EFB483D2BC3163DA3
:10861000B10AC93C920E493C00000000920E49BCD0
:10862000B10AC9BC2BC316BD2EFB48BD752B7BBD43
:1086300004A996BD80B6AFBD36BDC8BD2FBCE1BD97
:1086400073B2FABD87CF09BE834016BEB5AB22BE5A
:10865000A2102FBECF6E3BBEC2C547BE011554BE91
:10866000135C60BE7F9A6CBECCCF78BEC07D82BEEC
:10867000938E88BE229A8EBE32A094BE86A09ABEE9
:10868000E59AA0BE128FA6BED47CACBEEF63B2BE8C
:108690002A44B8BE491DBEBE15EFC3BE53B9C9BEFC
:1086A000CA7BCFBE4136D5BE80E8DABE4F92E0BE6F
:1086B0007533E6BEBBCBEBBEEA5AF1BECBE0F6BEED
:1086C000275DFCBEE4E700BF3D9C03BF824B06BFB5
:1086D0009BF508BF6B9A0BBFDA390EBFCDD310BF25
:1086E0002A6813BFD9F615BFC07F18BFC6021BBFCB
:1086F000D17F1DBFCBF61FBF996722BF25D224BFF4
:10870000563627BF159429BF4AEB2BBFDE3B2EBF41
:10871000BB8530BFC9C832BFF30435BF233A37BF6A
:10872000426839BF3B8F3BBFF9AE3DBF67C73FBF14
:1087300070D841BF01E243BF03E445BF65DE47BFD8
:1087400012D149BFF8BB4BBF029F4DBF207A4FBF2C
:108750003D4D51BF491853BF31DB54BFE59556BF5E
:10876000534858BF6AF259BF1A945BBF532D5DBF7F
:1087700005BE5EBF214660BF97C561BF5A3C63BF5F
:1087800059AA64BF880F66BFD86B67BF3CBF68BF7C
:10879000A7096ABF0C4B6BBF5E836CBF93B26DBF02
:1087A0009ED86EBF73F56FBF080971BF521372BFB9
:1087B000471473BFDD0B74BF0BFA74BFC6DE75BF01
:1087C00007BA76BFC58B77BFF85378BF981279BFC9
:1087D0009DC779BF02737ABFBE147BBFCDAC7BBF90
:1087E000283B7CBFC9BF7CBFAC3A7DBFCCAB7DBF53
:1087F00023137EBFB0707EBF6DC47EBF580E7FBF97
:108800006D4E7FBFAB847FBF0FB17FBF97D37FBF5C
:1088100043EC7FBF11FB7FBF000080BF11FB7FBF18
:1088200043EC7FBF97D37FBF0FB17FBFAB847FBFC8
:108830006D4E7FBF580E7FBF6DC47EBFB0707EBFD0
:1088400023137EBFCCAB7DBFAC3A7DBFC9BF7CBF1D
:10885000283B7CBFCDAC7BBFBE147BBF02737ABF0D
:108860009DC779BF981279BFF85378BFC58B77BF82
:1088700007BA76BFC6DE75BF0BFA74BFDD0B74BFD7
:10888000471473BF521372BF080971BF73F56FBFEE
:108890009ED86EBF93B26DBF5E836CBF0C4B6BBF37
:1088A000A7096ABF3CBF68BFD86B67BF880F66BFA8
:1088B00059AA64BF5A3C63BF97C561BF214660BFD8
:1088C00005BE5EBF532D5DBF1A945BBF6AF259BFF0
:1088D000534858BFE59556BF31DB54BF491853BFC5
:1088E0003D4D51BF207A4FBF029F4DBFF8BB4BBFDC
:1088F00012D149BF65DE47BF03E445BF01E243BF74
:1089000070D841BF67C73FBFF9AE3DBF3B8F3BBF8C
:10891000426839BF233A37BFF30435BFC9C832BFF5
:10892000BB8530BFDE3B2EBF4AEB2BBF159429BF62
:10893000563627BF25D224BF996722BFCBF61FBF6B
:10894000D17F1DBFC6021BBFC07F18BFD9F615BFA0
:108950002A6813BFCDD310BFDA390EBF6B9A0BBF95
:108960009BF508BF824B06BF3D9C03BFE4E700BFF9
:10897000275DFCBECBE0F6BEEA5AF1BEBBCBEBBE38
:108980007533E6BE4F92E0BE80E8DABE4136D5BE12
:10899000CA7BCFBE53B9C9BE15EFC3BE491DBEBE0B
:1089A0002A44B8BEEF63B2BED47CACBE128FA6BE62
:1089B000E59AA0BE86A09ABE32A094BE229A8EBE30
:1089C000938E88BEC07D82BECCCF78BE7F9A6CBEAF
:1089D000135C60BE011554BEC2C547BECF6E3BBE20
:1089E000A2102FBEB5AB22BE834016BE87CF09BEF4
:1089F00073B2FABD2FBCE1BD36BDC8BD80B6AFBDF8
:108A000004A996BD752B7BBD2EFB48BD2BC316BD9F
:108A1000B10AC9BC920E49BC0000008000000000F1
:108A2000000000000000B33FB2BE7D3A00002E40BF
:108A3000DFCF513800007E40BF51FABA00E0A440B9
:108A400019DAC3BA00E0C840C2ED8AB90040EB4071
:108A5000CD1F2CBA001006412AFFFABA00C01541FA
:108A6000DFCFD13700D024419A97703A005033417C
:108A700089478E3600404141E75B9D3800B04E414A
:108A8000C00A98B900A05B41558F943A0030684104
:108A9000DA92C0BA0040744162B3C63A0000803F27
:108AA00000A0853F00908B3F00C0913F0030983F71
:108AB00000F09E3F00F0A53F0050AD3F0000B53FE5
:108AC0000000BD3F0060C53F0020CE3F0040D73FC3
:108AD00000C0E03F00C0EA3F0020F53F000000007A
:108AE0007D36AC397D3C3839EBDCF438320A7E39DE
:108AF000124C26399B6AED39A4EE83397F661E3904
:108B0000F6398A392B426539A48211395B991F39AC
:108B1000C3EECD39DDE7C637A5A22F390000803F6F
:108B2000C3AA853FC2958B3FD3C3913FF037983F8F
:108B300032F59E3FD7FEA53F3F58AD3FF304B53F0A
:108B4000A408BD3F2A67C53F8C24CE3FFD44D73FD4
:108B5000DFCCE03FC7C0EA3F7D25F53F178E010817
:108B600081D60008010000000000000000010000A4
:108B7000CC120020CC160020078E01080925000821
:108B80000100000000000000000100005C17002050
:108B90005C1B0020F98D01087D2600080300000001
:108BA00000000000000100000000000000000000C4
:108BB000EC8D0108018A000803000000000000009D
:108BC00000010000000000000000000000000000A4
:108BD000000000000102030406070809000000006D
:108BE00001020304005EBCE2613FDD83C29C7E2083
:108BF000A3FD1F419DC3217FFCA2401E5F01E3BD79
:108C00003E6082DC237D9FC1421CFEA0E1BF5D036C
:108C100080DE3C62BEE0025CDF81633D7C22C09E60
:108C20001D43A1FF4618FAA427799BC584DA38664C
:108C3000E5BB5907DB856739BAE406581947A5FB38
:108C40007826C49A653BD987045AB8E6A7F91B452C
:108C5000C6987A24F8A6441A99C7257B3A6486D820
:108C60005B05E7B98CD2306EEDB3510F4E10F2AC0C
:108C70002F7193CD114FADF3702ECC92D38D6F31F8
:108C8000B2EC0E50AFF1134DCE90722C6D33D18FEC
:108C90000C52B0EE326C8ED0530DEFB1F0AE4C12E0
:108CA00091CF2D73CA947628ABF517490856B4EACC
:108CB0006937D58B5709EBB536688AD495CB2977B8
:108CC000F4AA4816E9B7550B88D6346A2B7597C9AC
:108CD0004A14F6A8742AC896154BA9F7B6E80A54A0
:108CE000D7896B35005EBCE2613FDD83C29C7E208C
:108CF000A3FD1F419DC3217FFCA2401E5F01E3BD78
:108D00003E6082DC237D9FC1421CFEA0E1BF5D036B
:108D100080DE3C62BEE0025CDF81633D7C22C09E5F
:108D20001D43A1FF4618FAA427799BC584DA38664B
:108D3000E5BB5907DB856739BAE406581947A5FB37
:108D40007826C49A653BD987045AB8E6A7F91B452B
:108D5000C6987A24F8A6441A99C7257B3A6486D81F
:108D60005B05E7B98CD2306EEDB3510F4E10F2AC0B
:108D70002F7193CD114FADF3702ECC92D38D6F31F7
:108D8000B2EC0E50AFF1134DCE90722C6D33D18FEB
:108D90000C52B0EE326C8ED0530DEFB1F0AE4C12DF
:108DA00091CF2D73CA947628ABF517490856B4EACB
:108DB0006937D58B5709EBB536688AD495CB2977B7
:108DC000F4AA4816E9B7550B88D6346A2B7597C9AB
:108DD0004A14F6A8742AC896154BA9F7B6E80A549F
:108DE000D7896B3500061016000610165374617291
:108DF00074494E535461736B005374617274436FC2
:108E00006D6D5461736B0053746172744368617368
:108E10007369735461730053686F6F745461736B3B
:108E200053746172740049444C45004344432049E3
:108E30006E746572666163650043444320436F6EE0
:108E40006669670053544D6963726F656C6563743E
:108E5000726F6E6963730053544D333220566972DA
:108E60007475616C20436F6D506F72740052464987
:108E700044004155544F5F41494D000000008911A5
:108E800012239B322446AD573665BF74488CC19D72
:108E90005AAFD3BE6CCAE5DB7EE9F7F88110080152
:108EA00093331A22A5562C47B7753E64C99C408D52
:108EB000DBBF52AEEDDA64CBFFF976E802218B30EE
:108EC000100299132667AF763444BD554AADC3BC32
:108ED000588ED19F6EEBE7FA7CC8F5D983310A2012
:108EE00091121803A7772E66B5543C45CBBD42AC12
:108EF000D99E508FEFFB66EAFDD874C904428D53AA
:108F000016619F702004A9153227BB364CCEC5DFF1
:108F10005EEDD7FC6888E1997AABF3BA85520C43D1
:108F200097711E60A1142805B3373A26CDDE44CFD1
:108F3000DFFD56ECE9986089FBBB72AA06638F726D
:108F400014409D512225AB343006B9174EEFC7FEB1
:108F50005CCCD5DD6AA9E3B8788AF19B87730E6291
:108F600095501C41A3352A24B1163807CFFF46EE91
:108F7000DDDC54CDEBB962A8F99A708B0884819539
:108F80001AA793B62CC2A5D33EE1B7F04008C91981
:108F9000522BDB3A644EED5F766DFF7C8994008541
:108FA0009BB712A6ADD224C3BFF136E0C118480961
:108FB000D33B5A2AE55E6C4FF77D7E6C0AA583B4DD
:108FC000188691972EE3A7F23CC0B5D14229CB3841
:108FD000500AD91B666FEF7E744CFD5D8BB502A401
:108FE00099961087AFF326E2BDD034C1C3394A2821
:108FF000D11A580BE77F6E6EF55C7C4D0CC685D799
:109000001EE597F42880A1913AA3B3B2444ACD5B00
:109010005669DF78600CE91D722FFB3E8DD604C7C0
:109020009FF516E4A9902081BBB332A2C55A4C4BE0
:10903000D7795E68E11C680DF33F7A2E0EE787F65C
:109040001CC495D52AA1A3B03882B193466BCF7AC0
:109050005448DD59622DEB3C700EF91F8FF706E680
:109060009DD414C5ABB122A0B9923083C77B4E6AA0
:10907000D5585C49E33D6A2CF11E780F0000891138
:1090800012239B322446AD573665BF74488CC19D70
:109090005AAFD3BE6CCAE5DB7EE9F7F88110080150
:1090A00093331A22A5562C47B7753E64C99C408D50
:1090B000DBBF52AEEDDA64CBFFF976E802218B30EC
:1090C000100299132667AF763444BD554AADC3BC30
:1090D000588ED19F6EEBE7FA7CC8F5D983310A2010
:1090E00091121803A7772E66B5543C45CBBD42AC10
:1090F000D99E508FEFFB66EAFDD874C904428D53A8
:1091000016619F702004A9153227BB364CCEC5DFEF
:109110005EEDD7FC6888E1997AABF3BA85520C43CF
:1091200097711E60A1142805B3373A26CDDE44CFCF
:10913000DFFD56ECE9986089FBBB72AA06638F726B
:1091400014409D512225AB343006B9174EEFC7FEAF
:109150005CCCD5DD6AA9E3B8788AF19B87730E628F
:1091600095501C41A3352A24B1163807CFFF46EE8F
:10917000DDDC54CDEBB962A8F99A708B0884819537
:109180001AA793B62CC2A5D33EE1B7F04008C9197F
:10919000522BDB3A644EED5F766DFF7C899400853F
:1091A0009BB712A6ADD224C3BFF136E0C11848095F
:1091B000D33B5A2AE55E6C4FF77D7E6C0AA583B4DB
:1091C000188691972EE3A7F23CC0B5D14229CB383F
:1091D000500AD91B666FEF7E744CFD5D8BB502A4FF
:1091E00099961087AFF326E2BDD034C1C3394A281F
:1091F000D11A580BE77F6E6EF55C7C4D0CC685D797
:109200001EE597F42880A1913AA3B3B2444ACD5BFE
:109210005669DF78600CE91D722FFB3E8DD604C7BE
:109220009FF516E4A9902081BBB332A2C55A4C4BDE
:10923000D7795E68E11C680DF33F7A2E0EE787F65A
:109240001CC495D52AA1A3B03882B193466BCF7ABE
:109250005448DD59622DEB3C700EF91F8FF706E67E
:109260009DD414C5ABB122A0B9923083C77B4E6A9E
:10927000D5585C49E33D6A2CF11E780FA092010895
:109280000000002038050000EC010008909401085F
:109290003805002048DF00004C02000800000000F4
:1092A000157D04017C200E0240AB034101055308EB
:1092B00006580407100B3333EB3A58A08B3AD033DF
:1092C000021020F2080A21F8241482810143FFFFD2
:1092D000E798419A99993E137A4475204B460103C9
:1092E00023010212646A40300A2D02300A2D033035
:1092F0000A25043069270A2505301319F71B08854C
:10930000041AA1041AC9041B19F80812F61B08351F
:109310000C210316A04023C842E770418FC2F53CE0
:10932000237A4443FA45297F72091CDC0F494823FC
:10933000F0411A2004011E120F160810810911169F
:109340000A15800B16250C18010D080D185AF8F691
:109350003F5D896EBFD5A9183B94200BF041611B7E
:10936000EE3F6B20B438174040CDCCCC3D1B409C29
:109370008C031A803F09711C2C50C3479C091204AE
:1093800009531C110B1AC8421C21DE20423333330F
:10939000B423FA441A7A04091A1C331643D91C134D
:1093A000484324B01A461A8C5841FB2041383324D4
:1093B000F41AC80C9AA01C41298C15FA4405F01423
:1093C0000841ED140859F34208132DEE1408DDEBA3
:1093D0004C08D1EC10811329EF1B08BD1C1A990809
:1093E0001AA5081409024313020125C03209041BFF
:1093F00001020B13052416100105240110090104B4
:109400002402020524061701070582030815100926
:10941000040133020A2E0705010240072A810711C1
:10942000130A0632023340011A12231302021E40AD
:1094300083044057591B02031513E91F1B08E50459
:109440001A89041B1D20A81904072E040309041AF5
:10945000032301FA13289E1B20190413FB9D1B20D4
:109460000A081AEB041A64041A73041AAF041A5592
:109470000413279F1B2045041A54041A63041A3648
:1094800004299C290432101AAA01000000000000DF
:040000050800018965
:00000001FF
