:020000040800F2
:10000000F0D700209D02000815B20008498C0008B6
:10001000CDA60008711B0008951D01080000000016
:1000200000000000000000000000000081CD00087A
:10003000792500080000000071BA000875D2000898
:10004000B7020008B7020008B7020008B7020008AC
:10005000B7020008B7020008B7020008B70200089C
:10006000B7020008B7020008B7020008B70200088C
:10007000C1200008B7020008B7020008B702000854
:10008000B7020008B7020008B7020008B70200086C
:10009000751B0008B7020008B70200081D260008FB
:1000A000B7020008B7020008B7020008B70200084C
:1000B00015D40008B7020008B7020008B70200080C
:1000C000B7020008B7020008B7020008B70200082C
:1000D000B702000869DF0008B702000879DF0008EE
:1000E000B7020008B7020008B7020008B70200080C
:1000F000B7020008B7020008B7020008B7020008FC
:10010000B7020008B702000825D40008B7020008AB
:10011000B7020008B7020008B7020008B7020008DB
:10012000B7020008D1200008E1200008B70200084B
:10013000B7020008B7020008B7020008B7020008BB
:10014000B7020008C11B0008B70200088DB2000802
:10015000B7020008F12000080121000889DF00082B
:10016000B7020008B7020008B7020008B70200088B
:10017000B7020008B7020008B7020008000000003C
:10018000B7020008B702000800F002F800F076F8A5
:1001900014A696E8000CB244B344DA4501D100F04D
:1001A0006DF8BAE80F000FA696E83000A5EB04053D
:1001B00004EB0607AAEB0704A7F101074FEA1515A0
:1001C0004FEA3414A4F10104AC4201D300F056F814
:1001D00013F0010F18BFFB1A43F0010300F001F800
:1001E000DBE71847B84A0100D84A01000A444FF03B
:1001F000000C10F8013B13F0070408BF10F8014B86
:100200001D1108BF10F8015B641E05D010F8016BCA
:10021000641E01F8016BF9D113F0080F1EBF10F82E
:10022000014BAD1C0C1B09D16D1E58BF01F801CB51
:10023000FAD505E014F8016B01F8016B6D1EF9D5D4
:100240009142D6D37047000070470000002300247D
:1002500000250026103A28BF78C1FBD8520728BFD6
:1002600030C148BF0B6070471FB514F0CCFA9DE851
:10027000030000F06BFE1FBD10B510BD00F0F8FECE
:100280001146FFF7F1FF12F0B3FA00F016FF03B4C6
:10029000FFF7F2FF03BC00F047FF0000094880476A
:1002A00009480047FEE7FEE7FEE7FEE7FEE7FEE758
:1002B000FEE7FEE7FEE7FEE704480549054A064B70
:1002C0007047000071D3000889010008F0970020F2
:1002D000F0D70020F0B70020F0B7002070B40588F8
:1002E0000E884468D1F804C05368B54208D14088EC
:1002F0004988884201BF11888D425188884203D0C5
:1003000070BC6FF00200704705FB00F1880827D031
:1003100094ED001ADCED000A94ED010ADCED011AFF
:1003200031EE201AD4ED020A70EE211A9CED020A79
:1003300083ED001AC3ED011A94ED031ADCED031AE4
:1003400030EE800A401E71EE210A83ED020A04F1AC
:100350001004C3ED030A03F110030CF1100CD7D104
:1003600011F0030030D0B0F1004F30D200282BDD67
:10037000211F1B1FACF1040210F0010F0AD091EDF8
:10038000010AD2ED010A091D121D30EE200A83ED8B
:10039000010A1B1D400817D091ED010AD2ED010A98
:1003A000401E30EE200A83ED010A91ED020AD2EDE3
:1003B000020A01F1080102F1080230EE200A83ED81
:1003C000020A03F10803E7D170BC00207047B4ECC7
:1003D000010A401EFCEC010A30EE200AA3EC010ADF
:1003E000F5D1F1E701804280436070472DE9F34F7A
:1003F00084B0049840680090486801900498B0F870
:1004000000E04588DFEDFE0A00200290B0EE600AB1
:10041000AE4506D108884988884204BF71468645A2
:1004200004D06FF0020006B0BDE8F08F01985FEADB
:10043000010C18BFB7EE001A3DD000BFBEEB0C0197
:1004400017D0B1F1004F80F01F82002911DD021F8B
:1004500011F0010F1CBFC2ED010A121D4B1006D096
:10046000C2ED010AC2ED020A08325B1EF8D100EBB0
:100470008100BCF10102A0EC011A19D0B2F1004FC9
:1004800080F00882002A13DD031F12F0010F1CBF49
:10049000C3ED010A1B1D511008D000BFC3ED010AB6
:1004A000C3ED020A491E03F10803F7D100EB8200F5
:1004B000BCF1010CC2D14FF000080395002D14BF10
:1004C000B0EE602A002000F0BF8100BF009908FB59
:1004D00005F001EB800B0199DBED002A01EB8000B8
:1004E0000346F0EE421AC64552D9AEEB0802ABEB1A
:1004F000850112F0010F17D001EB850191ED000A83
:10050000B5EEC00AF1EE10FA07DDB4EEE10AF1EE45
:1005100010FA09DDF0EE401A06E0B1EE400AF4EE02
:10052000C01AF1EE10FAF5D3521031D001EB850C60
:100530009CED000AB5EEC00AF1EE10FA05DDB4EE4E
:10054000E10AF1EE10FA09DD06E0B1EE400AF4EE40
:10055000C01AF1EE10FA01D2F0EE401A01EBC5011B
:1005600091ED000AB5EEC00AF1EE10FA05DDB4EE29
:10057000E10AF1EE10FA09DD06E0B1EE400AF4EE10
:10058000C01AF1EE10FA01D2F0EE401A521ECDD18F
:10059000F5EEC01AF1EE10FA00F07381F5EEC02A04
:1005A0000126F1EE10FA0099D4BFB1EE620AB0EE66
:1005B000620AB4EE610AF1EE10FA1CBFAEEB08025B
:1005C000B2F1010C47D005FB08F201EB820292ED7B
:1005D000001A00BFB0EE410A05FB06F4B5EEC00AF2
:1005E00000EB8404F1EE10FACCBFF0EE400AF1EE1D
:1005F000400AF4EE610AF1EE10FA28D1B5EB080CCE
:1006000011D0BCF1004F7DD2BCF1000F0BDD00BF5B
:1006100092ED000AD1ED000ABCF1010CE2EC010AF6
:10062000A1EC010AF4D129000ED0B1F1004F6AD239
:10063000002909DD94ED000AD0ED000A491EE4EC22
:10064000010AA0EC010AF5D1012002900BE0761C12
:10065000BCF1010CBED10298012804D0F5EEC02AED
:10066000F1EE10FA7ED09BED000AB5EB08009A4639
:100670005946064622D0B0F1004F74D200281DDD45
:10068000091F10F0010F06D0F0EE400A80EEA01A0C
:1006900081ED011A091D401010D000BFD1ED010AF3
:1006A000401E80EE801A81ED011A91ED021AC1EE12
:1006B000000AC1ED020A01F10801EFD1280026D09D
:1006C000B0F1004F7ED2002821DDAAF1040110F024
:1006D000010F06D0D1ED010A80EE801A81ED011ADA
:1006E000091D401013D000BFD1ED010A401E80EE5D
:1006F000801A81ED011AD1ED020A80EE801A81ED97
:10070000021A01E0CBE0D6E001F10801ECD1DDE90D
:1007100000124FF000095FEA0E0773D0C14504BF15
:1007200001EB860102EB850274D091ED000ADC46F4
:100730005046331E35D01C46B6F1004F7ED2002CF9
:100740002FDD0B1FABF1040C16F0010F0FD0F0EEF4
:10075000400ADCED011AB0EE601A00EEE11A83EDFA
:10076000011A01E08DE0B1E01B1D0CF1040C7410C6
:1007700015D000BFD3ED010A9CED011A40EE410AED
:10078000C3ED010AD3ED020A9CED021A0CF1080C2C
:1007900040EE410AC3ED020A0833641EEAD101EBC0
:1007A00086012B0036D0B3F1004F72D2002B31DD21
:1007B000A2F1040CAAF1040013F0010F0CD0DCED3F
:1007C000010A00E08BE090ED011A001D40EE410AA5
:1007D000CCED010A0CF1040C5C1019D0DCED010A1F
:1007E00090ED011A40EE410ACCED010ADCED020A5F
:1007F00090ED021A083040EE410ACCED020A03E007
:10080000000000000DE005E0641E0CF1080CE5D1CD
:1008100002EB830201EB88017F1E09F101097FF4DD
:100820007DAF009808F10108001D00900398401E5C
:1008300003907FF44BAE0299012900E058E004BF19
:1008400006B0BDE8F08F00BFB5EEC00AF1EE10FAB9
:100850007FF4E9AD04990EFB05F3002B4A684FF0D5
:1008600000010BD902EB810C9CED000AB5EEC00A29
:10087000F1EE10FA02D1491C8B42F3D88B427FF47F
:10088000D2AD6FF00400CEE5E0EC010A491EFBD1C9
:10089000EFE538E0E0EC010A521EFBD108E692EDEC
:1008A000000AD1ED000ABCF1010CE2EC010AA1EC56
:1008B000010AF4D1B7E694ED000AD0ED000A491E12
:1008C000E4EC010AA0EC010AF5D1BDE6D1ED000A85
:1008D000401E80EE801AA1EC011AF7D1EEE6D3EDAE
:1008E000000A401E80EE801AA3EC011AF7D10EE731
:1008F000BCEC011AD1ED000A5B1E40EE410AE1ECAE
:10090000010AF5D14DE7B0EC011AD2ED000A5B1EE9
:1009100040EE410AE2EC010AF5D17BE72DE9F04F08
:1009200082B0466853680193058847884B88002049
:1009300000900888874201BFB2F800C06545528820
:1009400093421EBF6FF0020002B0BDE8F08F9FED32
:10095000412A4FEA970EC7F3400B00BFDDE90002C2
:1009600002EB800A4A6898464FF00009B0EE420A4E
:10097000B4465FEA0E0025D092ED001ADCED001AB5
:1009800002EB8302DCED010A01EE810A92ED001A0E
:1009900002EB8302401ED2ED001A02EB830200EE4E
:1009A000810A9CED021ADCED030A00040CF1100C24
:1009B000000C01EE210A92ED001A02EB830200EE18
:1009C000810AD9D117F0030026D0ACF10404A2EBC0
:1009D000830210F0010F08D002EB8302D4ED010A6C
:1009E00092ED001A241D00EE810A5FEA0B0013D07D
:1009F00002EB830CD4ED010A9CED001A02EBC3025A
:100A0000401E00EE810AD4ED020A92ED001A04F1B4
:100A1000080400EE810AEBD109F10100AAEC010AF9
:100A20001FFA80F9486800EB8902A8F101001FFA5B
:100A300080F8B8F1000F99D1009806EB87061844AA
:100A400080B20090681E05042D0C87D102B00020F2
:100A5000BDE8F08F0000000070B405880E8844687F
:100A6000D1F804C05368B54208D14088498888420B
:100A700001BF11888D425188884203D070BC6FF04D
:100A80000200704705FB00F1880827D094ED001A9A
:100A9000DCED000A94ED010ADCED011A31EE601A7A
:100AA000D4ED020A70EE611A9CED020A83ED001A81
:100AB000C3ED011A94ED031ADCED031A30EEC00AFF
:100AC000401E71EE610A83ED020A04F11004C3EDC9
:100AD000030A03F110030CF1100CD7D111F003003D
:100AE00030D0B0F1004F30D200282BDD211F1B1F6A
:100AF000ACF1040210F0010F0AD091ED010AD2ED21
:100B0000010A091D121D30EE600A83ED010A1B1D4A
:100B1000400817D091ED010AD2ED010A401E30EED7
:100B2000600A83ED010A91ED020AD2ED020A01F199
:100B3000080102F1080230EE600A83ED020A03F1B7
:100B40000803E7D170BC00207047B4EC010A401ED6
:100B5000FCEC010A30EE600AA3EC010AF5D1F1E7E2
:100B60002DE9F04F02884768B0F802804888D1F834
:100B7000049082B04FF0000A1646824207BF0988EF
:100B800088456FF0020002B018BFBDE8F08F4FEA51
:100B9000980B02EB42000190C8F34000CDF8000032
:100BA00009EB8A01BBF1000F33D0019801EB820CF5
:100BB00001EB80043B46E64601EBC2054FEA0B0021
:100BC00093ED000A401E81ED000A93ED010A01EB4E
:100BD00002118CED000A93ED020A0CEB021C85ED6C
:100BE000000A93ED030A05EB021584ED000A04EBFD
:100BF000021403F11003E3D10EEB820000EB82003C
:100C000000EB8201ABF10100504307EB0B1701EB46
:100C1000001118F0030C21D03B1FA1EB82011CF046
:100C2000010F06D093ED010A01EB82011B1D81ED3E
:100C3000000A009880B100BF93ED010A01EB820425
:100C400001EBC20184ED000A93ED020A401E81ED22
:100C5000000A03F10803EFD107EB8C070AF101004A
:100C60001FFA80FA701E0604360C99D102B00020DB
:100C7000BDE8F08F70B5064600F04CF9056806F146
:100C80000B0020F00704B4429CBF002070BD2B462F
:100C90006A68BAB11068A04210D304F10801884212
:100CA0003CBF5068586007D3516810194160116803
:100CB000091B016058601460101D70BD1346526816
:100CC000002AE7D12146284600F02CF90028DED181
:100CD00070BD53EA020C00F069802DE9F04B4FF033
:100CE0000006002B1FBFB3FA83F503FA05F424FABC
:100CF00005F65E4012BF1643B2FA82F502FA05F419
:100D0000C5F120051EBF22FA05FC44EA0C0420357B
:100D100056EA044C4FEA144418BF641C4FF0000814
:100D20004FF00009904271EB030C39D3002919BF31
:100D3000B1FA81F701FA07F6B0FA80F700FA07F680
:100D4000C7F120071EBF20FA07FC46EA0C06203731
:100D5000B6FBF4FCA7EB0507103F07F01F0BCBF128
:100D600020062CFA06F60CFA0BFB44BFB34600260D
:100D7000202FA4BF5E464FF0000B5BEA060C08BFB5
:100D80004FF0010B19EB0B0948EB0608ABFB027C9B
:100D900006FB02CC0BFB03CCC01B71EB0C01C1E7C3
:100DA0000B46024641464846BDE8F08B13B5084362
:100DB00018BF4FF0FF300146AFF30080BDE81C4084
:100DC0007047032A40F2308010F0030C00F01580C9
:100DD00011F8013BBCF1020F624498BF11F801CB3E
:100DE00000F8013B38BF11F8013BA2F1040298BFA3
:100DF00000F801CB38BF00F8013B11F0030300F00D
:100E00002580083AC0F0088051F8043B083A51F8B0
:100E100004CBA0E80810F5E7121D5CBF51F8043BB5
:100E200040F8043BAFF30080D20724BF11F8013B28
:100E300011F801CB48BF11F8012B24BF00F8013B8A
:100E400000F801CB48BF00F8012B704710B5203ADD
:100E5000C0F00B80B1E81850A0E81850B1E8185065
:100E6000A0E81850203ABFF4F5AF5FEA027C24BF37
:100E7000B1E81850A0E8185044BF18C918C0BDE820
:100E800010405FEA827C24BF51F8043B40F8043BE9
:100E900008BF7047D20728BF31F8023B48BF11F89E
:100EA000012B28BF20F8023B48BF00F8012B7047F8
:100EB00002F0FF0343EA032242EA024200F002B8D2
:100EC0004FF0000200B5134694469646203922BFE3
:100ED000A0E80C50A0E80C50B1F12001BFF4F7AF2E
:100EE000090728BFA0E80C5048BF0CC05DF804EB10
:100EF000890028BF40F8042B08BF704748BF20F87E
:100F0000022B11F0804F18BF00F8012B704770477B
:100F10007047704700487047780500207047704759
:100F20007047704738B504460A4600206946AFF35B
:100F30000080002808BF38BD02460099204600F016
:100F400075F8012038BD012000F08AB8F8B5AFF37C
:100F50000080054600200C460C2000BF0646A8195C
:100F6000A0420DD9324669460020AFF30080070049
:100F700008BF00F075F80098A04218BF0546C419D4
:100F8000FFF7C8FF05600746F01D20F0070046196F
:100F9000284600F00AF8B44208BFF8BDA21B31464B
:100FA0003868BDE8F84000F041B8002101604160B8
:100FB00070470C20704770B50446051FFFF7AAFF65
:100FC0000068002C14BF446870BD002C18BFAC42F0
:100FD0003CBF20466468F8D301680A18AA4218BFCB
:100FE000456003D12A68054611440160286841190B
:100FF000A1421CBF6C6070BD6168696021680844D3
:10100000286070BD10B500F00DF8006810BD10B577
:10101000044600F007F8046010BD00000048704767
:1010200070050020004870477005002003464068A6
:101030008C46002818BF88423CBF03464068F8D35E
:1010400018681844884207D00CF1030020F007000C
:10105000001D411A521A0146081D0A60FFF7ABBF76
:1010600010B500F039F8BDE8104000F02FB8704717
:101070007546FFF7D3FFAE4605006946534620F09C
:101080000700854618B020B5FFF716F9BDE82040E7
:101090004FF000064FF000074FF000084FF0000B34
:1010A000AC46ACE8C009ACE8C009ACE8C009ACE8A3
:1010B000C00921F007018D46704710B50446AFF313
:1010C00000802046BDE81040FFF7E1B8002801D0BD
:1010D00000F02AB87047000010B5012805D00021A3
:1010E00003A000F027F8012010BD09A1F8E70000D7
:1010F00053494752544D454D3A204F7574206F6601
:101100002068656170206D656D6F72790000000068
:101110003A2048656170206D656D6F727920636F4C
:10112000727275707465640001491820ABBEFEE7E9
:101130002600020070B505460C460A2000E06D1C32
:1011400000F011F835B128780028F8D102E0641CCD
:1011500000F009F814B120780028F8D1BDE87040FB
:101160000A20AFF3008008B569468DF8000003201F
:10117000ABBE08BD82B0019042F20030C4F2010063
:1011800000900099486820F4403048600198426817
:10119000009948681043486001980168486820F445
:1011A00080704860019801680269486840EA02203E
:1011B000486001980168486820F0407048600198D4
:1011C000016882684868104348600198016888682F
:1011D00020F40060886001980168C2688868104344
:1011E00088600198806A0121C0F60071884219D098
:1011F000FFE701980168886820F0706088600198B6
:101200000168826A8868104388600198016888686C
:1012100020F04050886001980168C26A88681043D5
:1012200088600CE001980168886820F07060886030
:1012300001980168886820F040508860FFE70198B5
:101240000168886820F0020088600198027E0168C9
:10125000886840EA42008860019890F82000C8B190
:10126000FFE701980168486840F400604860019811
:101270000168486820F46040486001980168426A4B
:101280004EF20000CFF6FF7000EB42324868104388
:10129000486006E001980168486820F400604860F2
:1012A000FFE701980168C86A20F47000C8620198DD
:1012B0000168C2690020CFF6F07000EB0252C86AE4
:1012C0001043C86201980168886820F40070886043
:1012D000019890F830200168886840EA42208860D0
:1012E00001980168886820F480608860019801682E
:1012F0004269886840EA8220886002B07047000036
:1013000080B50020C4F202001021012203F0C0FDCC
:1013100080BD000080B50020C4F202001021002230
:1013200003F0B6FD80BD000080B588B000208DF8C8
:101330001E00FFF7EFFF8020049000F0D1FA552047
:10134000059000F0CDFA059800F0CAFA8DF81E005D
:10135000FFF7D6FF9620069001F022F9FFF7DAFF9B
:10136000049800F0BDFA059800F0BAFA059800F06C
:10137000B7FA8DF81E00FFF7C3FF069801F010F9C9
:10138000FFF7C8FF7E20B62100F012FBFFF7B8FF81
:10139000502001F0F3F8FFF7BDFF049800F0A0FA29
:1013A000059800F09DFA059800F09AFA8DF81E0055
:1013B000FFF7A6FF069801F0F3F8FFF7ABFF0498DC
:1013C00000F08EFA059800F08BFA059800F088FA84
:1013D0008DF81E00FFF794FF069801F0E1F89DF8E4
:1013E0001E001E2804D0FFE7FF208DF81F005CE0E0
:1013F00000208DF81D00FFE79DF81D00052850DC3A
:10140000FFE7FFF787FF9DF81D0000EB400240F269
:101410000000C2F2000003908118805C497800F05F
:10142000C7FAFFF76DFF9620029001F0B9F8FFF7B9
:1014300071FF03989DF81D1001EB4101405C40F0E5
:10144000800000F04DFA5520019000F049FA019813
:1014500000F046FA8DF81E00FFF752FF029801F0E7
:101460009FF803999DF81E009DF81D2002EB420293
:101470001144497888420DD0FFE79DF81D0000EB2C
:10148000400140F20000C2F20000084480788DF86C
:101490001F000AE0FFE79DF81D0001308DF81D00D8
:1014A000AAE700208DF81F00FFE79DF81F0008B095
:1014B00080BD000080B540F20040C4F2020001226D
:1014C000114603F0E5FC80BD80B540F20040C4F257
:1014D00002000121002203F0DBFC80BD80B586B054
:1014E000002002908DF81600FFF7EEFF02980DF134
:1014F0001601039100F0E2F9FFF7DCFF962004905B
:1015000001F04EF8FFF7E0FF0298039900F0D6F9DA
:10151000FFF7D0FF049801F043F8FFF7D5FF142040
:10152000B62100F045FAFFF7C5FF502001F026F87C
:10153000FFF7CAFF0298039900F0C0F9FFF7BAFF5E
:10154000049801F02DF8FFF7BFFF0298039900F00F
:10155000B5F9FFF7AFFF049801F022F89DF81600E7
:101560000F2804D0FFE7FF208DF8170053E000207C
:101570008DF81500FFE79DF81500052847DCFFE70B
:10158000FFF7A2FF9DF8150000EB400240F2182083
:10159000C2F2000001908118805C497800F008FADE
:1015A000FFF788FF9620009000F0FAFFFFF78CFF0E
:1015B00001989DF8151001EB4101405C0DF11601F9
:1015C00000F07CF9FFF776FF009800F0E9FF019941
:1015D0009DF816009DF8152002EB4202114449784F
:1015E00088420DD0FFE79DF8150000EB400140F266
:1015F0001820C2F20000084480788DF817000AE035
:10160000FFE79DF8150001308DF81500B3E70020C5
:101610008DF81700FFE79DF8170006B080BD0000A9
:1016200080B584B00390002002900190FFF772FE15
:10163000922000F055F9122001A90091062200F035
:101640001BF9FFF75DFE9DF804009DF8051040EAC8
:101650000120039908849DF806009DF8071040EAD0
:101660000120039948849DF808009DF8091040EA7C
:1016700001200399888440F21400C2F2000090ED2A
:10168000000A0399B1F9202001EE102AB8EEC11A20
:1016900020EE010A81ED010A90ED000A0399B1F9EB
:1016A000222001EE102AB8EEC11A20EE010A81EDC7
:1016B000020A90ED000A0398B0F9241001EE101A06
:1016C000B8EEC11A20EE010A80ED030AFFF722FEF0
:1016D000A22000F005F900992220022200F0CCF8A7
:1016E000FFF70EFE9DF804009DF80510C00040EACB
:1016F0005110039988850398B0F92C00B0F5806FDC
:1017000006DBFFE70399888DA0F500608885FFE779
:101710000398B0F92C1000EE101AB8EEC00AB4EE1F
:10172000001A20EE010AB3EE071A30EE010A80ED2E
:10173000070AFFF7C9FE002001A9082200F09CF863
:10174000FFF7B8FE9DF804000F2819D1FFE79DF8B8
:1017500006009DF8071040EA01200399C8849DF80F
:1017600008009DF8091040EA0120039908859DF8BA
:101770000A009DF80B1040EA012003994885FFE715
:1017800040F21800C2F2000090ED000A0399B1F98E
:10179000262001EE102AB8EEC12A91ED0C1A20EE97
:1017A000020A30EE410A81ED040A90ED000A039925
:1017B000B1F9282001EE102AB8EEC12A91ED0D1AD8
:1017C00020EE020A30EE410A81ED050A90ED000A92
:1017D0000398B0F92A1001EE101AB8EEC12A90ED64
:1017E0000E1A20EE020A30EE410A80ED060A04B01D
:1017F00080BD000080B582B000208DF80700FFE7B3
:10180000FFF792FD01469DF8070008438DF8070099
:10181000FFF764FE01469DF8070008438DF80700B6
:10182000022000F0ABFEFFE79DF807000028E7D19B
:10183000FFE740F2D050C2F2000000F003F802B01F
:1018400080BD000081B00090009943F29850C3F62B
:1018500050300863009948F67520CBF65F30486336
:10186000009941F66F30C3F69D20886300990120EE
:10187000087001B07047000080B584B08DF80F008B
:1018800002918DF807209DF80F0040F0800000F0D5
:1018900027F8FFE79DF8070070B1FFE7552000F03B
:1018A0001FF8029908700298013002909DF8070015
:1018B00001388DF80700EDE704B080BD80B582B037
:1018C0008DF8070000919DF8070040F0800000F0BF
:1018D00007F8552000F004F80099087002B080BDA8
:1018E00080B582B08DF8070000208DF806006946AB
:1018F0004FF47A70086042F6F070C2F200000DF109
:1019000007010DF10602012305F00CFC9DF806000D
:1019100002B080BD80B582B08DED010ADDED010A17
:1019200041F21000C2F200009FED1F0A09F08EFE86
:10193000FFE741F21000C2F2000090ED0D0A9FEDAA
:101940001B1AB4EE410AF1EE10FA09DDFFE741F28D
:101950001001C2F200010020C4F2FA40486313E013
:1019600041F21000C2F2000090ED0D0AB5EE400AFF
:10197000F1EE10FA07DAFFE741F21001C2F20001BE
:1019800000204863FFE7FFE7FFE741F21000C2F2E3
:10199000000090ED0D0ABDEEC00A10EE100A07F02F
:1019A00055F902B080BD00BF000020420000FA449B
:1019B00080B582B08DF807008DF806109DF80700FD
:1019C000FFF78EFF9DF80600FFF78AFF02B080BD8B
:1019D00080B59AB010A804902821FFF771FA0499F5
:1019E00001221892002005901690179210901190E5
:1019F0001290139015901490199042F6B400C2F210
:101A0000000001F031FF18B1FFE700F00DFEFFE725
:101A100042F6B400C2F20000029002F0D7FC029835
:101A2000022101F03FFE06A803902821FFF748FAA3
:101A3000039901220E9200200C900D9206900790BF
:101A4000089009900E200B900A920F9042F6DC004D
:101A5000C2F2000001F008FF18B1FFE700F0E4FD5A
:101A6000FFE742F6DC00C2F20000019002F0AEFC9B
:101A70000198102101F016FE1AB080BD81B00090CF
:101A80004EF6FC51CEF20001086840F0807008600C
:101A900041F20401CEF200010020086041F2000290
:101AA000CEF20002116841F001011160009944F288
:101AB0004022C0F20F024A4340F25C61C2F20001D0
:101AC0000A600A6844F6D353C1F26203A2FB0332F0
:101AD000920940F26063C2F200031A6009684DF691
:101AE0008362C4F21B32A1FB0221890C40F26462C2
:101AF000C2F20002116040F26861C2F200010860A7
:101B000001B0704780B582B043F2F010C2F200001D
:101B1000016804316B4627221A6040F60002C2F2C7
:101B2000000202F127030CF037FA43F2AC10C2F2C4
:101B30000000016804316B4612221A6040F6987268
:101B4000C2F2000202F112030CF026FA02B080BDCC
:101B500080B582B043F24800C2F20000019005F067
:101B6000DFFD0198002106F031FA02B080BD0000CF
:101B7000FFE7FEE780B542F6B400C2F2000002F0D3
:101B800041F880BD80B584B003900291039802991A
:101B900040F28802C2F200023C3200F07DFC039861
:101BA000029940F25832C2F200020192303200F043
:101BB000DFF9019A0398029900F0DAF904B080BDC8
:101BC00080B542F6DC00C2F2000002F01BF880BDD6
:101BD00080B582B0019000910198009940F288028E
:101BE000C2F2000200F058FC01980068B0F5047FD2
:101BF0001BD1FFE700984079C0F3400140F26C60D0
:101C0000C2F2000081700099497901F00101017070
:101C10000099897900EE101AB8EEC00AB2EE041AE3
:101C200080EE010A80ED0E0AFFE702B080BD0000E1
:101C300080B543F23420C2F2000044F6DC11C0F655
:101C40000101012211F0DCFB80BD000084B08DF8A1
:101C50000F000291ADF806209DF80F00014600919B
:101C600023281DD80099DFE801F012131415161B64
:101C70001B1B1B1B1B1B1B1B1B1B1B1B1B1B1B1BB4
:101C80001B1B1B1B1B1B1B1B1B1B1718191A08E0FC
:101C900007E006E005E004E003E002E001E000E028
:101CA000FFE7002004B070470020704780B582B085
:101CB00042F24850C2F20000009041F6A841C2F240
:101CC0000001002201920CF051FD009841F2A84160
:101CD000C2F200010CF02CFD019802B080BD0000A2
:101CE00080B584B003900291039890F8220042F2EC
:101CF0003C51C2F200010870039890F8230048702C
:101D0000039890F824008870039890F82500C87014
:101D1000039942F24850C2F2000001900CF008FD15
:101D200001980CF0ABFC0399029A42F2C840C2F24F
:101D3000000010F031F9002004B080BD83B00290A3
:101D400001918DF8032000208DF802009DF902001A
:101D500003B0704780B586B00490ADF80E10002037
:101D60008DF80D0042F24850C2F20000D0F8BC02DB
:101D700002900298D0F8140220B1FFE701208DF8FC
:101D8000170013E00499BDF80E2042F24850C2F249
:101D9000000001900CF0EAFC01980CF0F1FD8DF8C8
:101DA0000D009DF80D008DF81700FFE79DF8170056
:101DB00006B080BD10B582B040F69E01C2F20001AF
:101DC000087A00F001024FF425735A43C0F3400033
:101DD00000FB132042F2A84EC2F2000EBEF804200F
:101DE000024440F24C50C2F20000B0F806C002EBD0
:101DF0000C04027D02F0010C1CFB034CC2F34002F8
:101E000002FB13CC40F26C62C2F20002A2F824C0C2
:101E100091F808C0CCF3C0045C43CCF3800C0CFBFD
:101E2000134CBEF806E0F444B0F804E0E644007D4C
:101E3000C0F3C00C1CFB03ECC0F3800000FB13C01C
:101E4000D08440F24000C2F200004FF4447343607B
:101E500092F82530037792F82430437792F82730B0
:101E6000837792F82630C37792F81DC0D37F9B0109
:101E700043EA0C1340F6D07CC2F2000CCDF804C04B
:101E80009CF80FC00CF0010C43EACC0342F2C84CA2
:101E9000C2F2000C9CF83BC00CF0010C43EA8C032E
:101EA00080F82030127F80F821204A7A80F82220A2
:101EB000097A80F823100FF02DFE019940F21C00E2
:101EC000C2F200004FF400724260CA7A02778A7A46
:101ED00042774A7A8277097AC1770FF01BFE02B007
:101EE00010BD000080B582B0019040F26C61C2F27A
:101EF0000001002081F82000C877487781F8210090
:101F0000FFE710F0E5FC40F2B461C2F200010860A6
:101F1000FFF750FF08F0DCFB012010F0A7FCF0E712
:101F200081B00090009890F82000322807DCFFE78D
:101F3000009890F82000B0F1FF3F13DCFFE7009914
:101F4000888C013088840098808CB0F5FA7F08DD99
:101F5000FFE70099022081F828000099002088847A
:101F6000FFE703E0009900208884FFE701B0704795
:101F700080B584B0039002910192039800680199A2
:101F80008968884201D0FFE793E00298807901993F
:101F900081F8200002980178407840EA01200199F8
:101FA000088302988178C07840EA01200199C882AC
:101FB00002980179407940EA01200199488201980C
:101FC000FFF7AEFF0198007C00F0010001283DD032
:101FD000FFE701988068B0F5017F21D9FFE70198FC
:101FE000007870B9FFE701994FF4FF7048600199DC
:101FF0008A684FF6F630CFF6FF7000EB42000873A8
:102000000DE0019940F2FF10486001998A684FF68F
:10201000F630CFF6FF7000EB42000873FFE714E0E4
:1020200001988068B0F5007F0ED9FFE701994FF461
:102030000070486001998A684FF6FE30CFF6FF7055
:1020400000EB42000873FFE7FFE7FFE70198007825
:102050000146009140B1FFE70098012810D0FFE74A
:102060000098022818D023E001981030B7EE000A3B
:102070004FF4005110F056F9019880ED070A18E06E
:10208000019810309FED0D0A4FF4005110F016FA30
:10209000019880ED070A0CE0019810309FED060AC8
:1020A0004FF4005110F00AFA019880ED070A00E0A1
:1020B000FFE704B080BD00BF0000B4422CA09941EE
:1020C00080B542F6C410C2F2000002F079FA80BD79
:1020D00080B542F62420C2F2000002F071FA80BD01
:1020E00080B542F60410C2F2000002F069FA80BD29
:1020F00080B542F68420C2F2000002F061FA80BD91
:1021000080B542F66410C2F2000002F059FA80BDB8
:1021100082B001900198007810384AF6AB21CAF6D7
:10212000AA21A0FB011000090090009944F6E010DC
:10213000C0F60100405C0199C8650098042807D3E7
:10214000FFE701990868042262F30900886506E048
:102150000199086840F2FF3290438865FFE70198D3
:10216000806D02B07047000086B0059000208DF8A9
:1021700013000598806A03900598806910BBFFE7FB
:102180000398029003281BD80299DFE801F0020DA2
:102190000218059890F82F00C00720B1FFE7012032
:1021A0008DF81300FFE70CE00598C06AB0F1C07F1E
:1021B00004D1FFE701208DF81300FFE701E000E004
:1021C000FFE745E005988069B0F5005F25D1FFE79E
:1021D0000398019003281ED80199DFE801F0020658
:1021E000021101208DF8130016E0059890F82F00D9
:1021F000C00720B1FFE701208DF81300FFE70BE0D7
:102200000598C06AB0F1C07F04D1FFE701208DF8C6
:102210001300FFE700E0FFE719E0039800900328B0
:1022200004D3FFE70098032804D00EE001208DF8C6
:1022300013000BE0059890F82F00C00720B1FFE7CE
:1022400001208DF81300FFE700E0FFE7FFE7FFE75D
:102250009DF8130006B0704780B590B00F900E91B6
:102260008DED0D0ACDED0C0A8DED0B1ACDED0A1A90
:102270008DED092A0E980078002873D1FFE79DEDB7
:102280000D0A0E9890ED041AF1EE410A102010F09C
:1022900023FAADF822009DED0C0A0E9890ED051A78
:1022A000F1EE410A0C20029010F016FA0146029855
:1022B000ADF820109DED090A0E9991ED061AF1EE88
:1022C000410A10F009FA01460298ADF81E109DED82
:1022D0000B0ADFED4F0ACDED010A9FED4E1A10F00B
:1022E000FBF9DDED010A01460298ADF81C109DEDE9
:1022F0000A0AB1EE041A10F0EFF9ADF81A000E98C0
:1023000040680F9948609DF823000F9908779DF861
:1023100022000F994877BDF8200000090F998877AF
:10232000BDF820109DF81D0040EA01100F99C877F4
:102330009DF81C000F9981F82000BDF81A000009D3
:102340000F9981F82100BDF81A109DF81F0040EA8E
:1023500001100F9981F822009DF81E000F9981F855
:1023600023004FE00E98007801282DD1FFE70DA83B
:1023700005900CA804900E9840680F994860059845
:1023800000780F990877059840780F994877059855
:1023900080780F9988770598C0780F99C877049846
:1023A00000780F9981F82000049840780F9981F8FF
:1023B0002100049880780F9981F822000498C07851
:1023C0000F9981F823001CE00E980078022817D19D
:1023D000FFE70CA803900E9840680F994860039897
:1023E00000780F990877039840780F9948770398F9
:1023F00080780F9988770398C0780F99C877FFE79E
:10240000FFE7FFE70F980FF085FB10B080BD00BF1E
:10241000000000000000FA4380B584B003900291F0
:102420008DF8072002984068039948600399FF20BF
:10243000087703994877039988770399C8770399B0
:1024400081F82000039981F82100039981F8220086
:102450009DF807000146009140B1FFE70098012870
:1024600009D0FFE7009802280AD00EE00399FC206B
:1024700081F823000AE00399FD2081F8230005E09C
:102480000399FE2081F8230000E0FFE703980FF096
:1024900041FB04B080BD000080B584B00390029180
:1024A00001920398006801998968884201D0FFE78A
:1024B0005DE0029800780009019948770298417818
:1024C000807840EA01200199C8830299C878097987
:1024D000000140EA111001990884029801794079BD
:1024E00001F00F0140EA0120019948840199488CCC
:1024F000D1ED060AB1EE600A0C21009110F0B2FF96
:10250000019880ED0B0A0199C88BD1ED040AB1EE58
:10251000600A102110F0A6FF0099019880ED090AC9
:10252000019A108CD2ED050AB1EE600A10F09AFF04
:10253000019880ED0A0A019890ED090A9FED0D1AA5
:1025400020EE010A80ED0E0A0298807900EE100A52
:10255000B8EE400A019880ED0C0A0298C07900EEAE
:10256000100AB8EE400A019880ED0D0AFFE704B0AA
:1025700080BD00BFE12E65427047000080B582B08B
:10258000019002F09DFC0090FFE702F099FC009999
:10259000401A0199884201D2FFE7F6E702B080BDF8
:1025A00080B582B0019006F037FB0090FFE706F09F
:1025B00033FB0099401A0199884201D2FFE7F6E700
:1025C00002B080BD80B582B001900020009042F240
:1025D0002450C2F20000B3EE040AF3EE0A0A06F039
:1025E0005DFDFFE710F074F9009043F23420C2F271
:1025F00000000FF047FB42F22450C2F200000FF03F
:1026000085FB40F69E00C2F2000007F0B3FA0AF024
:10261000B9FE052010F02AF9E4E7000080B520207B
:1026200002F03EFA80BD000081B0EFF3108072B678
:102630000090FFE7FEE7000084B08DED030A9DEDFA
:10264000030AB6EE001A20EE010A8DED020A039885
:10265000019001980090009945F68620C5F63770E4
:10266000A0EB61000090009801909DED010A9DEDA6
:10267000021A21EE001A21EE002AB7EE081A31EEF6
:10268000421A20EE010A8DED010A9DED010A04B007
:102690007047000080B582B001900091009840F230
:1026A000B861C2F200010860012048600020886023
:1026B000019800F0ADFC18B1FFE7FFF7B5FFFFE7A9
:1026C000019800F005FF01980A2100F06BFE0198C7
:1026D00000F0AAFD80B202B080BD000080B584B0D9
:1026E00003A801900020ADF80A0042F66C00C2F287
:1026F00000000821FFF7CEFF01460198ADF80A104F
:10270000BDF80A1000EE101AB8EE400A40F2485127
:10271000C2F2000191ED001A20EE010A9FED041AA9
:1027200020EE010A80ED000A90ED000A04B080BDA1
:102730005D74214182B000900099B1F91200B1F9A5
:102740001410884213D1FFE70099C88C0130C88467
:102750000098C08CB0F5FA7F08DDFFE700990120F2
:1027600081F8280000990020C884FFE703E0009961
:102770000020C884FFE70099488A8882009890F872
:10278000281090F8290088420BD0FFE7009991F8B3
:10279000280081F82900009890F828008DF807009B
:1027A00006E00099002081F828008DF80700FFE777
:1027B0009DF8070002B0704780B582B00020ADF8E8
:1027C000060042F62400C2F200001021FFF762FF6B
:1027D000ADF80600BDF8060000EE100AB8EE400A9B
:1027E00040F24850C2F2000090ED001A20EE010ABB
:1027F0008DED000A9DED000A9FED081A30EE010AEA
:102800009FED071A20EE010AB3EE091A30EE010A15
:102810008DED000A9DED000A02B080BD5C8F42BFC5
:102820000000C84382B000900098017D407D88423E
:1028300008D0FFE70099087D48750098007D8DF865
:10284000070007E00099002008750098007D8DF8CA
:102850000700FFE79DF8070002B0704780B584B01D
:1028600047F61020C1F6FF700068039047F6142069
:10287000C1F6FF700068029047F61820C1F6FF709D
:10288000006801900199039808440390039888B167
:10289000FFE7039840F22C51C2F20001009102318F
:1028A000082206F043FC009902981231042206F037
:1028B0003DFCFFE704B080BD80B582B040F6145007
:1028C000C2F2000040F20012C2F2000200920121A6
:1028D000019109F059F80098019900F11C0240F6A5
:1028E0008450C2F2000009F04FF80098019900F1FD
:1028F000380240F67420C2F2000009F045F8009852
:10290000019900F1540240F6E420C2F2000009F0FF
:102910003BF80098019900F1700240F69410C2F261
:10292000000009F031F80098019900F18C0240F69E
:102930000420C2F2000009F027F80098019900F184
:10294000A80240F6B400C2F2000009F01DF8009899
:10295000019900F1C40240F62410C2F2000009F00F
:1029600013F840F2B870C2F20000426840F2C86149
:10297000C2F200010A60006848604FF07E50C1F862
:1029800084004DF20A70C3F62340C1F88000002095
:10299000C4F2C810C8610020CCF2F010086202B086
:1029A00080BD000040F2C861C2F200010020086151
:1029B0004861704740F26C60C2F20000407F00281E
:1029C0006CD1FFE740F26C60C2F2000090F820008A
:1029D000D0BBFFE742F2A842C2F20002B2F9000007
:1029E00040F24C51C2F20001B1F90030184400EE3F
:1029F000100AB8EEC01A40F2C860C2F2000090EDB2
:102A0000000A9FEDCF2A21EE021A30EE010A80ED76
:102A1000000AB2F9022000EE102AB8EEC00AB1F99D
:102A2000021001EE101AB8EEC11A9FEDC62A21EE6F
:102A3000021A20EE020A30EE011A90ED010A30EE81
:102A4000410A80ED010A28E040F69E01C2F2000131
:102A5000B1F9000000EE100AB8EEC01A40F2C860EA
:102A6000C2F2000090ED000A9FEDB42A21EE021A96
:102A700030EE010A80ED000AB1F9021000EE101AE2
:102A8000B8EEC01A90ED010A9FEDAF2A21EE021AAE
:102A900030EE010A80ED010AFFE784E040F26C604D
:102AA000C2F20000407F01287CD1FFE742F2C8401B
:102AB000C2F2000090ED0D0AB5EE400AF1EE10FAF8
:102AC00011DDFFE742F2C841C2F20001CA6B40F2D9
:102AD000C860C2F20000026091ED120AB1EE400A35
:102AE00080ED010A5DE040F2B871C2F200014A686F
:102AF00040F2C860C2F2000002600968416042F220
:102B0000A843C2F20003B3F9001040F24C52C2F2E3
:102B10000002B2F900C0614400EE101AB8EEC00A1B
:102B200040F69E01C2F20001B1F900C001EE10CAE8
:102B3000B8EEC11A9FED812A21EE021A9FED802A7C
:102B400020EE020A30EE011A90ED000A30EE010A82
:102B500080ED000AB3F9023000EE103AB8EEC00A78
:102B6000B2F9022001EE102AB8EEC11A9FED752AC3
:102B700021EE021A20EE020A30EE011AB1F902101B
:102B800000EE101AB8EEC00A9FED6F2A20EE020A7E
:102B900030EE411A90ED010A30EE010A80ED010A93
:102BA000FFE7FFE7FFE740F2C860C2F2000090EDE8
:102BB000000A9FED661AB4EE410AF1EE10FA0DDD3F
:102BC000FFE740F2C860C2F2000090ED000A9FEDFE
:102BD000621A30EE010A80ED000A1BE040F2C86084
:102BE000C2F2000090ED000A9FED591AB4EE410ABE
:102BF000F1EE10FA0DDAFFE740F2C860C2F2000011
:102C000090ED000A9FED531A30EE010A80ED000AA4
:102C1000FFE7FFE7FFE740F2C860C2F2000090ED77
:102C2000010A90ED071AB4EE410AF1EE10FA07DD41
:102C3000FFE740F2C861C2F20001C869486015E0D0
:102C400040F2C860C2F2000090ED010A90ED081A4F
:102C5000B4EE410AF1EE10FA07DAFFE740F2C8617C
:102C6000C2F20001086A4860FFE7FFE7FFE740F2B1
:102C70006C60C2F20000007800F00100012809D069
:102C8000FFE740F26C60C2F20000417F807F884223
:102C90000FD0FFE740F2B870C2F20000426840F285
:102CA000C861C2F200010A600068486000208861C3
:102CB00043E040F2C860C2F2000090ED000A40F22A
:102CC000B871C2F2000191ED011A30EE410A80EDB7
:102CD000060A90ED060A9FED1D1AB4EE410AF1EEC8
:102CE00010FA0DDDFFE740F2C860C2F2000090ED7F
:102CF000060A9FED191A30EE010A80ED060A1BE064
:102D000040F2C860C2F2000090ED060A9FED101A72
:102D1000B4EE410AF1EE10FA0DDAFFE740F2C860B6
:102D2000C2F2000090ED060A9FED0A1A30EE010A89
:102D300080ED060AFFE7FFE7FFE770476F1203BB6E
:102D4000348037BA6F12833917B751BB0000344350
:102D5000000034C30000B4430000B4C380B590B099
:102D600040F26C60C2F20000407F002872D1FFE7A1
:102D700040F2C860C2F200000F9090ED060A40F6E3
:102D80001450C2F200000B90DFED8A0A08F05EFCDE
:102D90000B990F9891ED0D0A90ED1E2A90ED201AD7
:102DA00030EE420A20EE010A80ED1D0A91ED0D0A77
:102DB00090ED1D1A30EE010A40F2B870C2F2000028
:102DC0000C9090ED051A9FED7C2AC1EE020A40F6A8
:102DD0008450C2F200000A9008F038FC0A9B0B9A5B
:102DE0000C980F995B6B0B61526B8A6791ED010A2E
:102DF000D0ED000A40F67420C2F200000E9008F0F8
:102E000025FC0E990F9891ED0D0A90ED1F2A90ED7B
:102E1000211A30EE420A20EE010A80ED1C0A91EDE3
:102E20000D0A90ED1C1A30EE010A40F28800C2F241
:102E30000000D0ED190A40F6E420C2F200000D9027
:102E400008F004FC0D9A0E980F99526B4A61406B82
:102E5000C8677AE040F26C60C2F20000407F01284F
:102E600072D1FFE740F2C860C2F20000099090ED15
:102E7000060A40F69410C2F200000590DFED4D0AFC
:102E800008F0E4FB0599099891ED0D0A90ED1E2AD2
:102E900090ED201A30EE420A20EE010A80ED1D0A64
:102EA00091ED0D0A90ED1D1A30EE010A40F2B87056
:102EB000C2F20000069090ED051A9FED3F2AC1EE88
:102EC000020A40F60420C2F20000049008F0BEFBA3
:102ED000049B059A069809995B6B0B61526B8A6794
:102EE00091ED010AD0ED000A40F6B400C2F20000F4
:102EF000089008F0ABFB0899099891ED0D0A90ED48
:102F00001F2A90ED211A30EE420A20EE010A80EDD0
:102F10001C0A91ED0D0A90ED1C1A30EE010A40F2E8
:102F20008800C2F20000D0ED190A40F62410C2F267
:102F30000000079008F08AFB079A08980999526BDD
:102F40004A61406BC867FFE7FFE740F2C860C2F222
:102F50000000039090ED052A40F28800C2F20000C4
:102F6000019000F13C0140F21C00C2F20000DFEDD4
:102F7000111ACDED021AB0EE610AF0EE610AB0EE60
:102F8000611AFFF769F901200FF070FC0199DDED7E
:102F9000021A039890ED042A40F24000C2F20000A9
:102FA000B0EE610AF0EE610AB0EE611AFFF754F973
:102FB00010B080BD00000000E12E654280B582B0F7
:102FC0000190FFF779FCFFE70FF082FC40F25071AF
:102FD000C2F20001086040F26C60C2F20000407F63
:102FE000022805D0FFE7FFF7E5FCFFF7B7FE0BE08F
:102FF00040F26C60C2F20000407F022803D1FFE77C
:10300000FFF7D0FCFFE7FFE701200FF02FFCDBE725
:1030100085B00390029100200190FFE7039890F89B
:103020003C00012804D1FFE702208DF81300F7E0EF
:103030000399012081F83C00FFE7FFE70298006850
:103040000A281CD3FFE70298008800EB4000A0F19B
:103050001E01072000FA01F203980168C868904336
:10306000C86002998868098801EB41011E3900FA9D
:1030700001F203980168C8681043C86018E002981C
:10308000008800EB4001072000FA01F20398016874
:1030900008699043086102998868098801EB410139
:1030A00000FA01F203980168086910430861FFE71C
:1030B0000298406806281BD8FFE70298406800EB9A
:1030C0008000411F1F2000FA01F203980168486B3D
:1030D0009043486302990888496801EB81010539EA
:1030E00000FA01F203980168486B104348633DE021
:1030F000029840680C281CD8FFE70298406800EB53
:103100008000A0F123011F2000FA01F2039801685A
:10311000086B9043086302990888496801EB8101B4
:10312000233900FA01F203980168086B1043086321
:103130001BE00298406800EB8000A0F141011F20D5
:1031400000FA01F203980168C86A9043C8620299C4
:103150000888496801EB8101413900FA01F20398BE
:103160000168C86A1043C862FFE7FFE742F2003017
:10317000C4F2010000900398006842F20001C4F21A
:10318000010188420BD1FFE702980068122806D19E
:10319000FFE70099486840F480004860FFE7039823
:1031A000006842F20001C4F2010188422ED1FFE71B
:1031B00002980068102805D0FFE7029800681128DF
:1031C00024D1FFE70099486840F400004860029865
:1031D0000068102819D1FFE740F25840C2F2000001
:1031E00000684DF68361C4F21B31A0FB0110800C16
:1031F00000EB800040000190FFE7019820B1FFE75D
:10320000019801380190F8E7FFE7FFE7FFE703992E
:10321000002081F83C00FFE700208DF81300FFE755
:103220009DF8130005B0704781B0009000980068C9
:10323000C06C01B07047000080B584B002900020DF
:103240008DF80700029820B9FFE701208DF80F00E4
:1032500042E00298806A0121C0F60071884201D0E4
:10326000FFE7FFE70298006C50B9FFE7029800F013
:1032700037F8029900204864029981F83C00FFE782
:103280000298006CC006002817D4FFE70298006C73
:1032900040F0020020F48850029908640298FDF77B
:1032A00069FF0299002048640298006C40F0010018
:1032B00020F002000299086403E001208DF8070065
:1032C000FFE7FFE70299002081F83C00FFE79DF847
:1032D00007008DF80F00FFE79DF80F0004B080BDD8
:1032E00080B58AB00990002008900790069005905C
:1032F00004900998006842F20001C4F2010188427A
:1033000012D1FFE7FFE70020039043F64400C4F228
:103310000200016841F480710160006800F480706F
:1033200003900398FFE73AE00998006842F2002111
:10333000C4F20101884231D1FFE7FFE7002002908B
:1033400043F64400C4F20200016841F48061016068
:10335000006800F4806002900298FFE7FFE7002019
:10336000019043F63000C4F20200016841F02001F0
:103370000160006800F0200001900198FFE74FF421
:1033800080600490032005900020069041F20040E8
:10339000C4F2020004A901F09FFBFFE7FFE70AB0B7
:1033A00080BD000080B584B00290019100200090A3
:1033B0000298006880684005002816D5FFE702984B
:1033C00000688068C00500280FD5FFE70299086CE7
:1033D00040F020000864FFE70299002081F83C00DB
:1033E000FFE701208DF80F006DE001F069FD00900E
:1033F000FFE702980068006800F00200022829D068
:10340000FFE70198013020B3FFE7019840B1FFE7E3
:1034100001F056FD0099401A0199884218D9FFE73A
:1034200002980068006800F0020002280FD0FFE751
:103430000299086C40F004000864FFE7029900203C
:1034400081F83C00FFE703208DF80F003BE0FFE729
:10345000FFE7CEE7029801686FF01200086002995A
:10346000086C40F40070086402980068806810F0EE
:10347000405F24D1FFE70298007E00BBFFE702987F
:103480000068C06A10F4700F07D0FFE70298006868
:1034900080684005002812D4FFE70299086C20F4E8
:1034A000807008640298006CC004002806D4FFE70E
:1034B0000299086C40F001000864FFE7FFE7002074
:1034C0008DF80F00FFE79DF80F0004B080BD0000ED
:1034D00084B0029000200190FFE7029890F83C0031
:1034E000012804D1FFE702208DF80F00D6E00299F1
:1034F000012081F83C00FFE7FFE702980068806840
:1035000000F0010001281ED0FFE7029801688868DA
:1035100040F00100886040F25840C2F200000068AC
:103520004DF68361C4F21B31A0FB0110800C00EB4F
:1035300040000190FFE7019820B1FFE701980138B2
:103540000190F8E7FFE7029800688068C00700284C
:1035500000F09580FFE70298006C40F4807040F224
:103560000161884302990864029800684068400538
:10357000002809D5FFE70298006C40F4805020F441
:10358000005002990864FFE70298006CC00400280C
:1035900006D5FFE70299486C20F00600486403E076
:1035A000029900204864FFE7FFE70299002081F8B4
:1035B0003C00FFE742F20030C4F2010000900298A4
:1035C00001686FF02200086000984068C006E8BB00
:1035D000FFE70298006842F20001C4F2010188424C
:1035E00024D0FFE70298006842F20011C4F2010102
:1035F000884208D1FFE742F20430C4F201000068BB
:10360000C00698B1FFE70298006842F20021C4F2B8
:103610000101884219D1FFE742F20430C4F20100EF
:10362000006800F01F000F280FD8FFE7029800681D
:10363000806810F0405F07D1FFE702980168886852
:1036400040F080408860FFE7FFE717E002980068DD
:1036500042F20001C4F2010188420ED1FFE7029854
:103660000068806810F0405F07D1FFE702980168AA
:10367000886840F080408860FFE7FFE70AE0029931
:10368000086C40F0100008640299486C40F001009A
:103690004864FFE700208DF80F00FFE79DF80F005A
:1036A00004B0704784B002900191029890F8200015
:1036B0008DF803009DF80300012805D0FFE79DF871
:1036C000030002280AD1FFE7019A029801684869BD
:1036D0001043486100208DF80F0008E00299486A05
:1036E00040F48020486201208DF80F00FFE79DF82C
:1036F0000F0004B07047000088B006900591049256
:103700000393069890F820008DF80700069800684B
:10371000806800900598806808B9FFE700E0FFE73F
:103720009DF80700012806D0FFE79DF80700022852
:1037300040F08D80FFE79DF80300400700280CD47F
:10374000FFE79DF803000007002806D4FFE79DF877
:103750000300C006002871D5FFE70098C0F30160A0
:1037600002900298032809D3FFE70699486A40F4BB
:103770000000486201208DF81F0071E002990120CD
:103780008840039908600598806868B9FFE7059844
:103790000168C06840EA415006990968029A01EB45
:1037A0000211C1F880010EE005994A688868C9686D
:1037B00040EAC200084306990968029A01EB021127
:1037C000C1F88001FFE70598006906990968029A27
:1037D00001EB0211C1F884010598007D01280CD18C
:1037E000FFE706980068029900EB0111D1F8840107
:1037F00040F48070C1F88401FFE70498406806999E
:103800000968029A01EB0211C1F88C010498006862
:1038100006990968029A01EB0211C1F8880106981D
:103820000068029900EB0111D1F8800140F001001D
:10383000C1F8800100208DF81F0011E00699486A48
:1038400040F40010486201208DF81F0008E006993E
:10385000486A40F48020486201208DF81F00FFE78D
:103860009DF81F0008B0704786B00490039104983B
:1038700000680190049890F820008DF803009DF8EE
:103880000300012806D0FFE79DF80300022840F05E
:10389000B080FFE746F20040C4F2000001900199B9
:1038A000D1F8000240F00100C1F800020199D1F8FE
:1038B000000220F47C50C1F800020398426A01998A
:1038C000D1F8000240EA0220C1F8000203984069E2
:1038D00000F01F01012088400290029A0199D1F85E
:1038E0001C029043C1F81C020398C069F0B9FFE7BD
:1038F000029A0199D1F80C029043C1F80C02039A84
:103900009088D168526940EA0140019901EBC201F7
:10391000C1F84002039A10889168526940EA014058
:10392000019901EBC201C1F84402FFE70398C069A5
:1039300001281ED1FFE7029A0199D1F80C02104329
:10394000C1F80C02039A90881168526940EA01405C
:10395000019901EBC201C1F84002039A9089916874
:10396000526940EA0140019901EBC201C1F84402E9
:10397000FFE70398806940B9FFE7029A0199D1F8FF
:1039800004029043C1F8040207E0029A0199D1F8B9
:1039900004021043C1F80402FFE70398006940B92C
:1039A000FFE7029A0199D1F814029043C1F814027A
:1039B00007E0029A0199D1F814021043C1F81402E9
:1039C000FFE70398006A012808D1FFE7029A0199EE
:1039D000D1F81C021043C1F81C02FFE70199D1F88D
:1039E000000220F00100C1F8000200208DF817004D
:1039F00008E00499486A40F48020486201208DF86C
:103A00001700FFE79DF8170006B0704781B00090DF
:103A100001B0704786B0049003910292019304981C
:103A200090F820008DF803009DF80300012806D0CF
:103A3000FFE79DF80300022840F0D780FFE70398D6
:103A400080B9FFE704980068C068800748B9FFE7BD
:103A50000499486A40F40010486201208DF817006C
:103A6000CCE00FE0049800680069800748B9FFE7E0
:103A70000499486A40F40010486201208DF817004C
:103A8000BCE0FFE704980068039900EB0110D0F850
:103A9000B00100F00400029988600298806858B96B
:103AA000FFE704980068039900EB0110D0F8B0011B
:103AB000400D029908600AE004980068039900EB41
:103AC0000110D0F8B001C00802994860FFE70498DF
:103AD0000068039900EB0110D0F8B00100F002007B
:103AE0000299C86004980068039900EB0110D0F8AF
:103AF000B40100F00F00029908610498006803996E
:103B000000EB0110D0F8B40180B2000A029988617C
:103B100004980068039900EB0110D0F8B401000C80
:103B20000299486104980068039900EB0110D0F8ED
:103B3000B8010199087004980068039900EB01101E
:103B4000D0F8B801000A01994870049800680399F8
:103B500000EB0110D0F8B801000C019988700498AE
:103B60000068039900EB0110D0F8B801000E01992C
:103B7000C87004980068039900EB0110D0F8BC01EC
:103B80000199087104980068039900EB0110D0F8BE
:103B9000BC01000A0199487104980068039900EB80
:103BA0000110D0F8BC01000C0199887104980068DC
:103BB000039900EB0110D0F8BC01000E0199C87107
:103BC000039838B9FFE704980168C86840F02000FE
:103BD000C86006E004980168086940F020000861A8
:103BE000FFE700208DF8170008E00499486A40F4C8
:103BF0008020486201208DF81700FFE79DF817002C
:103C000006B0704780B58AB00990002008900998E6
:103C10000068406907900998006840680690099814
:103C200000688068059009980068C0680490099849
:103C300000680069039009980068806902909DF807
:103C40001C00C007002800F09480FFE79DF81400D6
:103C5000C00758B3FFE709980168012088609DF804
:103C600014008007002804D5FFE7099800F0F8FB4E
:103C70001BE09DF814004007002805D5FFE70898D1
:103C800040F4006008900FE09DF814000007002841
:103C900005D5FFE7089840F48050089003E00998A4
:103CA00000F0DAFBFFE7FFE7FFE7FFE79DF815000D
:103CB000C00760B3FFE7099801684FF4807088601F
:103CC0009DF815008007002804D5FFE7099800F04B
:103CD000CFFB1BE09DF815004007002805D5FFE746
:103CE000089840F4005008900FE09DF81500000778
:103CF000002805D5FFE7089840F48040089003E0CD
:103D0000099800F0B1FBFFE7FFE7FFE7FFE79DF849
:103D10001600C00760B3FFE7099801684FF48030D0
:103D200088609DF816008007002804D5FFE70998F1
:103D300000F0A6FB1BE09DF816004007002805D503
:103D4000FFE7089840F4004008900FE09DF8160047
:103D50000007002805D5FFE7089840F48030089058
:103D600003E0099800F088FBFFE7FFE7FFE7FFE7C4
:103D7000FFE79DF81C000007002810D5FFE79DF81D
:103D80001000C006002809D5FFE7089840F400702D
:103D90000890099801681020C860FFE7FFE79DF8C8
:103DA0001C00400700280FD5FFE79DF81000000712
:103DB000002808D5FFE7099801680820C86009981D
:103DC00000F0CCFAFFE7FFE79DF81C008007002811
:103DD0000BD5FFE709980068C068800720B1FFE7AE
:103DE000099800F0BFFAFFE7FFE79DF81C004006C6
:103DF000002810D5FFE79DF80C00C006002809D563
:103E0000FFE7089840F48060089009980168102046
:103E10000861FFE7FFE79DF81C00800600280FD52A
:103E2000FFE79DF80C000007002808D5FFE7099878
:103E3000016808200861099800F0AAFAFFE7FFE787
:103E40009DF81C00C00600280BD5FFE70998006804
:103E50000069800720B1FFE7099800F09DFAFFE7AD
:103E6000FFE79DF81E00800700280FD5FFE79DF8AB
:103E70001800C006002808D5FFE70998016810203F
:103E80004860099800F09EFAFFE7FFE79DF81E00E2
:103E9000C00778B1FFE79DF818000007002808D593
:103EA000FFE70998016808204860099800F0ECFADB
:103EB000FFE7FFE79DF81D000006002840F18D8018
:103EC000FFE79DF818004007002840F18180FFE7D8
:103ED0009DF81D00C00750B1FFE79DF80800C0071E
:103EE00028B1FFE7089840F001000890FFE79DF82F
:103EF0001D00800700280BD5FFE79DF8080080070C
:103F0000002805D5FFE7089840F002000890FFE779
:103F10009DF81D00400700280BD5FFE79DF808001D
:103F20004007002805D5FFE7089840F004000890F6
:103F3000FFE79DF81D000007002848D5FFE79DF822
:103F4000080010F0700F42D0FFE7029800F07000F8
:103F500001460191102814D0FFE70198202815D0C0
:103F6000FFE70198302816D0FFE70198402817D0C6
:103F7000FFE70198502818D0FFE70198602819D072
:103F80001DE0089840F00800089019E0089840F0FB
:103F90001000089014E0089840F0200008900FE00E
:103FA000089840F0400008900AE0089840F080002F
:103FB000089005E0089840F48070089000E0FFE762
:103FC00009980168886920F070008861FFE7FFE7C1
:103FD0000998016804204860FFE7089848B1FFE7A6
:103FE000089A0999486A104348620998FFF70EFD3C
:103FF000FFE70AB080BD000080B584B0029002984F
:1040000020B9FFE701208DF80F00E0E0029890F85A
:10401000200020B9FFE7029800F0DEF8FFE70298E1
:104020000168086840F00100086000F049FF019055
:10403000FFE7029800684068C007A8B9FFE700F0F2
:104040003FFF0199401A0B280DD3FFE70299486AF8
:1040500040F4003048620299052081F820000120D8
:104060008DF80F00B3E0E4E702980168086820F0DB
:104070000200086000F024FF0190FFE7029800684A
:1040800040688007002815D5FFE700F019FF019967
:10409000401A0B280DD3FFE70299486A40F400301C
:1040A00048620299052081F8200001208DF80F0058
:1040B0008DE0E3E70298007E012807D1FFE7029830
:1040C0000168086840F08000086006E00298016816
:1040D000086820F080000860FFE70298407E012811
:1040E00007D1FFE702980168086840F040000860C7
:1040F00006E002980168086820F040000860FFE7C9
:104100000298807E012807D1FFE7029801680868BD
:1041100040F02000086006E002980168086820F07E
:1041200020000860FFE70298C07E012807D1FFE762
:1041300002980168086820F01000086006E0029804
:104140000168086840F010000860FFE70298007FEF
:10415000012807D1FFE702980168086840F00800CD
:10416000086006E002980168086820F0080008600E
:10417000FFE70298407F012807D1FFE70298016816
:10418000086840F00400086006E0029801680868CA
:1041900020F004000860FFE7029B19685A689868DD
:1041A000D3F80CC040EA0C00D3F810C040EA0C0071
:1041B0005B691843013A1043C861029900204862C4
:1041C000029A012182F820108DF80F00FFE79DF878
:1041D0000F0004B080BD000080B590B00F900020AB
:1041E0000E900D900C900B900A900F98006846F27C
:1041F0000041C4F20001884249D1FFE740F2547007
:10420000C2F200000168013101600068012812D18A
:10421000FFE7FFE70020099043F64000C4F20200E8
:10422000016841F000710160006800F000700990C1
:104230000998FFE7FFE7FFE70020089043F630000A
:10424000C4F20200016841F008010160006800F05A
:10425000080008900898FFE703200A9002210B91BC
:10426000002103910C910D9009200E9040F6004022
:10427000C4F202000AA900F02FFC039A1420049053
:10428000052100F0F9FE049800F0ECFE64E00F98C0
:10429000006846F60001C4F2000188425BD1FFE7E6
:1042A000FFE70020079043F64000C4F202000168D7
:1042B00041F080610160006800F08060079007981D
:1042C000FFE740F25470C2F2000001680131016062
:1042D0000068012812D1FFE7FFE70020069043F6AF
:1042E0004000C4F20200016841F000710160006802
:1042F00000F0007006900698FFE7FFE7FFE7002058
:10430000059043F63000C4F20200016841F002015A
:104310000160006800F0020005900598FFE760204A
:104320000A9002200B90002001900C9003200D9029
:1043300009200E9040F20040C4F202000AA900F0E9
:10434000CBFB019A41200290052100F095FE0298D6
:1043500000F088FEFFE7FFE710B080BD81B000905D
:1043600001B0704780B584B00390039840F20C61AF
:10437000C2F200010A1D029201F120030193002103
:10438000FFF748FB01990298FDF7FCFB04B080BDE4
:1043900081B0009001B0704780B584B0039003985D
:1043A00040F23461C2F200010A1D029201F12003C1
:1043B00001930121FFF72EFB01990298FDF708FCFC
:1043C00004B080BD81B0009001B0704780B584B06A
:1043D0000290029890F8200001282FD1FFE702995F
:1043E000022081F8200002980168086820F001008E
:1043F000086000F065FD0190FFE7029800684068E2
:10440000C007A8B1FFE700F05BFD0199401A0B2837
:104410000DD3FFE70299486A40F4003048620299E0
:10442000052081F8200001208DF80F000FE0E4E75F
:104430000299002048628DF80F0008E00299486A4E
:1044400040F40020486201208DF80F00FFE79DF83E
:104450000F0004B080BD000081B0009001B0704733
:1044600081B0009001B0704781B0009001B07047FA
:1044700081B0009001B0704781B0009001B07047EA
:1044800081B0009001B0704781B0009001B07047DA
:1044900080B584B002900298806D019000F010FD0C
:1044A0000090029890F8350002280DD0FFE702999D
:1044B00080204865FFE70299002081F83400FFE77B
:1044C00001208DF80F0055E002980168086820F07F
:1044D0001600086002980168486920F08000486171
:1044E0000298006C20B9FFE70298806C38B1FFE7B2
:1044F00002980168086820F008000860FFE7029849
:104500000168086820F001000860FFE70298006871
:104510000068C007C8B1FFE700F0D2FC0099401A5C
:10452000062811D3FFE7029920204865029903204D
:1045300081F83500FFE70299002081F83400FFE799
:1045400003208DF80F0015E0E0E70298C16D3F20D1
:104550008840019988600299012081F83500FFE7C1
:104560000299002081F83400FFE7FFE700208DF872
:104570000F00FFE79DF80F0004B080BD82B00090EF
:10458000009890F83500022807D0FFE700998020B6
:10459000486501208DF807000EE00099052081F89C
:1045A000350000980168086820F001000860FFE706
:1045B00000208DF80700FFE79DF8070002B0704764
:1045C00080B586B005900020039040F25840C2F2BA
:1045D0000000006848F2B511C1F64E31A0FB011091
:1045E000800A02900598806D0190019800680490FF
:1045F00004980599C96DC840000700281AD5FFE73F
:104600000598006800684007002812D5FFE7059864
:104610000168086820F0040008600598C16D082052
:104620008840019988600599486D40F0010048650F
:10463000FFE7FFE704980599C96DC840C007A0B11E
:10464000FFE7059800684069000600280CD5FFE7E1
:104650000598C16D01208840019988600599486DD1
:1046600040F002004865FFE7FFE704980599C96D2F
:10467000C8404007002814D5FFE705980068006887
:10468000800700280CD5FFE70598C16D04208840FD
:10469000019988600599486D40F004004865FFE77E
:1046A000FFE704980599C96DC840C006002847D5A2
:1046B000FFE7059800680068000700283FD5FFE77E
:1046C0000598C16D102088400199886005980068A0
:1046D0000068400300281AD5FFE7059800680068C5
:1046E0000003002809D4FFE70598006C20B1FFE71C
:1046F0000598016C8847FFE708E00598806C20B1B9
:10470000FFE70598816C8847FFE7FFE716E005980B
:1047100000680068C005002807D4FFE70598016815
:10472000086820F008000860FFE70598006C20B1D9
:10473000FFE70598016C8847FFE7FFE7FFE7FFE722
:1047400004980599C96DC8408006002840F18D8005
:10475000FFE7059800680068C006002840F18480E3
:10476000FFE70598C16D2020884001998860059871
:1047700090F83500052834D1FFE7059801680868EE
:1047800020F01600086005980168486920F0800054
:1047900048610598006C20B9FFE70598806C38B136
:1047A000FFE705980168086820F008000860FFE747
:1047B0000598C16D3F2088400199886005990120C6
:1047C00081F83500FFE70599002081F83400FFE704
:1047D0000598006D20B1FFE70598016D8847FFE758
:1047E0007BE0059800680068400300281AD5FFE7C1
:1047F0000598006800680003002809D4FFE70598C1
:10480000406C20B1FFE70598416C8847FFE708E05E
:104810000598C06B20B1FFE70598C16B8847FFE79B
:10482000FFE720E0059800680068C005002811D463
:10483000FFE705980168086820F0100008600599F6
:10484000012081F83500FFE70599002081F8340048
:10485000FFE7FFE70598C06B20B1FFE70598C16B44
:104860008847FFE7FFE7FFE7FFE70598406DA0B344
:10487000FFE70598406DC00730B3FFE705990520B5
:1048800081F8350005980168086820F0010008608B
:10489000FFE70398013003900299884201D9FFE7AE
:1048A00007E0FFE7059800680068C0070028F0D11E
:1048B000FFE70599012081F83500FFE70599002001
:1048C00081F83400FFE7FFE70598C06C20B1FFE7EF
:1048D0000598C16C8847FFE7FFE706B080BD000080
:1048E00080B586B004900020039000F0E9FA0290B1
:1048F000049820B9FFE701208DF81700A3E0049881
:10490000406A08B1FFE7FFE70499022081F835000B
:10491000FFE70499002081F83400FFE7049801685C
:10492000086820F001000860FFE70498006800684C
:10493000C00790B1FFE700F0C3FA0299401A0628B9
:104940000AD3FFE70499202048650499032081F8E1
:1049500035008DF8170076E0E7E7049800680068F6
:104960000390039848F23F01CFF2100108400390F2
:10497000049900914868D1F808C0CB680A6940EAF8
:104980000C00184310434A6910438A691043CA69EE
:104990001043096A01430398084303900498406A4E
:1049A000042808D1FFE70499C86A096B01430398FA
:1049B00008430390FFE70398049909680860049886
:1049C000006840690390039820F007000390049862
:1049D000416A0398084303900498406A04281AD156
:1049E000FFE70498816A0398084303900498C06A1B
:1049F00080B1FFE70498FDF7B7FB50B1FFE70499DA
:104A0000402048650499012081F835008DF8170091
:104A100019E0FFE7FFE703980499096848610498E3
:104A2000FDF776FB01900498C16D3F208840019905
:104A30008860049900204865049A012182F83510A5
:104A40008DF81700FFE79DF8170006B080BD000045
:104A500080B584B0039000F033FA0290039801907F
:104A60000198013048B1FFE740F26450C2F2000003
:104A70000178019808440190FFE7FFE700F020FA71
:104A80000299401A0199884201D2FFE7F6E704B083
:104A900080BD000081B0ADF8020001B07047000099
:104AA00080B582B0ADF8060043F61440C4F20100B0
:104AB0000068BDF8061008420CD0FFE7BDF80600FC
:104AC00043F61441C4F201010860BDF80600FFF787
:104AD000E1FFFFE702B080BD8EB00D900C91002089
:104AE0000A90099008900B90FFE70B980F2800F2AE
:104AF000CC81FFE70B99012088400A900C98006850
:104B00000A990840099009980A99884240F0B881AA
:104B1000FFE70C98406800F00300012807D0FFE78A
:104B20000C98406800F0030002282FD1FFE70D9891
:104B3000806808900B984100032000FA01F1089862
:104B4000884308900C98C0680B99490000FA01F15D
:104B500008980843089008980D9988600D98406857
:104B600008900B99012000FA01F1089888430890F9
:104B70000C984068C0F300100B9900FA01F10898F6
:104B80000843089008980D994860FFE70C98406822
:104B900000F00300032818D0FFE70D98C0680890C4
:104BA0000B984100032000FA01F10898884308900F
:104BB0000C9880680B99490000FA01F108980843A5
:104BC000089008980D99C860FFE70C98406800F0BD
:104BD0000300022826D1FFE70D980B996FF003021E
:104BE00002EA51010844006A08900B9800F007009F
:104BF00081000F2000FA01F10898884308900C9872
:104C000000690B9901F00701890000FA01F1089889
:104C10000843089008980D990B9B02EA530211442F
:104C20000862FFE70D98006808900B984100032088
:104C300000FA01F10898884308900C98406800F049
:104C400003000B99490000FA01F108980843089005
:104C500008980D9908600C9880798007002800F06A
:104C60000E81FFE7FFE70020079043F64400C4F2FF
:104C70000200016841F480410160006800F4804056
:104C800007900798FFE70B9820F0030043F6080110
:104C9000C4F20101405808900B9800F00300810015
:104CA0000F2000FA01F10898884308900D98002120
:104CB000C4F20201884203D1FFE7002006905EE0C3
:104CC0000D9840F20041C4F20201884203D1FFE78F
:104CD0000120059050E00D9840F60001C4F2020159
:104CE000884203D1FFE70220049042E00D9840F68D
:104CF0000041C4F20201884203D1FFE70320039080
:104D000034E00D9841F20001C4F20201884203D15F
:104D1000FFE70420029026E00D9841F20041C4F222
:104D20000201884203D1FFE70520019018E00D98A9
:104D300041F60001C4F20201884203D1FFE70620D8
:104D400000900AE00D9941F60042C4F202020820E8
:104D5000914208BF07200090FFE700980190FFE70D
:104D600001980290FFE702980390FFE703980490F0
:104D7000FFE704980590FFE705980690FFE706987F
:104D8000C0B20B9901F00301890000FA01F1089803
:104D90000843089008980B9921F0030143F6080294
:104DA000C4F20102885043F60840C4F201000068D2
:104DB000089009990898884308900C988079C00653
:104DC000002805D5FFE70999089808430890FFE7F0
:104DD000089843F60841C4F20101086043F60C400C
:104DE000C4F2010000680890099908988843089067
:104DF0000C9880798006002805D5FFE70999089866
:104E000008430890FFE7089843F60C41C4F20101FB
:104E1000086043F60440C4F2010000680890099954
:104E20000898884308900C9880798007002805D559
:104E3000FFE70999089808430890FFE7089843F6A8
:104E40000441C4F20101086043F60040C4F20100CD
:104E50000068089009990898884308900C98807910
:104E6000C00728B1FFE70999089808430890FFE7B1
:104E7000089843F60041C4F201010860FFE7FFE72C
:104E8000FFE70B9801300B902FE60EB07047000043
:104E900082B00190ADF802108DF801209DF801005C
:104EA00028B1FFE7BDF802000199886105E0BDF86F
:104EB0000200000401998861FFE702B0704700001A
:104EC00049F2E820C2F200000068704740F26450E6
:104ED000C2F20000027849F2E821C2F2000108683B
:104EE000104408607047000080B543F60041C4F2EA
:104EF0000201086840F400700860086840F48060AF
:104F00000860086840F480700860032000F0CEF864
:104F10000F2000F005F800F079F8002080BD0000B7
:104F200080B58CB00B90002004900390FFE7002028
:104F3000009043F64000C4F20200016841F0010114
:104F40000160006800F0010000900098FFE706A8EB
:104F500002A901F0B7FB09980490049820B9FFE773
:104F600001F0E0FB059004E001F0DCFB400005905F
:104F7000FFE705984DF68361C4F21B31A0FB0101E8
:104F80004FF0FF3000EB9140039043F29000C2F2EB
:104F900000004FF08041016040F2E731C1600399A9
:104FA0004160002101618160816102F009FB8DF89F
:104FB00007009DF8070028BBFFE743F29000C2F20C
:104FC000000002F023FC8DF807009DF80700C0B92F
:104FD000FFE71C2000F046F80B980F280CD8FFE7DD
:104FE0000B991C20002200F047F80B9840F2685102
:104FF000C2F20001086003E001208DF80700FFE71E
:10500000FFE7FFE79DF807000CB080BD80B582B0D8
:10501000FFE70020019043F64400C4F2020001685B
:1050200041F480410160006800F4804001900198E3
:10503000FFE7FFE70020009043F64000C4F20200C3
:10504000016841F080510160006800F080500090DC
:105050000098FFE76FF001000F21002200F00CF82C
:1050600002B080BD80B582B08DF807009DF90700C1
:105070000DF0C0F802B080BD80B586B08DF8170085
:1050800004910392002002900DF0CCF802909DF95B
:105090001700019002980499039A06F0C1F801469E
:1050A00001980DF0C7F806B080BD000080B582B051
:1050B000019001980DF0E0F802B080BD0DF0FAF813
:1050C00082B001908DF8031002B0704782B0019059
:1050D000ADF80210BDF8020001990968486200208D
:1050E00002B0704784B003908DF80B10ADF8082023
:1050F00003980068406A00909DF80B0048B9FFE7EC
:10510000BDF80810009840EA0140039909688862D8
:1051100033E003980068816A009800EB114000902A
:1051200000208DF80700FFE79DF807009DF80B10A1
:105130000139884213D2FFE7039800689DF80710F1
:1051400000EB8100D0F80411009800EB11400090B2
:10515000FFE79DF8070001308DF80700E4E7BDF890
:105160000810009840EA0140039909689DF80B2057
:1051700001EB8201C1F80001FFE7002004B0704795
:1051800080B582B001900198D0F808050AF092FA33
:1051900002B080BD80B582B001908DF80310019AF5
:1051A000D2F808059DF8031001EBC10302EB83025E
:1051B000D26C0AF0DBF802B080BD000080B582B08E
:1051C00001908DF80310019AD2F808059DF803109C
:1051D00001EBC10302EB8302D2F88C220AF090F9B2
:1051E00002B080BD80B582B001900198D0F808056A
:1051F0000AF066FA02B080BD80B584B003908DF8E5
:105200000B109DF80B00000600280CD5FFE7039853
:105210009DF80B1001F00F0101EBC10100EB8100C3
:105220003C3001900CE003989DF80B1001F00F0149
:1052300001EBC10100EB810000F51F700190FFE759
:105240000398006801990CF091F88DF80A009DF818
:105250000A0004B080BD000080B584B002908DF8D3
:1052600007109DF80700000600280FD5FFE70298F9
:105270009DF8071001F00F0101EBC10100EB810067
:105280003C3000900099012048700FE002989DF892
:10529000071001F00F0101EBC10100EB810000F5E7
:1052A0001F700090009900204870FFE79DF80700EC
:1052B00000F00F0000990870FFE7029890F8BC0416
:1052C000012804D1FFE702208DF80F0014E00299B5
:1052D000012081F8BC04FFE7FFE70298006800990D
:1052E0000BF06CFAFFE70299002081F8BC04FFE79D
:1052F00000208DF80F00FFE79DF80F0004B080BD7F
:1053000080B584B002908DF807109DF8070000F07A
:105310000F0002994968884204D9FFE701208DF8FF
:105320000F004DE09DF80700000600280FD5FFE7AD
:1053300002989DF8071001F00F0101EBC10100EB8D
:1053400081003C3000900099012048700FE00298E5
:105350009DF8071001F00F0101EBC10100EB810086
:1053600000F51F700090009900204870FFE7009939
:10537000002088709DF8070000F00F000099087069
:10538000FFE7029890F8BC04012804D1FFE702204F
:105390008DF80F0014E00299012081F8BC04FFE7AA
:1053A000FFE70298006800990BF088FDFFE702997B
:1053B000002081F8BC04FFE700208DF80F00FFE714
:1053C0009DF80F0004B080BD82B001908DF80310ED
:1053D00001989DF8031001F00F0101EBC10100EBF2
:1053E0008100D0F89C0202B07047000080B586B002
:1053F00004908DF80F10ADF80C208DF80B300020C4
:105400008DF80A009DF80F00000600280FD5FFE771
:1054100004989DF80F1001F00F0101EBC10100EBA2
:1054200081003C3001900199012048700FE0049800
:105430009DF80F1001F00F0101EBC10100EB81009D
:1054400000F51F700190019900204870FFE79DF85A
:105450000F0000F00F0001990870BDF80C000199D1
:10546000C8609DF80B00019908710198407820B13F
:10547000FFE7019908780881FFE79DF80B000228F3
:1054800004D1FFE7019900204871FFE7FFE7049886
:1054900090F8BC04012804D1FFE702208DF8170022
:1054A00015E00499012081F8BC04FFE7FFE70498A8
:1054B000006801990BF03CF8FFE70499002081F89F
:1054C000BC04FFE79DF80A008DF81700FFE79DF880
:1054D000170006B080BD000080B586B005908DF83D
:1054E00013100392029305989DF8131001F00F0119
:1054F00001EBC10100EB810000F51F7001900398E2
:105500000199086102980199886101990020086257
:10551000019948709DF8130000F00F000199087080
:1055200005980069012804D1FFE7039801994861B3
:10553000FFE79DF81300000738B9FFE7059A1068E8
:105540000199127C0BF06EFB06E0059A1068019938
:10555000127C0BF057FDFFE7002006B080BD000075
:1055600080B584B002908DF807109DF8070000F018
:105570000F0002994968884204D9FFE701208DF89D
:105580000F0058E09DF80700000600280FD5FFE740
:1055900002989DF8071001F00F0101EBC10100EB2B
:1055A00081003C3000900099012048700DE0029885
:1055B0009DF8071001EBC10100EB810000F51F70A1
:1055C0000090009900204870FFE700990120887042
:1055D0009DF8070000F00F0000990870FFE702989F
:1055E00090F8BC04012804D1FFE702208DF80F00D9
:1055F00021E00299012081F8BC04FFE7FFE702984F
:10560000006800990BF0AAFC9DF80700000740B95C
:10561000FFE7029A1068117C02F2C4420BF0FEFB15
:10562000FFE7FFE70299002081F8BC04FFE70020B4
:105630008DF80F00FFE79DF80F0004B080BD00005B
:1056400080B586B005908DF81310039202930598EB
:105650009DF8131001F00F0101EBC10100EB810077
:105660003C30019003980199086102980199886182
:105670000199002008620199012048709DF81300EB
:1056800000F00F000199087005980069012804D105
:10569000FFE7039801994861FFE79DF813000007B1
:1056A00038B9FFE7059A10680199127C0BF0BAFA35
:1056B00006E0059A10680199127C0BF0A3FCFFE745
:1056C000002006B080BD000080B58CB00B900B9818
:1056D00000680A900A9809900B9800680BF088FF00
:1056E000002840F00D84FFE70B9800680BF0ECFFFA
:1056F00010B9FFE700F004BC0998D0F80808C0F31F
:105700000D200B99C1F8FC040B9800680BF0DCFF2E
:105710008007002807D5FFE70B980168486900F06B
:1057200002004861FFE70B9800680BF0CDFFC00650
:10573000002862D5FFE70B980168886920F0100007
:1057400088610A98006A02900B98029901F00F0193
:1057500001EBC10100EB810000F51F700890029879
:1057600000F4F0110220B0EB514F23D1FFE7BDF858
:10577000080047F6F07108421BD0FFE70A98089925
:105780000969029AC2F30A120BF0ACFF029847F6BD
:10579000F07100EA0103089A106900EB1310106120
:1057A000029800EA01020899086A00EB12100862E8
:1057B000FFE71BE0029800F4F0110620B0EB514F18
:1057C00012D1FFE70A980B9901F2C44108220BF0AD
:1057D00089FF029847F6F07100EA01020899086A09
:1057E00000EB1210086200E0FFE7FFE70B9801688A
:1057F000886940F010008861FFE70B9800680BF0A3
:1058000063FF0003002840F1A680FFE7002004901A
:105810000B9800680BF006FF0690FFE7069800283B
:1058200000F09880FFE79DF81800C007002800F0FE
:105830008A80FFE70B9800689DF810100BF02CFF92
:1058400005909DF81400C00760B1FFE7099804991E
:1058500000EB41110120C1F8080B0B98049905F0E9
:1058600063FDFFE79DF81400000700280CD5FFE753
:105870000998049900EB41110820C1F8080B0B9816
:10588000049905F00BFDFFE79DF81400C006002801
:1058900008D5FFE70998049900EB41111020C1F8E1
:1058A000080BFFE79DF81400800700282DD5FFE7BF
:1058B0000A9840690006002808D5FFE70999D1F841
:1058C000040840F48060C1F80408FFE70B980499CD
:1058D00001EBC10100EB810000F51F7008900898F2
:1058E000C078012809D1FFE708990020C8700B98FB
:1058F0009DF8101000F014FBFFE70998049900EBE5
:1059000041110220C1F8080BFFE79DF81400800642
:10591000002808D5FFE70998049900EB41112020E1
:10592000C1F8080BFFE79DF815008006002809D58F
:10593000FFE70998049900EB41114FF40050C1F8BA
:10594000080BFFE7FFE70498013004900698400831
:10595000069063E7FFE70B9800680BF0B5FE400385
:10596000002840F1C680FFE70B9800680BF048FE66
:10597000069000200490FFE70698002800F0B88009
:10598000FFE79DF81800C007002800F0AA80FFE795
:105990000B9800689DF810100BF056FE05909DF8CE
:1059A0001400C00700283ED0FFE7049800F00F0164
:1059B000012000FA01F10391039B099AD2F83418EF
:1059C0009943C2F834180999049A01EB4211C1F8BD
:1059D00008090B98006901281FD1FFE70B9804996B
:1059E00001EBC10100EB81018A6CC86C1044C864F2
:1059F000049888B9FFE70B98049901EBC10100EB0B
:105A00008100406D40B9FFE70B99086801F2C4427C
:105A100001210BF003FAFFE7FFE70B989DF8101048
:105A2000FFF7B8FBFFE79DF814000007002808D532
:105A3000FFE70998049900EB41110820C1F8080913
:105A4000FFE79DF81400C006002808D5FFE7099875
:105A5000049900EB41111020C1F80809FFE79DF8F7
:105A600014004006002808D5FFE70998049900EBC8
:105A700041114020C1F80809FFE79DF81400800794
:105A8000002822D5FFE70A9804990BF047FD0B98F0
:105A9000049901EBC10100EB81003C3008900898AB
:105AA000C078012809D1FFE708990020C8700B9839
:105AB0009DF8101000F026FAFFE70998049900EB12
:105AC00041110220C1F80809FFE79DF81400000603
:105AD000002805D5FFE70B98049905F009FDFFE7BD
:105AE000FFE704980130049006984008069043E7C9
:105AF000FFE70B9800680BF0E7FDC00F00B3FFE76E
:105B00000999D1F8040820F00100C1F804080B98A5
:105B100090F8F404012808D1FFE70B98002180F8E1
:105B2000F4140B98FFF7CCFA03E00B9800F0E2FBBB
:105B3000FFE70B980168486900F000404861FFE703
:105B40000B9800680BF0C0FD0005002811D5FFE799
:105B50000998D0F80808C00720B1FFE70B9800F0BB
:105B600057FCFFE70B980168486900F40060486142
:105B7000FFE70B9800680BF0A7FDC004002840F178
:105B80008680FFE70999D1F8040820F00100C1F8E8
:105B900004080B98006810210BF0C0FC002007904F
:105BA000FFE707980B994968884231D2FFE70998C7
:105BB000079900EB41114FF67F30C1F808090999A8
:105BC000079A01EB4212D2F8001921F40011C2F831
:105BD00000190999079A01EB4211C1F8080B0998BD
:105BE000079900EB4111D1F8000B20F40010C1F827
:105BF000000B0998079900EB4111D1F8000B40F018
:105C00000060C1F8000BFFE7079801300790C8E774
:105C10000999D1F81C0840F00110C1F81C080B9834
:105C2000006B78B1FFE70999D1F8840840F00B00C8
:105C3000C1F884080999D1F8440840F00B00C1F874
:105C400044080FE00999D1F8140842F22B021043DE
:105C5000C1F814080999D1F8100840F00B00C1F8F8
:105C60001008FFE70999D1F8000820F4FE60C1F898
:105C700000080B9A1068117C02F2C4420BF0CEF8B7
:105C80000B980168486900F480504861FFE70B9861
:105C900000680BF019FD800400281FD5FFE70B9862
:105CA00000680AF0B5FC0B9800680BF07BFC0B99C0
:105CB000C8600B980068019000F02EFD0146019825
:105CC0000B9A127B0BF006FE0B9800F0E9FA0B988A
:105CD0000168486900F400504861FFE70B980068CC
:105CE0000BF0F2FC000700280AD5FFE70B9800F044
:105CF0000BFB0B980168486900F008004861FFE75A
:105D00000B9800680BF0E0FC0006002825D5FFE7A3
:105D10000A99886920F08000886101200490FFE7DB
:105D200004980B994968884216D2FFE70B980499AA
:105D300001EBC10100EB810090F87F02012806D140
:105D4000FFE70B989DF81010FFF756FAFFE7FFE703
:105D5000049801300490E3E7FFE70B9800680BF02C
:105D6000B3FCC00200283ED5FFE701200490FFE706
:105D700004980B99496888422ED2FFE70998049944
:105D800000EB4110D0F8000902900B98049901EB48
:105D9000C10100EB810090F84000012817D1FFE716
:105DA0009DF80B000006002811D5FFE70B98049919
:105DB00001EBC10100EB8101012081F83F000B984C
:105DC0009DF8101041F08001FFF716FAFFE7FFE79A
:105DD000049801300490CBE70B980168486900F4FF
:105DE00080104861FFE70B9800680BF06DFC8002A3
:105DF000002855D5FFE701200490FFE704980B9990
:105E00004968884245D2FFE70998049900EB4110A0
:105E1000D0F8000B02900B98049901EBC10100EB44
:105E2000810090F8800201282ED1FFE79DF80B0039
:105E30000006002828D5FFE7029800F480300B996F
:105E4000D1F8FC1401F0010188421DD1FFE70B9845
:105E5000049901EBC10100EB8101012081F87F026F
:105E60000A99886940F0800088610A9840690006B4
:105E7000002808D4FFE70999D1F8040840F400701D
:105E8000C1F8040805E0FFE7FFE70498013004903B
:105E9000B4E70B980168486900F400104861FFE717
:105EA0000B9800680BF010FC400000280AD5FFE7B3
:105EB0000B98FFF765F90B980168486900F080407E
:105EC0004861FFE70B9800680BF0FEFB40070028D5
:105ED00015D5FFE70B980068406802909DF8080010
:105EE0004007002804D5FFE70B98FFF77BF9FFE791
:105EF000029A0B980168486810434860FFE7FFE783
:105F00000CB080BD80B582B001908DF8031001986F
:105F1000D0F808059DF8031009F06EFC02B080BDB2
:105F200080B582B001908DF803100198D0F8080573
:105F30009DF8031009F098FC02B080BD2DE9F04FE8
:105F400097B01590159820B9FFE701208DF85B00F8
:105F500049E1159800681490159890F8BD0440B96F
:105F6000FFE71599002081F8BC04159800F040F96E
:105F7000FFE71599032081F8BD041498C06BC00594
:105F8000002804D4FFE7159900200861FFE7159861
:105F900000680AF03DFE1598109001681191416863
:105FA0008268C368D0F810C044698569C669076A09
:105FB000D0F82480D0F82890D0F82CA0D0F830B0B9
:105FC000D0F834E068461290C0F824E01198DDF86B
:105FD00048E0CEF820B0CEF81CA0CEF81890CEF84D
:105FE0001480CEF81070CEF80C60CEF80850CEF8C1
:105FF0000440CEF800C00AF021FB40B1FFE715993C
:10600000022081F8BD0401208DF85B00EBE01598BB
:10601000006800210F910BF0BFFB0F988DF84F0027
:10602000FFE79DF84F0015994968884245D2FFE780
:1060300015989DF84F1001EBC10100EB8101012083
:1060400081F83D009DF84F00159900EBC00201EB6F
:10605000820181F83C009DF84F00159900EBC002C9
:1060600001EB8201A1F8440015989DF84F1001EB57
:10607000C10100EB8101002081F8400015999DF8D5
:106080004F2002EBC20201EB8201886415999DF852
:106090004F2002EBC20201EB8201C86415999DF802
:1060A0004F2002EBC20201EB82014865FFE79DF839
:1060B0004F0001308DF84F00B3E700208DF84F00FE
:1060C000FFE79DF84F001599496888423ED2FFE7E7
:1060D00015989DF84F1001EBC10100EB81010020E4
:1060E00081F87D029DF84F10159A01EBC10302EB78
:1060F000830282F87C1215999DF84F2002EBC202B0
:1061000001EB820181F8800215999DF84F2002EB86
:10611000C20201EB8201C1F8880215999DF84F2057
:1061200002EBC20201EB8201C1F88C0215999DF8C5
:106130004F2002EBC20201EB8201C1F89402FFE79B
:106140009DF84F0001308DF84F00BAE715980C907C
:1061500001680D9141688268C368D0F810C0446935
:106160008569C669076AD0F82480D0F82890D0F8ED
:106170002CA0D0F830B0D0F834E068460E90C0F8CB
:1061800024E00D98DDF838E0CEF820B0CEF81CA061
:10619000CEF81890CEF81480CEF81070CEF80C60BF
:1061A000CEF80850CEF80440CEF800C00AF0CEFB7E
:1061B00040B1FFE71599022081F8BD0401208DF858
:1061C0005B0010E0159900200B9081F838001599BC
:1061D000012081F8BD04159800680AF0A1FB0B9816
:1061E0008DF85B00FFE79DF85B0017B0BDE8F08F0E
:1061F00080B58AB00990002008900790069005901D
:10620000049009980068B0F1A04F47D1FFE7FFE77D
:106210000020039043F63000C4F20200016841F010
:1062200001010160006800F0010003900398FFE79E
:106230004FF4C050049002200590002006900320E7
:1062400007900A2008900020C4F2020004A9FEF77B
:1062500043FCFFE743F63401C4F20201086840F052
:1062600080000860FFE70020029043F64400C4F27B
:106270000200016841F480410160006800F4804040
:1062800002900298FFE7FFE74320019005210022DA
:10629000FEF7F2FE0198FEF7E5FEFFE70AB080BDCB
:1062A00080B582B0019001208DF803000198C0688C
:1062B00020B9FFE700208DF803000CE00198C068CA
:1062C000022804D1FFE701208DF8030002E0FCF76B
:1062D000ABF9FFE7FFE70198D0F808059DF8031038
:1062E00009F0C2FB0198D0F8080509F03DFB02B0A7
:1062F00080BD000080B582B001900198D0F80805FB
:1063000009F080FB02B080BD80B582B00190019899
:10631000D0F8080509F088FB02B080BD80B584B0D4
:1063200002908DF80710FFE7029890F8BC0401284E
:1063300004D1FFE702208DF80F001AE00299012036
:1063400081F8BC04FFE7FFE79DF80700029981F898
:106350003800029800689DF807100BF08DFAFFE7EF
:106360000299002081F8BC04FFE700208DF80F009F
:10637000FFE79DF80F0004B080BD000080B582B03B
:1063800001900199D1F8080501F2C44109F096FB8A
:1063900002B080BD80B584B0029002980068019080
:1063A000FFE7029890F8BC04012804D1FFE702201F
:1063B0008DF80F0027E00299012081F8BC04FFE767
:1063C000FFE70298806A01280BD1FFE702988069F5
:1063D000012806D0FFE70199886B40F4803088637C
:1063E000FFE7029800680BF04FF8029800680AF087
:1063F00081FAFFE70299002081F8BC04FFE7002042
:106400008DF80F00FFE79DF80F0004B080BD00007D
:1064100080B582B001900198D0F8080509F0D0FB52
:1064200001980168D1F8000E40F00100C1F8000E9B
:106430000198006A48B1FFE74EF61051CEF2000114
:10644000086840F006000860FFE702B080BD000069
:106450007047000080B584B002900191029820B985
:10646000FFE701208DF80F0021E1019843F600417C
:10647000C4F20201096801F00701884212D9FFE75E
:10648000019943F60040C4F202000170006800F078
:1064900007000199884204D0FFE701208DF80F0022
:1064A00005E1FFE702980078800700282AD5FFE77A
:1064B000029800784007002809D5FFE743F6080155
:1064C000C4F20201086840F4E0500860FFE7029857
:1064D00000780007002809D5FFE743F60801C4F259
:1064E0000201086840F460400860FFE743F60801D5
:1064F000C4F20201086820F0F000029A926810438A
:106500000860FFE702980078C00700286ED0FFE718
:1065100002984068012811D1FFE743F60000C4F259
:106520000200006800F400310020B0EB514F04D1AC
:10653000FFE701208DF80F00B9E02CE002984068D9
:10654000022805D0FFE702984068032811D1FFE731
:1065500043F60000C4F20200006800F00071002061
:10656000B0EB516F04D1FFE701208DF80F009EE0E2
:1065700010E043F60000C4F20200006800F00201DF
:106580000020B0EB510F04D1FFE701208DF80F0080
:106590008DE0FFE7FFE743F60801C4F20201086857
:1065A00020F00300029A526810430860FEF788FC4E
:1065B0000090FFE743F60800C4F20200006800F014
:1065C0000C0002994968B0EB810F0ED0FFE7FEF78F
:1065D00077FC0099401A41F28931884204D3FFE7E1
:1065E00003208DF80F0062E0E4E7FFE7019843F62F
:1065F0000041C4F20201096801F00701884212D289
:10660000FFE7019943F60040C4F202000170006800
:1066100000F007000199884204D0FFE701208DF8BF
:106620000F0044E0FFE702980078400700280CD5EF
:10663000FFE743F60801C4F20201086820F4E050C5
:10664000029AD26810430860FFE7029800780007BA
:1066500000280DD5FFE743F60801C4F202010868DF
:1066600020F46040029A126940EAC2000860FFE725
:1066700000F07CF843F60801C4F202010968C9B2CF
:106680000A0944F6C401C0F60101895CC84040F221
:106690005841C2F20001086040F26850C2F20000A6
:1066A0000068FEF73DFC00208DF80F00FFE79DF825
:1066B0000F0004B080BD00004C21C4F2472101202E
:1066C0000860704782B00190009101990F20086026
:1066D00043F60800C4F20200016801F00301019AC8
:1066E0005160016801F0F001019A9160016801F4C4
:1066F000E051019AD160006800F46040C00801993F
:10670000086143F60040C4F20200006800F0070090
:106710000099086002B0704740F25840C2F2000091
:106720000068704780B5FFF7F7FF43F60801C4F231
:1067300002010968C1F3822244F6D401C0F60101C6
:10674000895CC84080BD000080B5FFF7E5FF43F6D7
:106750000801C4F20201096889B24A0B44F6D40167
:10676000C0F60101895CC84080BD000080B586B0DC
:106770000020059004900390029043F60800C4F2B4
:106780000200006800F00C000146019140B1FFE7F3
:10679000019804280AD0FFE7019808280CD04FE0A0
:1067A00042F20040C0F2F40002904FE041F60030A7
:1067B000C0F2B700029049E043F60400C4F20200C0
:1067C000016801F03F01059100684002002813D5DF
:1067D000FFE743F60400C4F202000068C0F388102B
:1067E00041F60031C0F2B701A0FB0101059A002378
:1067F000FAF76FFA049012E043F60400C4F20200C4
:106800000068C0F3881042F20041C0F2F401A0FB1E
:106810000101059A0023FAF75CFA0490FFE743F6BA
:106820000400C4F20200006800F44031022000EBD2
:10683000D130039004980399B0FBF1F0029005E089
:1068400042F20040C0F2F4000290FFE7029806B066
:1068500080BD000080B543F60C00C4F20200006861
:106860000006002809D5FFE7FFF7F2FD43F60E0109
:10687000C4F2020180200870FFE780BD80B586B0B9
:106880000490049820B9FFE701208DF8170050E329
:1068900004980078C007002800F0A580FFE743F6C1
:1068A0000800C4F20200006800F00C00042813D0B5
:1068B000FFE743F60800C4F20200006800F00C0095
:1068C00008281ED1FFE743F60400C4F20200006866
:1068D0004002002815D5FFE743F60000C4F202008D
:1068E000006800F400310020B0EB514F08D0FFE702
:1068F0000498406820B9FFE701208DF8170018E3DD
:1069000070E0FFE704984068B0F5803F09D1FFE7E9
:1069100043F60001C4F20201086840F480300860C8
:1069200020E004984068B0F5A02F0DD1FFE743F6B2
:106930000001C4F20201086840F480200860086881
:1069400040F4803008600CE043F60001C4F202011C
:10695000086820F480300860086820F4802008600F
:10696000FFE7FFE7FFE704984068E8B1FFE7FEF7BD
:10697000A7FA0390FFE743F60000C4F202000068A4
:1069800000F400310020B0EB514F0CD1FFE7FEF7CF
:1069900097FA0399401A652804D3FFE703208DF87E
:1069A0001700C6E2E7E71CE0FEF78AFA0390FFE76C
:1069B00043F60000C4F20200006800F40031002039
:1069C000B0EB514F0CD0FFE7FEF77AFA0399401A6B
:1069D000652804D3FFE703208DF81700A9E2E7E755
:1069E000FFE7FFE7FFE7049800788007002840F101
:1069F0009680FFE743F60800C4F20200006810F03A
:106A00000C0F13D0FFE743F60800C4F20200006841
:106A100000F00C0008282CD1FFE743F60400C4F274
:106A2000020000684002002823D4FFE743F600007C
:106A3000C4F20200006800F002010020B0EB510F28
:106A400009D0FFE70498C068012804D0FFE70120BF
:106A50008DF817006DE243F60001C4F202010868E8
:106A600020F0F800049A126940EAC2000860FFE7CB
:106A700054E00498C06870B3FFE70021C4F24721D6
:106A800001200860FEF71CFA0390FFE743F60000C0
:106A9000C4F20200006800F002010020B0EB510FC8
:106AA0000CD1FFE7FEF70CFA0399401A032804D330
:106AB000FFE703208DF817003BE2E7E743F600010C
:106AC000C4F20201086820F0F800049A126940EA52
:106AD000C200086021E00021C4F2472100200860C4
:106AE000FEF7EEF90390FFE743F60000C4F2020060
:106AF000006800F002010020B0EB510F0CD0FFE75E
:106B0000FEF7DEF90399401A032804D3FFE70320B8
:106B10008DF817000DE2E7E7FFE7FFE7FFE70498CE
:106B20000078000700284BD5FFE70498406918B3A8
:106B3000FFE740F68061C4F2472101200860FEF7BC
:106B4000BFF90390FFE743F67400C4F20200006847
:106B500000F002010020B0EB510F0CD1FFE7FEF76F
:106B6000AFF90399401A032804D3FFE703208DF8F7
:106B70001700DEE1E7E722E040F68061C4F247213A
:106B800000200860FEF79CF90390FFE743F67400CD
:106B9000C4F20200006800F002010020B0EB510FC7
:106BA0000CD0FFE7FEF78CF90399401A032804D3B1
:106BB000FFE703208DF81700BBE1E7E7FFE7FFE7FA
:106BC000049800784007002840F1CE80FFE70020BD
:106BD0008DF8070043F64000C4F202000068C000D0
:106BE000002815D4FFE7FFE70020009043F640009F
:106BF000C4F20200016841F080510160006800F0B9
:106C0000805000900098FFE701208DF80700FFE713
:106C100047F20000C4F200000068C005002822D43A
:106C2000FFE747F20001C4F20001086840F48070F9
:106C30000860FEF745F90390FFE747F20000C4F251
:106C400000000068C00500280CD4FFE7FEF738F903
:106C50000399401A032804D3FFE703208DF8170097
:106C600067E1EAE7FFE7FFE704988068012809D1B8
:106C7000FFE743F67001C4F20201086840F001002A
:106C800008601FE00498806805280DD1FFE743F6EF
:106C90007001C4F20201086840F00400086008684E
:106CA00040F0010008600CE043F67001C4F20201FC
:106CB000086820F001000860086820F004000860FF
:106CC000FFE7FFE7FFE704988068F8B1FFE7FEF70A
:106CD000F7F80390FFE743F67000C4F20200006883
:106CE00000F002010020B0EB510F0ED1FFE7FEF7DC
:106CF000E7F80399401A41F28931884204D3FFE74B
:106D000003208DF8170014E1E5E71EE0FEF7D8F840
:106D10000390FFE743F67000C4F20200006800F041
:106D200002010020B0EB510F0ED0FFE7FEF7C8F8CC
:106D30000399401A41F28931884204D3FFE70320C6
:106D40008DF81700F5E0E5E7FFE79DF8070001285B
:106D500009D1FFE743F64001C4F20201086820F0C0
:106D600080500860FFE7FFE704988069002800F082
:106D7000DC80FFE743F60800C4F20200006800F080
:106D80000C00082800F08580FFE70498806902283D
:106D90005CD1FFE76021C4F2472100200860FEF7C4
:106DA0008FF80390FFE743F60000C4F2020000688A
:106DB00000F000710020B0EB516F0CD0FFE7FEF740
:106DC0007FF80399401A032804D3FFE703208DF8C6
:106DD0001700AEE0E7E70499C869D1F820C04B6A14
:106DE0008A6A40EA0C0040EA8310D2034FF6FF7330
:106DF0009A43A2F580321043C96A40EA016043F623
:106E00000401C4F2020108606021C4F2472101209C
:106E10000860FEF755F80390FFE743F60000C4F260
:106E20000200006800F000710020B0EB516F0CD13F
:106E3000FFE7FEF745F80399401A032804D3FFE75C
:106E400003208DF8170074E0E7E721E06021C4F229
:106E5000472100200860FEF733F80390FFE743F670
:106E60000000C4F20200006800F000710020B0EBE6
:106E7000516F0CD0FFE7FEF723F80399401A03285F
:106E800004D3FFE703208DF8170052E0E7E7FFE7A0
:106E90004AE004988069012804D1FFE701208DF8B9
:106EA000170046E043F60400C4F2020000680290B6
:106EB00004988069012831D0FFE7029800F480002F
:106EC0000499C969884229D1FFE7029800F03F0080
:106ED0000499096A884221D1FFE7029847F6C071F8
:106EE00008400499496AB0EB811F17D1FFE7029867
:106EF00000F440300499896AC9034FF6FF72914348
:106F0000A1F58031884209D1FFE7029800F0706056
:106F10000499C96AB0EB016F04D0FFE701208DF836
:106F2000170006E0FFE7FFE7FFE700208DF81700F6
:106F3000FFE79DF8170006B080BD000080B584B063
:106F40000290029820B9FFE701208DF80F0072E04F
:106F50000298406A60B9FFE702984068B0F5827F06
:106F600001D1FFE703E002990020C861FFE705E0D7
:106F700002990020086102994861FFE70299002008
:106F80008862029890F8510040B9FFE7029900200A
:106F900081F85000029800F053F8FFE702990220B0
:106FA00081F8510002980168086820F040000860EC
:106FB000029A019211685068D2F808C0D36800F4B0
:106FC00082700CF4044C604403F4006318441369A9
:106FD00003F002031844536903F001031844936952
:106FE00003F400731844D36903F038031844136A98
:106FF00003F080031843926A02F4005210430860C1
:10700000029801688369426A042000EA134002F092
:1070100010021044486002980168C86920F40060BA
:10702000C861029900204865029A012182F8511036
:107030008DF80F00FFE79DF80F0004B080BD000041
:1070400080B58EB00D9000200C900B900A900990A6
:1070500008900D98006843F20001C4F201018842D3
:107060005ED1FFE7FFE70020079043F64400C4F23B
:107070000200016841F480510160006800F4805012
:1070800007900798FFE7FFE70020069043F63000DF
:10709000C4F20200016841F002010160006800F0E2
:1070A000020006900698FFE7FFE70020059043F6F0
:1070B0003000C4F20200016841F001010160006883
:1070C00000F0010005900598FFE7182008900220C5
:1070D00000900990002001900A90032002900B90EC
:1070E000052003900C9040F20040C4F2020008A971
:1070F0000491FDF7F1FCDDF800C0019B029A0398B2
:1071000004994FF0800ECDF820E0CDF824C00A930A
:107110000B920C900020C4F20200FDF7DDFCFFE7AB
:107120000EB080BD80B58EB0DDF840C00C900B91E4
:107130000A92ADF826300120059000208DF813004A
:10714000FFE70C9890F85000012804D1FFE70220D7
:107150008DF8370095E10C99012081F85000FFE788
:10716000FFE7FDF7ADFE06900C9890F851008DF802
:107170001F000C9840680890BDF82600ADF8240068
:107180009DF81F00012812D0FFE70898B0F5827F14
:1071900009D1FFE70C98806828B9FFE79DF81F0028
:1071A000042804D0FFE702208DF813005AE10B9861
:1071B00038B1FFE70A9820B1FFE7BDF8260020B9F3
:1071C000FFE701208DF813004CE10C9890F8510076
:1071D000042805D0FFE70C99052081F85100FFE74E
:1071E0000C99002048650A990C9A9163BDF8261005
:1071F0000C9AD187BDF826100C9A91870B990C9A9E
:107200001163BDF826100C9AD186BDF826100C9A91
:1072100091860C9908640C9948640C980068006881
:1072200000F04000402807D0FFE70C98016808688C
:1072300040F040000860FFE70C98C068B0F5006FB0
:1072400076D1FFE70C98406828B1FFE7BDF824002D
:1072500001280ED1FFE70C980168006B0088C86018
:107260000C99086B023008630C99C88E0138C886E7
:10727000FFE7FFE70C98C18E0120029039B9FFE7C4
:107280000C98C08F002818BF01200290FFE70298D9
:10729000C00700284BD0FFE70C9800688068800783
:1072A000002818D5FFE70C98C08EA0B1FFE705981D
:1072B000012810D1FFE70C980168006B0088C860B6
:1072C0000C99086B023008630C99C88E0138C88687
:1072D00000200590FFE70C9800688068C007A8B1FF
:1072E000FFE70C98C08F88B1FFE70C980068C06872
:1072F0000C99896B08800C99886B023088630C9913
:10730000C88F0138C88701200590FFE7FDF7D8FD39
:107310000699401A1099884208D3FFE71098013067
:1073200020B1FFE703208DF813009BE0A2E778E08F
:107330000C98406828B1FFE7BDF8240001280ED161
:10734000FFE70C980168006B007808730C99086BD4
:10735000013008630C99C88E0138C886FFE7FFE743
:107360000C98C18E0120019039B9FFE70C98C08FAD
:10737000002818BF01200190FFE70198C0070028EE
:107380004ED0FFE70C98006880688007002818D569
:10739000FFE70C98C08EA0B1FFE70598012810D137
:1073A000FFE70C980168006B007808730C99086B74
:1073B000013008630C99C88E0138C88600200590FA
:1073C000FFE70C9800688068C007A8B1FFE70C9839
:1073D000C08F88B1FFE70C980068C0680C99896B72
:1073E00008700C99886B013088630C99C88F01383C
:1073F000C88701200590FFE7FDF762FD0699401A56
:107400001099884204D3FFE71098013018B9FFE7BC
:10741000109820B9FFE703208DF8130022E09FE7C2
:10742000FFE70C981099069A05F0C2FB38B1FFE708
:1074300001208DF813000C992020486512E00C986B
:10744000806870B9FFE7FFE7002003900C980068A0
:10745000C06803900C980068806803900398FFE769
:10746000FFE7FFE70C99012081F85100FFE70C9935
:10747000002081F85000FFE79DF813008DF83700D9
:10748000FFE79DF837000EB080BD000081B000908E
:1074900001B0704781B0009001B0704785B0039093
:1074A0000291FFE7039890F83C00012804D1FFE720
:1074B00002208DF813007EE00399012081F83C0042
:1074C000FFE7FFE70399022081F83D000398006879
:1074D000406801900398006880680090019820F04F
:1074E000700001900298016801980843019001988A
:1074F000039909684860039800680021C4F20101FB
:1075000088423CD0FFE703980068B0F1804F36D046
:10751000FFE70398006840F20041C4F2000188428E
:107520002DD0FFE70398006840F60001C4F2000187
:10753000884224D0FFE70398006840F60041C4F277
:10754000000188421BD0FFE70398006840F2004129
:10755000C4F20101884212D0FFE70398006844F2A8
:107560000001C4F20101884209D0FFE703980068D6
:1075700041F60001C4F2000188420ED1FFE70098F5
:1075800020F0800000900298416800980843009025
:107590000098039909688860FFE70399012081F842
:1075A0003D00FFE70399002081F83C00FFE7002041
:1075B0008DF81300FFE79DF8130005B07047000039
:1075C00080B582B00090009820B9FFE701208DF8C7
:1075D00007003FE0009890F83D0040B9FFE70099B0
:1075E000002081F83C00009800F038F8FFE700998F
:1075F000022081F83D00009951F8040B05F01AFFB4
:107600000099012081F84600FFE70099012081F8E8
:107610003E00009981F83F00009981F840000099F0
:1076200081F84100FFE7FFE70099012081F842005F
:10763000009981F84300009981F84400009981F88D
:107640004500FFE70099012081F83D0000208DF8FA
:107650000700FFE79DF8070002B080BD80B586B047
:1076600005900598006840F60001C4F200018842C8
:1076700012D1FFE7FFE70020049043F64000C4F278
:107680000200016841F004010160006800F004009C
:1076900004900498FFE740E00598006840F6004138
:1076A000C4F2000188421BD1FFE7FFE700200390EE
:1076B00043F64000C4F20200016841F00801016095
:1076C000006800F0080003900398FFE73220019063
:1076D00005210022FDF7D0FC0198FDF7C3FC1BE05B
:1076E0000598006844F20041C4F20101884212D1B9
:1076F000FFE7FFE70020029043F64400C4F20200D7
:10770000016841F400310160006800F4003002902B
:107710000298FFE7FFE7FFE7FFE706B080BD000044
:1077200083B00190019890F83D00012804D0FFE754
:1077300001208DF80B0064E00199022081F83D00E2
:10774000019800680021C4F2010188423CD0FFE7A3
:1077500001980068B0F1804F36D0FFE701980068CB
:1077600040F20041C4F2000188422DD0FFE70198A9
:10777000006840F60001C4F20001884224D0FFE70F
:107780000198006840F60041C4F2000188421BD015
:10779000FFE70198006840F20041C4F2010188420D
:1077A00012D0FFE70198006844F20001C4F2010121
:1077B000884209D0FFE70198006841F60001C4F251
:1077C0000001884212D1FFE701980068806800F04C
:1077D000070000900098062807D0FFE7019801688D
:1077E000086840F001000860FFE706E001980168C2
:1077F000086840F001000860FFE700208DF80B00EA
:10780000FFE79DF80B0003B07047000083B00190C4
:10781000019890F83D00012804D0FFE701208DF881
:107820000B006AE00199022081F83D00019801688F
:10783000C86840F00100C860019800680021C4F2E7
:10784000010188423CD0FFE701980068B0F1804F09
:1078500036D0FFE70198006840F20041C4F2000111
:1078600088422DD0FFE70198006840F60001C4F27D
:107870000001884224D0FFE70198006840F60041EB
:10788000C4F2000188421BD0FFE70198006840F273
:107890000041C4F20101884212D0FFE7019800685C
:1078A00044F20001C4F20101884209D0FFE70198C7
:1078B000006841F60001C4F20001884212D1FFE7DE
:1078C00001980068806800F0070000900098062882
:1078D00007D0FFE701980168086840F001000860E0
:1078E000FFE706E001980168086840F001000860C1
:1078F000FFE700208DF80B00FFE79DF80B0003B0B9
:107900007047000080B586B00490039100208DF888
:107910000B00FFE7049890F83C00012804D1FFE732
:1079200002208DF81700ABE00499012081F83C009B
:10793000FFE7FFE70499022081F83D000498006802
:1079400080680190019820F077000190019820F460
:107950007F40019001980499096888600398006845
:107960000090002872D0FFE7009810286ED0FFE743
:10797000009820286AD0FFE70098302866D0FFE7FB
:107980000098402855D0FFE70098502837D0FFE7EF
:107990000098602840D0FFE7009870280BD0FFE7E0
:1079A0000098B0F5805F05D0FFE70098B0F5005F64
:1079B00016D052E055E004980068039B5A68996815
:1079C000DB6805F021FE049800688068019001984A
:1079D00040F077000190019804990968886040E0C0
:1079E00004980068039B5A689968DB6805F00CFEF0
:1079F00004980168886840F48040886031E0049809
:107A00000068039A5168D26805F0EAFF049800689C
:107A1000502105F013FE24E004980068039A516891
:107A2000D26806F005F804980068602105F006FEAB
:107A300017E004980068039A5168D26805F0D0FFF7
:107A400004980068402105F0F9FD0AE004980068F8
:107A50000399096805F0F2FD03E001208DF80B00A1
:107A6000FFE70499012081F83D00FFE70499002019
:107A700081F83C00FFE79DF80B008DF81700FFE749
:107A80009DF8170006B080BD81B0009001B070472E
:107A900080B582B0019001980068006900F0020191
:107AA0000020B0EB510F28D0FFE701980068C068B4
:107AB00000F002010020B0EB510F1DD0FFE701984C
:107AC00001686FF0020008610199012008770198B0
:107AD00000688069800720B1FFE70198FFF7D4FFB5
:107AE00006E0019800F076F9019800F06BFAFFE7E4
:107AF000019900200877FFE7FFE701980068006917
:107B000000F004010020B0EB910F29D0FFE70198AD
:107B10000068C06800F004010020B0EB910F1ED097
:107B2000FFE7019801686FF00400086101990220E5
:107B3000087701980068806910F4407F04D0FFE75F
:107B40000198FFF7A1FF06E0019800F043F90198C2
:107B500000F038FAFFE7019900200877FFE7FFE718
:107B600001980068006900F008010020B0EBD10F17
:107B700028D0FFE701980068C06800F008010020E5
:107B8000B0EBD10F1DD0FFE7019801686FF008003E
:107B9000086101990420087701980068C06980078E
:107BA00020B1FFE70198FFF76FFF06E0019800F0B2
:107BB00011F9019800F006FAFFE701990020087713
:107BC000FFE7FFE701980068006900F0100100205E
:107BD000B0EB111F29D0FFE701980068C06800F0E2
:107BE00010010020B0EB111F1ED0FFE701980168C3
:107BF0006FF010000861019908200877019800686B
:107C0000C06910F4407F04D0FFE70198FFF73CFF04
:107C100006E0019800F0DEF8019800F0D3F9FFE7E4
:107C2000019900200877FFE7FFE7019800680069E5
:107C3000C00780B1FFE701980068C068C00748B17D
:107C4000FFE7019801686FF001000861019800F0FA
:107C5000A3FAFFE7FFE7019800680069C1B20020BE
:107C6000B0EBD11F13D0FFE701980068C068C1B224
:107C70000020B0EBD11F09D0FFE7019801686FF039
:107C8000800008610198FFF701FCFFE7FFE701981A
:107C90000068006900F040010020B0EB911F14D093
:107CA000FFE701980068C06800F040010020B0EBD9
:107CB000911F09D0FFE7019801686FF0400008614B
:107CC000019800F077FAFFE7FFE701980068006984
:107CD00000F020010020B0EB511F14D0FFE7019805
:107CE0000068C06800F020010020B0EB511F09D0EF
:107CF000FFE7019801686FF0200008610198FFF725
:107D0000C9FBFFE7FFE702B080BD000080B588B087
:107D10000790002006900590049003900290079829
:107D2000006840F60001C4F20001884223D1FFE759
:107D3000FFE70020019043F63000C4F20200016822
:107D400041F008010160006800F00800019001980E
:107D5000FFE74FF48040029002200390012104913C
:107D600003210591069040F60040C4F2020002A9EA
:107D7000FCF7B2FE2BE00798006844F20041C4F221
:107D80000101884222D1FFE7FFE70020009043F67F
:107D90003000C4F20200016841F020010160006877
:107DA00000F0200000900098FFE7402002900220A1
:107DB00003900121049105900320069041F20040B8
:107DC000C4F2020002A9FCF787FEFFE7FFE708B054
:107DD00080BD000081B0009001B0704780B586B0D2
:107DE00004900391029200208DF80700FFE70498A9
:107DF00090F83C00012804D1FFE702208DF817001D
:107E000089E00499012081F83C00FFE7FFE7029830
:107E100000900C2800F270800099DFE801F0076DF7
:107E20006D6D206D6D6D3A6D6D6D53000498006839
:107E3000039905F019FC04980168886940F008006E
:107E4000886104980168886920F0040088610398BB
:107E500002690498016888691043886150E00498B9
:107E60000068039905F076FC04980168886940F47D
:107E70000060886104980168886920F480608861E6
:107E80000398026904980168886940EA02208861C1
:107E900036E004980068039905F0D6FC0498016860
:107EA000C86940F00800C86104980168C86920F0FA
:107EB0000400C8610398026904980168C869104306
:107EC000C8611DE004980068039905F037FD049827
:107ED0000168C86940F40060C86104980168C86915
:107EE00020F48060C8610398026904980168C86939
:107EF00040EA0220C86103E001208DF80700FFE797
:107F0000FFE70499002081F83C00FFE79DF8070097
:107F10008DF81700FFE79DF8170006B080BD000040
:107F200080B582B00090009820B9FFE701208DF85D
:107F300007003FE0009890F83D0040B9FFE7009946
:107F4000002081F83C00009800F038F8FFE7009925
:107F5000022081F83D00009951F8040B05F06AFAFF
:107F60000099012081F84600FFE70099012081F87F
:107F70003E00009981F83F00009981F84000009987
:107F800081F84100FFE7FFE70099012081F84200F6
:107F9000009981F84300009981F84400009981F824
:107FA0004500FFE70099012081F83D0000208DF891
:107FB0000700FFE79DF8070002B080BD81B0009088
:107FC00001B0704781B0009001B0704780B58CB0AF
:107FD0000A900991099828B9FFE70A9890F83E009D
:107FE00007901CE00998042805D1FFE70A9890F84B
:107FF0003F00069010E00998082805D1FFE70A988D
:1080000090F84000059004E00A9890F8410005902F
:10801000FFE705980690FFE706980790FFE70798A7
:10802000012804D0FFE701208DF82F00AFE0099868
:1080300028B9FFE70A99022081F83E001EE009985E
:10804000042806D1FFE70A99022081F83F00049036
:1080500012E00998082806D1FFE70A99022081F862
:108060004000039005E00A99022081F84100039046
:10807000FFE703980490FFE70498FFE70A98006879
:1080800009990122019205F0A3FA01980A99096859
:108090000022C4F20102914202900CD0FFE70A983C
:1080A00000684FF60041CBF6FE710844B0FA80F04C
:1080B00040090290FFE70298C00738B1FFE70A982D
:1080C0000168486C40F400404864FFE70A98006883
:1080D0000021C4F2010188423CD0FFE70A98006801
:1080E000B0F1804F36D0FFE70A98006840F20041B7
:1080F000C4F2000188422DD0FFE70A98006840F6DC
:108100000001C4F20001884224D0FFE70A98006809
:1081100040F60041C4F2000188421BD0FFE70A98F4
:10812000006840F20041C4F20101884212D0FFE72A
:108130000A98006844F20001C4F20101884209D0A3
:10814000FFE70A98006841F60001C4F20001884286
:1081500012D1FFE70A980068806800F007000890D5
:108160000898062807D0FFE70A980168086840F0D9
:1081700001000860FFE706E00A980168086840F01F
:1081800001000860FFE700208DF82F00FFE79DF851
:108190002F000CB080BD000080B582B00190019826
:1081A0000068B0F1804F03D1FFE7FCF78FFEFFE7D7
:1081B00002B080BD81B0009001B0704780B582B040
:1081C0000190ADF802100198006844F60001C4F275
:1081D0000001884206D1FFE70198BDF8021009F0BE
:1081E000A9FC0FE00198006841F20041C4F20101CE
:1081F000884206D1FFE70198BDF8021009F0F2FCB1
:10820000FFE7FFE701990120086301980168C8684A
:1082100040F01000C86001980168486940F04000D3
:1082200048610198806B0168086840F001000860AF
:1082300002B080BD81B0009001B0704780B592B0AF
:108240001190119800680068109011980068C0683B
:108250000F901198006840690E9000200D900C90CE
:10826000109800F00F000D900D9888B9FFE79DF869
:108270004000800600280AD5FFE79DF83C008006F4
:10828000002804D5FFE7119805F06AFCE3E1FFE759
:108290000D98002800F0C280FFE79DF83800C00765
:1082A00038B9FFE7BDF83C0010F4907F00F0B680CD
:1082B000FFE79DF84000C00758B1FFE79DF83D007B
:1082C000C00730B1FFE71199086C40F00100086465
:1082D000FFE79DF84000400700280BD5FFE79DF819
:1082E0003800C00730B1FFE71199086C40F0020078
:1082F0000864FFE79DF84000800700280BD5FFE7E2
:108300009DF83800C00730B1FFE71199086C40F0C4
:1083100004000864FFE79DF840000007002811D51D
:10832000FFE79DF83C008006002805D4FFE79DF894
:108330003800C00730B1FFE71199086C40F0080021
:108340000864FFE71198006C002866D0FFE79DF8ED
:108350004000800600280AD5FFE79DF83C00800613
:10836000002804D5FFE7119805F0FAFBFFE7119804
:1083700000684069C0F380100C901198006C0007F1
:10838000002804D4FFE70C9800283ED0FFE711989E
:1083900005F088FB119800684069400600282FD539
:1083A000FFE7FFE7FFE71198006850E8050F20F0AE
:1083B00040000B90FFE70B991198026842E8051006
:1083C0000028F0D1FFE7FFE71198806B98B1FFE735
:1083D0001198816B4DF68520C0F600000865119854
:1083E000806BFCF7CBF828B1FFE71198806B016D2B
:1083F0008847FFE703E01198FFF71CFFFFE703E062
:108400001198FFF717FFFFE706E01198FFF712FF3B
:10841000119900200864FFE7FFE71CE11198006B49
:10842000012840F0F880FFE79DF84000C0060028D2
:1084300040F1F180FFE79DF83C00C006002840F1C4
:10844000EA80FFE7FFE700200A90119800680068C3
:108450000A901198006840680A900A98FFE71198FE
:1084600000684069400600287ED5FFE71198806BC0
:1084700000684068ADF82600BDF82600002872D0DC
:10848000FFE7BDF826001199898D88426BDAFFE776
:10849000BDF826001199C8851198806BC069B0F5A8
:1084A000807F58D0FFE7FFE7FFE71198006850E8AA
:1084B000030F20F480700890FFE708991198026874
:1084C00042E803100028F0D1FFE7FFE7FFE7FFE7EE
:1084D0001198006850E8050F20F001000790FFE7B1
:1084E00007991198026842E805100028F0D1FFE7CB
:1084F000FFE7FFE7FFE71198006850E8050F20F05D
:1085000040000690FFE706991198026842E80510BE
:108510000028F0D1FFE7FFE71199202081F83E0005
:10852000119900200863FFE7FFE71198006850E801
:10853000030F20F010000590FFE7059911980268DD
:1085400042E803100028F0D1FFE7FFE71198806BA5
:10855000FBF79EFFFFE71198818DC28D891A89B2C2
:10856000FFF72CFEFFE776E01199888DC98D401A40
:10857000ADF812001198C08D00284BD0FFE7BDF870
:108580001200002846D0FFE7FFE7FFE711980068D8
:1085900050E8030F20F490700390FFE703991198BF
:1085A000026842E803100028F0D1FFE7FFE7FFE789
:1085B000FFE71198006850E8050F20F001000290D5
:1085C000FFE702991198026842E805100028F0D1EF
:1085D000FFE7FFE71199202081F83E001199002064
:1085E0000863FFE7FFE71198006850E8030F20F0E9
:1085F00010000190FFE701991198026842E803100A
:108600000028F0D1FFE7FFE71198BDF81210FFF73F
:10861000D5FDFFE71FE09DF84000000600280AD5C1
:10862000FFE79DF83C000006002804D5FFE71198FD
:1086300005F0E6FB0FE09DF84000400600280AD553
:10864000FFE79DF83C004006002804D5FFE711989D
:1086500005F072FAFFE712B080BD000080B582B06D
:108660000090009820B9FFE701208DF807003EE058
:108670000098806908B1FFE700E0FFE7009890F8F4
:108680003D0040B9FFE70099002081F83C000098C8
:1086900000F032F8FFE70099242081F83D000098AF
:1086A0000168C86820F40050C860009805F00AFB13
:1086B00000980168086920F49040086100980168FA
:1086C000486920F02A00486100980168C86840F4B1
:1086D0000050C860009900200864009A202182F8A8
:1086E0003D10009A82F83E108DF80700FFE79DF8D4
:1086F000070002B080BD000080B59CB01B90002038
:108700001A9019901890179016901B98006841F2D3
:108710000001C4F20101884240F0BB80FFE7FFE79F
:108720000020159043F64400C4F20200016841F0B5
:1087300010010160006800F0100015901598FFE727
:10874000FFE70020149043F63000C4F202000168F5
:1087500041F002010160006800F0020014901498DA
:10876000FFE7FFE70020139043F63000C4F2020059
:10877000016841F001010160006800F00100139000
:108780001398FFE780201690022009901790002090
:108790000D90189003200A90199007200B901A90C2
:1087A00040F20040C4F2020016A90C91FCF794F9C3
:1087B000DDF824C00A9A0B980C990D9B4FF4007EAB
:1087C000CDF858E0CDF85CC0189319921A900020AB
:1087D000C4F20200FCF780F90D9942F60410C2F2CF
:1087E00000000E9046F24042C4F2020202604FF0D6
:1087F000006242608160C1604FF480620261416149
:108800008161C16101624162FCF76AF818B1FFE75A
:10881000F9F70AFFFFE7FFE71B9842F60411C2F2DF
:10882000000181631B988863FFE742F66410C2F27F
:108830000000089046F2B841C4F2020101604FF016
:1088400000614160402181600021C1604FF480627D
:10885000026141618161C16101624162FCF740F8DE
:1088600018B1FFE7F9F7E0FEFFE7FFE71B9842F6D4
:108870006411C2F2000141631B988863FFE7252061
:10888000079005210022FCF7F7FB0798FCF7EAFBAD
:1088900010E11B98006844F60001C4F20001884210
:1088A0006AD1FFE7FFE70020129043F64000C4F2D0
:1088B0000200016841F480210160006800F480201A
:1088C00012901298FFE7FFE70020119043F6300066
:1088D000C4F20200016841F004010160006800F088
:1088E000040011901198FFE74FF4406016900220A9
:1088F00017900020059018900320199007201A90D7
:1089000040F60000C4F2020016A9FCF7E5F805994C
:1089100042F6C410C2F20000069046F22802C4F2E9
:10892000020202604FF0006242608160C1604FF459
:1089300080620261416181614FF48072C2610162B3
:108940004162FBF7CDFF18B1FFE7F9F76DFEFFE7D6
:10895000FFE71B9842F6C411C2F2000181631B9825
:108960008863FFE72720049005210022FCF784FBA1
:108970000498FCF777FB9CE01B98006841F20041EB
:10898000C4F20101884240F09380FFE7FFE7002036
:10899000109043F64400C4F20200016841F0200147
:1089A0000160006800F0200010901098FFE7FFE7DA
:1089B00000200F9043F63000C4F20200016841F03D
:1089C00040010160006800F040000F900F98FFE741
:1089D0004FF48440169002201790002002901890C7
:1089E0000320199008201A9041F60000C4F20200FA
:1089F00016A9FCF771F8029942F62420C2F2000091
:108A0000039046F22842C4F2020202604FF0206254
:108A100042608160C1604FF48062026141618161A6
:108A2000C16101624162FBF75BFF18B1FFE7F9F733
:108A3000FBFDFFE7FFE71B9842F62421C2F200018D
:108A400081631B988863FFE742F68420C2F200002E
:108A5000019046F2A041C4F2020101604FF0206192
:108A60004160402181600021C1604FF48062026159
:108A700041618161C16101624162FBF731FF18B15F
:108A8000FFE7F9F7D1FDFFE7FFE71B9842F68421E6
:108A9000C2F2000141631B988863FFE74720009002
:108AA00005210022FCF7E8FA0098FCF7DBFAFFE763
:108AB000FFE7FFE71CB080BD81B0009001B07047B8
:108AC00080B58AB008900791ADF81A200593002070
:108AD0000290089890F83D00202840F09080FFE731
:108AE000079820B1FFE7BDF81A0020B9FFE7012081
:108AF0008DF8270087E0FFE7089890F83C000128F0
:108B000004D1FFE702208DF827007CE008990120BE
:108B100081F83C00FFE7FFE7089900200864089906
:108B2000212081F83D00FCF7CBF90290BDF81A0036
:108B300008998884BDF81A000899C8840898806844
:108B4000B0F5805F09D1FFE70898006928B9FFE711
:108B5000002004900798039004E0079804900020F8
:108B60000390FFE7FFE70899002081F83C00FFE74A
:108B7000FFE70898C08C58B3FFE70898029B059957
:108B80006A4611608021002205F084F920B1FFE7D8
:108B900003208DF8270036E0049858B9FFE70398C2
:108BA00000886FF35F2008990968486003980230D5
:108BB000039008E0049800780899096848600498D0
:108BC00001300490FFE70899C88C0138C884D0E7C9
:108BD0000898029B05996A4611604021002205F021
:108BE00059F920B1FFE703208DF827000BE0089921
:108BF000202081F83D0000208DF8270003E00220AE
:108C00008DF82700FFE79DF827000AB080BD00001F
:108C100081B0009001B0704780B584B0002003900F
:108C200002900190FCF74CF902902420C4F200005D
:108C3000006801900298019A4FF47A7100FB0120BC
:108C40000390039804B080BDFFE7FEE780B582B0D3
:108C5000ADF80600BDF8062043F24800C2F200005D
:108C6000002109F099F802B080BD000080B543F200
:108C70003420C2F2000044F6E811C0F601010222DD
:108C80000AF0BEFB80BD000080B582B040F2587093
:108C9000C2F20000009040F22C21C2F200010191CA
:108CA00001F040F800980199203001F03BF800985D
:108CB0000199403001F036F841F21000C2F2000094
:108CC00040F25C42C2F20002022102F05DFE40F678
:108CD000F450C2F2000040F23821C2F2000140F22A
:108CE000C822C2F20002B2EE040ADFED040A9FEDD0
:108CF000041A03F0E1F902B080BD00BF6F12833A9D
:108D00000024744980B588B0079000200690FFF7D2
:108D1000BBFFFFE709F0DCFD069040F2D050C2F245
:108D200000000290F8F77CFC029890ED010A40F2F6
:108D30005870C2F20000019001F008F80198029901
:108D400040F2B872C2F20002059282ED0D0A34328E
:108D5000039291ED030A403000F0F8FF0198029968
:108D6000059A82ED0F0A91ED020A203000F0EEFF25
:108D7000DDF808C0039A059981ED0E0ADCF81000B1
:108D8000DCF81430DCF818C0C1F830C0CB6241F810
:108D9000280F40F6F450C2F2000004909FED4D0AF7
:108DA00003F00AFA04990598D1F89821D1F89C317A
:108DB000D1F8A0C1C0F824C00362C26191ED680A75
:108DC0009FED451A20EE010A80ED000A91ED660A3A
:108DD00020EE010A80ED010A91ED670A20EE010AFA
:108DE00080ED030A90ED010A90ED101A30EE410A71
:108DF0009FED3A1AB4EE410AF1EE10FA0ADAFFE7F3
:108E000040F2B871C2F20001B1F844000130A1F89B
:108E100044001CE040F2B870C2F2000090ED010A7C
:108E200090ED101A30EE410A9FED2D1AB4EE410A72
:108E3000F1EE10FA0ADDFFE740F2B871C2F200016C
:108E4000B1F844000138A1F84400FFE7FFE740F221
:108E5000B870C2F2000000904168016490ED011A00
:108E6000B0F9441000EE101AB8EEC00A9FED1D2AAA
:108E700020EE020A30EE010A80ED020A90ED0A0AA5
:108E80009FED151A20EE010A80ED040A90ED0C0A00
:108E900020EE010A80ED050A90ED0B0A20EE010A92
:108EA00080ED060A06984CF6CD41CCF6CC414843FD
:108EB000B0F1333F09D8FFE740F2D050C2F20000D2
:108EC00090ED070AF8F726FDFFE706A8012109F053
:108ED000E1FC1FE76F12833AE12E6542000034C3C4
:108EE000000034430000B44380B584B0039040F6E2
:108EF0004E01C2F2000100200870488003980078FB
:108F0000A52840F09080FFE7039805210AF07AFE3B
:108F1000012840F08780FFE7039A40F64E01C2F235
:108F20000001087802445078927840EA0220093023
:108F3000488003980A78104449880AF025FE0128E1
:108F40006FD1FFE740F64E00C2F2000040882728AC
:108F50001ED1FFE700208DF80B00FFE79DF80B0006
:108F60001D2814DCFFE7039B40F64E01C2F200010E
:108F700008789DF80B2010441844C07911440871FA
:108F8000FFE79DF80B0001308DF80B00E6E7FFE7E7
:108F900040F64E00C2F200004088152840D1FFE79D
:108FA000039940F64E00C2F2000001900078084498
:108FB000073009F093F901460198A0F84010039991
:108FC00000780844093009F089F901460198A0F8B1
:108FD00042100399007808440B3009F07FF90146EC
:108FE0000198A0F84410039A01781144497B80F855
:108FF0004610039A01781144897B80F84710039941
:10900000007808440F3009F069F90199A1F8480087
:109010004FF47A70A1F84C00002081F84E00FFE771
:10902000FFE7FFE713E003980078A9280ED1FFE7D8
:1090300003984078532808D1FFE7039842F2A841EB
:10904000C2F2000108F0D6FEFFE7FFE7FFE704B039
:1090500080BD000081B000900098B0F84C0032282C
:109060000BD8FFE700990020C8648864486408644E
:109070000099012081F84E000DE00098B0F84C00F6
:10908000012807DBFFE70099B1F84C000138A1F88F
:109090004C00FFE7FFE701B07047000080B584B0E7
:1090A00003908DED020ACDED010A02980399486004
:1090B0000198039988600399002008610399087555
:1090C00000F002F804B080BD80B582B000208DF8B9
:1090D000070000908DF80700FFE79DF80700C728FC
:1090E00012DCFFE742F62400C2F200001121F9F77A
:1090F000D1FA0146009808440090FFE79DF8070068
:1091000001308DF80700E8E79DED000AB8EE401A3F
:109110009FED050A80EE010A40F24850C2F20000BD
:1091200080ED000A02B080BD0100704383B0029060
:1091300001918DF8032000208DF802008DF80200C7
:10914000FFE79DF802009DF80310884229DAFFE747
:109150000298000F092809D8FFE70298000F303065
:1091600001999DF8022001F8120009E002993720C8
:1091700000EB117001999DF8022001F81200FFE741
:1091800002980001029001989DF8021000EB410145
:1091900000204870FFE79DF8020001308DF80200C2
:1091A000CFE703B07047000080B584B003908DF81E
:1091B0000B108DF80A208DF80930039904200880DF
:1091C0000399082048809DF80B0020B1FFE79DF827
:1091D000090028B9FFE70399FE2081F8C400FFE7E2
:1091E0009DF80B00039908719DF80A0003994871D6
:1091F0009DF809000399887103990020086203997A
:1092000001F1180001F12003012201921146F7F744
:10921000E9F8039800889DF809104843F7F72AFDFC
:109220000399C8600399C86809889DF809205143CB
:10923000F7F746FE039800889DF80B104843F7F7B0
:1092400019FD0399C1F8C8000399D1F8C80009882D
:109250009DF80B205143F7F733FE019A039B03F16E
:109260002C001979D3F8C830F7F7BCF803980088B8
:109270009DF80B104843F7F7FDFC0399C1F8CC00AB
:109280000399D1F8CC0009889DF80B205143F7F7DA
:1092900017FE019A039B03F134001979D3F8CC30FF
:1092A000F7F7A0F8039800889DF809104843F7F7EE
:1092B000E1FC0399C1F8D4000399D1F8D4000988DE
:1092C0009DF809205143F7F7FBFD019A039B03F139
:1092D00044009979D3F8D430F7F784F803984079AB
:1092E000002850D0FFE7039800889DF80A104843F3
:1092F000F7F7C0FC039908610399086909889DF88C
:109300000A205143F7F7DCFD039800889DF80A1006
:109310004843F7F7AFFC0399C1F8D0000399D1F89F
:10932000D00009889DF80A205143F7F7C9FD039A38
:1093300002F13C005179D2F8D0300122F7F752F80F
:10934000039800889DF80B1048439DF80A10484385
:10935000F7F790FC0399C1F8D8000399D1F8D80029
:1093600009889DF80B2051439DF80A205143F7F7D7
:10937000A7FD039B03F14C0019795A79D3F8D83033
:10938000F7F730F8FFE7039800889DF80B10484383
:109390004843F7F76FFC0399C1F8DC000399D1F853
:1093A000DC0009889DF80B2051435143F7F788FDF5
:1093B000039901F154000A79D1F8DC301146F7F72E
:1093C00011F8039800889DF80B1048434843F7F7BD
:1093D00051FC0399C1F8E0000399D1F8E000098835
:1093E0009DF80B2051435143F7F76AFD039901F1B2
:1093F0005C000A79D1F8E0301146F6F7F3FF0398E4
:1094000000889DF8091048439DF80B104843F7F772
:1094100031FC0399C1F8E4000399D1F8E40009880C
:109420009DF8092051439DF80B205143F7F748FD63
:10943000039B03F164001A799979D3F8E430F6F7C5
:10944000D1FF039800889DF80B1048439DF8091040
:109450004843F7F70FFC0399C1F8E8000399D1F8E6
:10946000E80009889DF80B2051439DF809205143DD
:10947000F7F726FD039B03F16C0019799A79D3F86D
:10948000E830F6F7AFFF039800889DF80B104843CB
:109490004843F7F7EFFB0399C1F8EC000399D1F8C3
:1094A000EC0009889DF80B2051435143F7F708FD64
:1094B000039901F174000A79D1F8EC301146F6F7FE
:1094C00091FF039800889DF80B1048434843F7F735
:1094D000D1FB0399C1F8F0000399D1F8F000098895
:1094E0009DF80B2051435143F7F7EAFC039901F132
:1094F0007C000A79D1F8F0301146F6F773FF039833
:1095000000889DF80B1048434843F7F7B3FB0399D5
:10951000C1F8F4000399D1F8F40009889DF80B20F4
:1095200051435143F7F7CCFC039901F184000A79C8
:10953000D1F8F4301146F6F755FF039800889DF8EE
:10954000091048434843F7F795FB0399C1F8F80021
:109550000399D1F8F80009889DF809205143514337
:10956000F7F7AEFC039901F18C008A79D1F8F83055
:109570001146F6F737FF039800889DF80B10484313
:109580009DF809104843F7F775FB0399C1F8FC00F3
:109590000399D1F8FC0009889DF80B2051439DF8F0
:1095A00009205143F7F78CFC039B03F194001979D0
:1095B0009A79D3F8FC30F6F715FF039908880979F2
:1095C00048434843F7F756FB0399C1F80001039A53
:1095D000D2F800011188127951435143F7F770FC1A
:1095E000039901F19C000A79D1F800311146F6F790
:1095F000F9FE03990888097948434843F7F73AFB8D
:109600000399C1F80401039AD2F804011188127970
:1096100051435143F7F754FC039901F1A4000A792F
:10962000D1F804311146F6F7DDFE0399088809796F
:1096300048434843F7F71EFB0399C1F80801039A12
:10964000D2F808011188127951435143F7F738FCD9
:10965000039901F1AC000A79D1F808311146F6F707
:10966000C1FE0399088809794843F7F703FB03997A
:10967000C1F80C01039AD2F80C01118812795143F8
:10968000F7F71EFC039A02F1B4001179D2F80C31FD
:1096900001220092F6F7A6FE03990888097948434B
:1096A000F7F7E8FA0399C1F81001039AD2F810010C
:1096B000118812795143F7F703FC009A039B03F1D9
:1096C000BC001979D3F81031F6F78CFE03980088A6
:1096D0009DF80B104843F7F7CDFA0399C1F8340110
:1096E0000399D1F8340109889DF80B205143F7F70D
:1096F000E7FB04B080BD000080B582B00190019806
:1097000090F814018008C00708B1FFE771E00199E3
:1097100001F164006C31F7F723FA019981F8C40074
:109720000199B1F86400A1F8A4000199B1F87E0094
:10973000A1F8A600019A02F1640002F17C01A432B2
:10974000F7F7ECF8019981F8C4000199B1F8A40089
:10975000A1F8AC000199B1F86E00A1F8AE00019A31
:1097600002F1A40002F16C01AC32F7F7D7F80199CD
:1097700081F8C4000199B1F88C00A1F89C0001990E
:10978000B1F88E00A1F89E00019A02F1AC0002F13E
:109790008C019C32F6F7A2FD019981F8C400019971
:1097A00001F19C00AC31F6F721FE019981F8C4006B
:1097B0000199B1F87C00A1F8A4000199B1F86E00FC
:1097C000A1F8A600019A02F17C0002F16C01A4321A
:1097D000F7F7A4F8019981F8C400019A02F1A400F6
:1097E00002F1AC019432F7F799F8019981F8C400BD
:1097F000FFE702B080BD000080B582B00190019B00
:10980000D3F8D400D9681A889B795A43F7F71EFB1E
:10981000019AD068118892795143F7F751FB01986A
:10982000407901280ADBFFE7019BD3F8D0001969D2
:109830001A885B795A43F7F709FBFFE702B080BD4E
:1098400080B582B00190019890F814010009C0071A
:1098500008B1FFE735E00199B1F89400A1F8A40040
:109860000199B1F86600A1F8A600019A02F19400EE
:1098700002F16401A432F7F751F8019981F8C400AC
:109880000199B1F8A400A1F8AC000199B1F87E00EB
:10989000A1F8AE00019A02F1A40002F17C01AC3201
:1098A000F7F73CF8019981F8C400019A02F17C00B5
:1098B00002F1AC017432F7F7CFF8019981F8C400D6
:1098C000FFE702B080BD000080B582B00190019832
:1098D00090F814014008C00708B1FFE734E001998F
:1098E00001F154005C31F7F73BF9019981F8C400AC
:1098F000019A02F1540002F174017C32F7F70EF87C
:10990000019981F8C4000199B1F87C00A1F8A40084
:109910000199B1F85E00A1F8A600019A02F17C005D
:1099200002F15C01A432F6F7F9FF019981F8C40055
:10993000019A02F1A40002F184017C32F6F7CEFC18
:10994000019981F8C400FFE702B080BD80B582B004
:1099500001900198FFF750FF0198D0F8180128B145
:10996000FFE70198D0F818118847FFE7019800F049
:10997000AFF80198D0F81C0128B1FFE70198D0F8A2
:109980001C118847FFE70198FFF79EFF0198D0F868
:10999000200128B1FFE70198D0F820118847FFE7A0
:1099A0000198FFF7A9FE0198D0F8240128B1FFE73C
:1099B0000198D0F824118847FFE7019800F030F8AB
:1099C0000198D0F8280128B1FFE70198D0F82811B4
:1099D0008847FFE70198FFF733FF0198D0F82C0183
:1099E00028B1FFE70198D0F82C118847FFE70198CC
:1099F000D0F8300128B1FFE70198D0F8301188473E
:109A0000FFE7019BD3F83401D3F8C8101A881B79FB
:109A10005A43F7F71BFA0198D0F8340102B080BD21
:109A200080B582B00190019890F81401C008C00779
:109A300008B1FFE74AE00199B1F86400A1F8B40069
:109A4000019901200090A1F8B600019A02F164008A
:109A500002F13401B432F6F761FF01460098019A31
:109A600082F8C410019AB2F84410A2F8BC1001990F
:109A7000A1F8BE00019A02F1440002F1B401BC3227
:109A8000F6F7EAFF01460098019A82F8C410019A9D
:109A9000B2F89410A2F8B4100199A1F8B600019997
:109AA00001F1940001F1B402BC31F6F737FF0199DE
:109AB00081F8C400019901F12C0201F13400B431A4
:109AC000F6F70CFC019981F8C400FFE702B080BDF5
:109AD00080B582B00190019890F81401C00708B1D8
:109AE000FFE744E001984079012834DBFFE7019962
:109AF0000879A1F8B400019901200090A1F8B600FE
:109B0000019A02F12C0102F15400B432F6F706FF7B
:109B100001460098019A82F8C410019A1179A2F8BE
:109B2000B4100199A1F8B600019A02F14C0002F1BB
:109B30003C01BC32F6F7F2FE019981F8C400019AAB
:109B400002F1B40002F1BC013432F6F7C7FB01990F
:109B500081F8C4000BE0019A02F12C0102F15400DB
:109B60003432F6F7DBFE019981F8C400FFE702B05A
:109B700080BD000080B582B0019002F04DFF40F240
:109B80004C50C2F20000807D00F00100012817D087
:109B9000FFE740F24C50C2F200008189019A118027
:109BA000C189019A5180018A019A9180817C019A30
:109BB0009171C17C019AD171808A0199088175E007
:109BC00040F24C50C2F20000807DC00700286CD0EB
:109BD000FFE740F64E00C2F2000090F84E0000F0A1
:109BE000010001281DD0FFE740F64E00C2F2000040
:109BF000B0F84010019A1180B0F84210019A5180DB
:109C0000B0F84410019A918090F84610019A917131
:109C100090F84710019AD171B0F848000199088175
:109C200042E040F64E00C2F2000090F84E00C0073D
:109C3000C8B3FFE742F2A840C2F20000407F00F044
:109C40000100012817D0FFE742F2A840C2F200004D
:109C5000018A019A1180418A019A5180818A019A70
:109C60009180817D019A9171C17D019AD171408B62
:109C70000199088116E042F2A840C2F20000407F3C
:109C8000C00770B1FFE70199002008800199488062
:109C900001998880019988710199C8710199088199
:109CA000FFE7FFE7FFE7FFE7FFE7FFE702B080BD61
:109CB00082B001908DED000A00980199C860019969
:109CC000002048600199886002B0704782B001901E
:109CD0008DED000A00980199486001980078C0074E
:109CE00038B9FFE701994868886001990120087038
:109CF000FFE7019890ED013A90ED022A90ED030AFA
:109D0000B7EE001A31EE401A21EE031A20EE020AD5
:109D100030EE010A80ED020A019890ED020A02B0CD
:109D20007047000082B0019000910199009B186873
:109D30005A689B68CB618A6148610199002048603C
:109D400001990861C860886002B0704782B00190D4
:109D50008DED000A00980199486001980078C007CD
:109D600068B9FFE701994868886001994868C86048
:109D7000019948680861019901200870FFE701997D
:109D8000C868886001990869C860019890ED012A47
:109D900090ED024A90ED033A90ED050A90ED061A17
:109DA00021EE041A20EE030A30EE011A90ED070AA4
:109DB00020EE020A30EE010A80ED040A019890EDCF
:109DC000040A02B07047000080B543F23420C2F2AA
:109DD000000044F6F011C0F60101022209F010FB68
:109DE00080BD000080B5F7F7B3FEA820F7F746FE68
:109DF000F7F7EEFDF7F786FE00F02CFCF7F7FAFC1C
:109E000080BD000080B586B00022009205920492C9
:109E10000392029242F62400C2F20000019042F244
:109E20000001C4F2010101604FF4803141608260A1
:109E30000261027680F82020C2620121C0F6007122
:109E40008162C2600121C16180F830204161F9F76F
:109E5000F3F918B1FFE7F8F7E7FBFFE710200290EE
:109E6000012003900020049042F62400C2F200007A
:109E700002A9F9F7CDF818B1FFE7F8F7D5FBFFE72E
:109E800006B080BD80B586B0002200920592049293
:109E90000392029242F66C00C2F20000019042F27C
:109EA0000021C4F2010101604FF480314160826001
:109EB0000261027680F82020C2620121C0F60071A2
:109EC0008162C2600121C16180F830204161F9F7EF
:109ED000B3F918B1FFE7F8F7A7FBFFE708200290F6
:109EE000012003900020049042F66C00C2F20000B2
:109EF00002A9F9F78DF818B1FFE7F8F795FBFFE72E
:109F000006B080BD80B582B042F6B400C2F2000057
:109F1000019046F20041C4F200010160032141605A
:109F200000218160C1604FF4102202614FF40012E1
:109F300042610176012242768176C17601774177CE
:109F4000FAF75AF818B1FFE7F8F76EFBFFE702B02F
:109F500080BD000080B582B042F6DC00C2F2000095
:109F6000019046F60001C4F2000101600321416046
:109F700000218160C1604FF4102202614FF4001291
:109F800042610176012242768176C176017741777E
:109F9000FAF732F818B1FFE7F8F746FBFFE702B02F
:109FA00080BD000080B58AB0FFE70020099043F62D
:109FB0003000C4F20200016841F400110160006841
:109FC00000F4001009900998FFE7FFE700200890CF
:109FD00043F63000C4F20200016841F480010160E0
:109FE000006800F4800008900898FFE70C200190BA
:109FF0000521059100220692FBF73EF80198FBF738
:10A0000031F80599069A39200290FBF735F8029845
:10A01000FBF728F80599069A3A200390FBF72CF8ED
:10A020000398FBF71FF80599069A45200490FBF763
:10A0300023F80498FBF716F80599069A462007902E
:10A04000FBF71AF80798FBF70DF80AB080BD00007F
:10A05000B0B5ACB044F68C00C0F6010001684268AF
:10A060008368D0F80CC0D0F810E044692A94CDF889
:10A07000A4E0CDF8A0C027932692259180692B906B
:10A0800025A80021019108F035FC019941F2080250
:10A09000C2F20002106044F6A800C0F60100026897
:10A0A0004368D0F808C0D0F80CE0046945692395EE
:10A0B0002294CDF884E0CDF880C01F931E92806971
:10A0C00024901EA808F016FC019941F20C02C2F27D
:10A0D0000002106044F65400C0F6010002684368B4
:10A0E000D0F808C0D0F80CE0046945691C951B94B1
:10A0F000CDF868E0CDF864C01893179280691D9080
:10A1000017A808F0F7FB019941F20002C2F2000221
:10A11000106044F67000C0F6010002684368D0F891
:10A1200008C0D0F80CE00469456915951494CDF881
:10A130004CE0CDF848C0119310928069169010A899
:10A1400008F0D8FB019941F20402C2F2000210604B
:10A1500044F63800C0F6010002684368D0F808C031
:10A16000D0F80CE0046945690E950D94CDF830E007
:10A17000CDF82CC00A93099280690F9009A808F0C5
:10A18000B9FB019940F6FC72C2F20002106044F67D
:10A190001C00C0F6010002684368D0F808C0D0F87F
:10A1A0000CE00469456907950694CDF814E0CDF8F4
:10A1B00010C0039302928069089002A808F09AFBED
:10A1C00040F6BC71C2F2000108602CB0B0BD0000C6
:10A1D00080B594B0002013901290119010900F90C1
:10A1E000FFE700200E9043F63000C4F20200016841
:10A1F00041F002010160006800F002000E900E982C
:10A20000FFE7FFE700200D9043F63000C4F20200A4
:10A21000016841F040010160006800F040000D90CD
:10A220000D98FFE7FFE700200C9043F63000C4F2E2
:10A230000200016841F008010160006800F00800B8
:10A240000C900C98FFE7FFE700200B9043F63000DE
:10A25000C4F20200016841F004010160006800F0EE
:10A2600004000B900B98FFE7FFE700200A9043F6ED
:10A270003000C4F20200016841F001010160006891
:10A2800000F001000A900A98FFE7FFE7002009901C
:10A2900043F63000C4F20200016841F08001016021
:10A2A000006800F0800009900998FFE7FFE70020B0
:10A2B000089043F63000C4F20200016841F020012A
:10A2C0000160006800F0200008900898FFE7002077
:10A2D000C4F2020002901021019101220392FAF7C8
:10A2E000D7FD039A40F20040C4F2020005901146E7
:10A2F000FAF7CEFD019A029803990F9210911191ED
:10A300000221049112910FA90691FAF7E5FB039837
:10A31000069930220F924FF404121092119040F6D9
:10A320000000C4F20200FAF7D7FB039B049A0598D9
:10A3300006990F93109311931292FAF7CDFB172001
:10A34000079005210022FAF797FE0798FAF78AFE90
:10A3500014B080BD80B582B042F6F070C2F2000049
:10A36000019043F20001C4F2010101604FF48271D7
:10A37000416000218160C1600161012242614FF4AE
:10A38000007282611022C2610162416281620A210F
:10A39000C162FCF7D3FD18B1FFE7F8F745F9FFE715
:10A3A00002B080BD80B588B0002100910791069170
:10A3B0000591049103910291019143F24800C2F288
:10A3C000000044F20042C4F2010202604160816078
:10A3D00040F2CF72C26001618161FDF7F1F818B1FE
:10A3E000FFE7F8F721F9FFE743F24800C2F2000067
:10A3F000FDF796FD18B1FFE7F8F716F9FFE76020C3
:10A400000190002202920392059243F24800C2F2A8
:10A41000000001A9FDF7E2FC18B1FFE7F8F704F925
:10A42000FFE743F24800C2F20000FDF76FFC08B0FE
:10A4300080BD000080B58EB0002100910D910C917F
:10A440000B910A9109910891079106910591049148
:10A4500003910291019143F2D800C2F2000040F64C
:10A460000002C4F2000202604160816045F20722EE
:10A47000C26001618161FDF7A3F818B1FFE7F8F749
:10A48000D3F8FFE74FF480500A9043F2D800C2F2AD
:10A4900000000AA9FDF736FA18B1FFE7F8F7C4F88B
:10A4A000FFE743F2D800C2F20000FDF739FD18B112
:10A4B000FFE7F8F7B9F8FFE700200890099043F2AA
:10A4C000D800C2F2000008A9FCF7E8FF18B1FFE7C6
:10A4D000F8F7AAF8FFE760200190002002900390AF
:10A4E000059043F2D800C2F2000001A90822FDF74E
:10A4F00075FC18B1FFE7F8F797F8FFE743F2D800CB
:10A50000C2F20000FDF702FC0EB080BD80B588B03D
:10A510000021019107910691059104910391029107
:10A5200043F22010C2F2000040F60042C4F20002E2
:10A5300002605322426081604FF0FF32C2600161CD
:10A540008161FDF73DF818B1FFE7F8F76DF8FFE717
:10A550004FF48050049043F22010C2F2000004A98E
:10A56000FDF7D0F918B1FFE7F8F75EF8FFE7002034
:10A570000290039043F22010C2F2000002A9FCF7FF
:10A580008DFF18B1FFE7F8F74FF8FFE708B080BD7F
:10A5900080B582B043F26810C2F20000019041F22F
:10A5A0000001C4F2010101604FF4E131416000217A
:10A5B0008160C16001610C2242618161C161FEF76D
:10A5C0004DF818B1FFE7F8F72FF8FFE702B080BDAC
:10A5D00080B582B043F2AC10C2F20000019044F6A4
:10A5E0000001C4F20001016048F2A061C0F2010163
:10A5F000416000218160C16001610C224261816182
:10A60000C161FEF72BF818B1FFE7F8F70DF8FFE787
:10A6100002B080BD80B582B043F2F010C2F20000FB
:10A62000019041F20041C4F2010101604FF4612147
:10A63000416000218160C16001610C224261816141
:10A64000C161FEF70BF818B1FFE7F7F7EDFFFFE781
:10A6500002B080BD80B542F24850C2F2000040F224
:10A660006C01C2F20001002204F00EFE18B1FFE7F7
:10A67000F7F7DAFFFFE742F24850C2F2000040F27B
:10A680007841C2F2000105F0FFFA18B1FFE7F7F7D1
:10A69000CBFFFFE742F24850C2F2000040F21451F3
:10A6A000C2F2000104F02AF818B1FFE7F7F7BCFF87
:10A6B000FFE742F24850C2F2000005F06FFC18B10B
:10A6C000FFE7F7F7B1FFFFE780BD0000FFE7FEE718
:10A6D00080B58CB040F26C60C2F20000417F807F98
:10A6E000884247D0FFE740F26C60C2F20000407F32
:10A6F00002281FD0FFE740F28800C2F20000099054
:10A7000000F13C0140F21C00C2F2000000220A925B
:10A71000F7F782FE1E200B9008F0A8F809990A9A14
:10A7200040F24000C2F20000F7F776FE0B9808F006
:10A730009DF81EE040F28800C2F20000069000F191
:10A740003C0140F21C00C2F2000001220792F7F720
:10A7500063FE1E20089008F089F80699079A40F2D7
:10A760004000C2F20000F7F757FE089808F07EF8A4
:10A77000FFE7FFE740F26C60C2F2000090F82100B2
:10A78000002840F02882FFE740F26C61C2F200012D
:10A79000487F887740F24C50C2F20000807D00F084
:10A7A0000100012800F00C82FFE740F26C60C2F269
:10A7B000000090F82000002840F0D780FFE740F22A
:10A7C0004C50C2F20000B0F90800422807DBFFE756
:10A7D00040F6D071C2F200010120C87306E040F6D5
:10A7E000D071C2F200010020C873FFE740F24C5064
:10A7F000C2F20000C07A01460591012808D0FFE7A7
:10A800000598022871D0FFE70598032837D09FE00C
:10A8100040F24C50C2F20000807A014604910128B7
:10A8200008D0FFE7049802281CD0FFE7049803280B
:10A830000CD023E040F26C61C2F2000100200877E6
:10A8400048770120C87781F8200017E040F26C615A
:10A85000C2F20001012008774877C877002081F80C
:10A8600020000BE040F26C61C2F200010220087788
:10A8700048770020C87781F82000FFE774E040F2B5
:10A880004C50C2F20000807A01460391012808D0A2
:10A89000FFE7039802281BD0FFE7039803280CD09A
:10A8A00022E040F26C61C2F2000101200877002032
:10A8B0004877C87781F8200016E040F26C61C2F258
:10A8C0000001002008774877C87781F820000BE066
:10A8D00040F26C61C2F20001022008770020487744
:10A8E000C87781F82000FFE73EE040F24C50C2F20A
:10A8F0000000807A01460291012808D0FFE7029803
:10A90000022818D0FFE70298032808D01FE040F281
:10A910006C61C2F20001012081F8200017E040F2D2
:10A920006C61C2F200010220087748770020C877E6
:10A9300081F820000BE040F26C61C2F200010220BD
:10A94000087748770020C87781F82000FFE70BE000
:10A9500040F26C61C2F200010220087748770020C3
:10A96000C87781F82000FFE729E140F26C60C2F26D
:10A97000000090F82000012840F02081FFE740F21D
:10A980004C50C2F20000807A012808D1FFE740F263
:10A990004C50C2F20000C07A012808D0FFE740F214
:10A9A0006C61C2F20001002081F82000FFE740F650
:10A9B000D071C2F20001C87B00F00100087440F6BB
:10A9C0009E00C2F200008079012807D1FFE740F61F
:10A9D000D071C2F200010120C87306E040F6D071C8
:10A9E000C2F200010020C873FFE742F2C840C2F281
:10A9F000000090ED0D0AB5EE400AF1EE10FA08DD08
:10AA0000FFE742F2C841C2F20001012081F83A009A
:10AA100007E042F2C841C2F20001002081F83A008A
:10AA2000FFE740F26C61C2F200010120C87740F6F6
:10AA30009E00C2F20000C079012807D1FFE740F272
:10AA40006C61C2F200010120487706E040F26C61BF
:10AA5000C2F2000100204877FFE740F26C60C2F2CA
:10AA600000008078C00738B1FFE740F26C61C2F2A5
:10AA7000000100200877FFE740F69E00C2F20000C8
:10AA8000007A0009C00760B3FFE740F6AC00C2F2ED
:10AA900000000078C00720BBFFE740F26C60C2F204
:10AAA0000000007F38B9FFE740F26C61C2F200019C
:10AAB000012008770EE040F26C60C2F20000007FD7
:10AAC00038B1FFE740F26C61C2F200010020087764
:10AAD000FFE7FFE740F6AC01C2F200010120087079
:10AAE00010E040F69E00C2F20000007A0009C007A4
:10AAF00038B9FFE740F6AC01C2F20001002008704F
:10AB0000FFE7FFE740F69E00C2F20000017A012055
:10AB1000B0EBD11F1BD1FFE740F6A800C2F2000046
:10AB20000078C00798B9FFE740F2C860C2F20000A1
:10AB300090ED000A9FEDD11A30EE010A80ED000A77
:10AB400040F6A801C2F200010120087011E040F6B1
:10AB50009E00C2F20000017A0020B0EBD11F07D1A5
:10AB6000FFE740F6A801C2F2000100200870FFE7ED
:10AB7000FFE740F69E00C2F20000407A8009C0075D
:10AB8000A0B1FFE740F6B000C2F20000B0F900004B
:10AB9000B0F57A7F0ADCFFE740F6B001C2F20001AF
:10ABA000088801300880FAF789FA06E040F6B0011B
:10ABB000C2F2000100200880FFE7FFE7FFE709E09D
:10ABC00040F26C61C2F20001022008774877002051
:10ABD000C877FFE71AE340F26C60C2F2000090F819
:10ABE0002100012840F01183FFE740F28800C2F203
:10ABF000000090F8590088B9FFE740F28800C2F2DF
:10AC0000000000F13C0140F21C00C2F200000022F2
:10AC1000F7F702FC1E2007F029FEFFE740F288004C
:10AC2000C2F20000407F78B9FFE740F21C00C2F298
:10AC3000000040F28801C2F200010022F7F7ECFBAD
:10AC40001E2007F013FEFFE740F26C61C2F2000124
:10AC5000487F887742F2A840C2F20000007A0128BB
:10AC600008D1FFE740F26C61C2F20001002081F8D8
:10AC700020002AE042F2A840C2F20000007A022836
:10AC800008D1FFE740F26C61C2F20001012081F8B7
:10AC9000200019E040F26C61C2F200010220087746
:10ACA00048770020C87742F2A840C2F20000407AFC
:10ACB000012808D1FFE740F26C61C2F200010020D8
:10ACC00081F82100FFE7FFE7FFE740F26C60C2F286
:10ACD000000090F82000002840F04B81FFE740F68C
:10ACE000D071C2F20001C87B00F00100087442F28A
:10ACF000A840C2F20000808900B2009000280190B4
:10AD000002D500984042019001980A2807DBFFE72E
:10AD100040F6D071C2F200010120C87306E040F68F
:10AD2000D071C2F200010020C873FFE742F2A840D0
:10AD3000C2F20000C07A012836D1FFE740F6AB002E
:10AD4000C2F200000078C00770BBFFE740F26C6001
:10AD5000C2F20000407F88B9FFE740F26C61C2F2A6
:10AD600000010120487742F2C841C2F2000191F887
:10AD7000390000F0010081F838000EE040F26C600C
:10AD8000C2F20000407F38B1FFE740F26C61C2F2CE
:10AD9000000100204877FFE7FFE740F6AB01C2F271
:10ADA0000001012008700EE042F2A840C2F200004B
:10ADB000C07A38B9FFE740F6AB01C2F200010020CB
:10ADC0000870FFE7FFE742F2C840C2F2000090EDD2
:10ADD0000D0AB5EE400AF1EE10FA08DDFFE742F287
:10ADE000C841C2F20001012081F83A0007E042F2B6
:10ADF000C841C2F20001002081F83A00FFE742F2A8
:10AE0000A840C2F20000807A01280FD1FFE742F289
:10AE1000A840C2F20000407A012807D1FFE740F2C3
:10AE20006C61C2F200010020C877FFE742F2A8403F
:10AE3000C2F20000807A012831D1FFE740F6AA0073
:10AE4000C2F200000078C00748BBFFE740F26C6028
:10AE5000C2F20000C07F012807D1FFE740F26C6119
:10AE6000C2F200010220C87712E040F26C60C2F228
:10AE70000000C07F01280AD002E000BF0000344378
:10AE800040F26C61C2F200010120C877FFE7FFE7E2
:10AE900040F6AA01C2F20001012008700EE042F261
:10AEA000A840C2F20000807A38B9FFE740F6AA0154
:10AEB000C2F2000100200870FFE7FFE742F2A8405D
:10AEC000C2F20000407A01280FD1FFE742F2A84009
:10AED000C2F20000807B012807D1FFE740F26C61DD
:10AEE000C2F2000102200877FFE742F2A840C2F256
:10AEF0000000807B01282CD1FFE740F6AE00C2F2B3
:10AF000000000078C00720BBFFE740F26C60C2F28F
:10AF10000000007F38B9FFE740F26C61C2F2000127
:10AF2000012008770EE040F26C60C2F20000007F62
:10AF300038B1FFE740F26C61C2F2000100200877EF
:10AF4000FFE7FFE740F6AE01C2F200010120087002
:10AF50000EE042F2A840C2F20000807B38B9FFE761
:10AF600040F6AE01C2F2000100200870FFE7FFE7E3
:10AF70004AE140F26C60C2F2000090F82000012823
:10AF800040F03781FFE740F6D071C2F20001C87B84
:10AF900000F00100087440F69E00C2F200008079C3
:10AFA000012807D1FFE740F6D071C2F2000101206D
:10AFB000C87306E040F6D071C2F200010020C873E9
:10AFC000FFE742F2C840C2F2000090ED0D0AB5EE74
:10AFD000400AF1EE10FA08DDFFE742F2C841C2F282
:10AFE0000001012081F83A0007E042F2C841C2F2B4
:10AFF0000001002081F83A00FFE740F69E00C2F20F
:10B000000000C07901282AD1FFE740F26C61C2F24A
:10B0100000010120487742F2C840C2F2000090F8D7
:10B020003900C00740B9FFE742F2C841C2F200014F
:10B03000002081F8380011E042F2C840C2F200005E
:10B0400090F83900C00740B1FFE742F2C841C2F2B0
:10B050000001012081F83800FFE7FFE708E040F237
:10B060006C61C2F20001002048770120C877FFE739
:10B0700040F26C60C2F200008078C00738B1FFE790
:10B0800040F26C61C2F2000100200877FFE740F651
:10B090009E00C2F20000407A4009C00738B1FFE7C5
:10B0A00040F26C61C2F2000102200877FFE740F62F
:10B0B0009E00C2F20000007A0009C00760B3FFE7FB
:10B0C00040F6AD00C2F200000078C00720BBFFE7E9
:10B0D00040F26C60C2F20000007F38B9FFE740F236
:10B0E0006C61C2F20001012008770EE040F26C6052
:10B0F000C2F20000007F38B1FFE740F26C61C2F29B
:10B10000000100200877FFE7FFE740F6AD01C2F23B
:10B1100000010120087010E040F69E00C2F200001D
:10B12000007A0009C00738B9FFE740F6AD01C2F266
:10B13000000100200870FFE7FFE740F69E00C2F222
:10B140000000017A0120B0EBD11F1BD1FFE740F6D0
:10B15000A900C2F200000078C00798B9FFE740F2EA
:10B16000C860C2F2000090ED000A9FED291A30EE8F
:10B17000010A80ED000A40F6A901C2F20001012097
:10B18000087011E040F69E00C2F20000017A002033
:10B19000B0EBD11F07D1FFE740F6A901C2F20001D1
:10B1A00000200870FFE7FFE740F69E00C2F20000B3
:10B1B000407A8009C007A0B1FFE740F6B200C2F2B2
:10B1C0000000B0F90000B0F57A7F0ADCFFE740F636
:10B1D000B201C2F20001088801300880F9F76EFF61
:10B1E00006E040F6B201C2F2000100200880FFE74D
:10B1F00009E040F26C61C2F2000102200877487752
:10B200000020C877FFE7FFE7FFE7FFE70CB080BD4E
:10B210000000344380B5FBF71DFBFFE7FEE70000AD
:10B2200088B0079006910592079800F007000490F7
:10B230000498C0F10700052803D3FFE7042001901C
:10B2400004E00498C0F107000190FFE70198039023
:10B2500004980430062803D8FFE70020009003E09C
:10B26000049803380090FFE700980290069803992D
:10B27000012202FA01F101390840029B9840059928
:10B280009A40013A1140084308B0704780B542F631
:10B29000E420C2F20000FAF717FA80BD80B586B04C
:10B2A0000590049105980068039003980290039814
:10B2B000006C01900298049900EB4110D0F8080B43
:10B2C0000090019843F20B01C4F6547188420FD3E9
:10B2D000FFE79DF801000006002809D5FFE7029866
:10B2E000049900EB41114FF40040C1F8080BFFE74F
:10B2F0000598FBF743F8019843F20B01C4F654712B
:10B3000088420DD3FFE705980069012808D1FFE7BF
:10B310000599086801F2C442012105F07FFDFFE7AD
:10B32000002006B080BD000080B588B0079006916F
:10B33000079800680490049803900498006C0290A9
:10B340000398069900EB4110D0F8080B019007987C
:10B350000069012840F08180FFE79DF804000007A4
:10B36000002818D5FFE7029843F20B01C4F6547188
:10B3700088420FD3FFE79DF805000006002809D595
:10B38000FFE70398069900EB41114FF40040C1F824
:10B39000080BFFE760E09DF804008006002808D550
:10B3A000FFE70398069900EB41112020C1F8080B34
:10B3B00051E09DF8040010F0280F4AD1FFE70298F1
:10B3C00043F20B01C4F6547188420FD3FFE79DF896
:10B3D00005000006002809D5FFE70398069900EB51
:10B3E00041114FF40040C1F8080B31E0079806996D
:10B3F00001EBC10100EB810000F51F70059005987D
:10B40000C0690399069A01EB4211D1F8101B6FF342
:10B41000DF41401A05990862069898B9FFE7059838
:10B42000806940B9FFE70799086801F2C442012129
:10B4300005F0F4FC05E0059908690A6A1044086102
:10B44000FFE7FFE707989DF81810F9F7B7FEFFE749
:10B4500000E0FFE7FFE7FFE747E0029843F20A1149
:10B46000C4F65471884224D1FFE79DF80500000618
:10B47000002809D5FFE70398069900EB41114FF426
:10B480000040C1F8080B13E09DF804008006002876
:10B4900008D5FFE70398069900EB41112020C1F879
:10B4A000080BFFE707989DF81810F9F787FEFFE7EC
:10B4B0001AE0069890B9FFE70798069901EBC101D9
:10B4C00000EB8100D0F8940240B9FFE707990868C3
:10B4D00001F2C442002105F0A1FCFFE707989DF8A6
:10B4E0001810F9F76BFEFFE7FFE7002008B080BDFA
:10B4F00080B58CB00A9009910A9800680890089865
:10B5000007900A98099901EBC10100EB81003C30DA
:10B51000069006988169006A884204D9FFE70120F5
:10B520008DF82F0079E006998869096A401A05901C
:10B5300005980699C968884204D9FFE70698C0684B
:10B540000590FFE70598033080080490FFE707980F
:10B55000099900EB4110D0F8180981B2049A002033
:10B56000914202900FD3FFE706988269016A00209A
:10B570009142029007D2FFE706988069002818BF21
:10B5800001200290FFE70298C00770B3FFE7069919
:10B590008869096A401A059005980699C968884221
:10B5A00004D9FFE70698C0680590FFE705980330C7
:10B5B000800804900898069909699DF82420BDF830
:10B5C0001430DDF828C09CF810C0EE46CEF800C05C
:10B5D00006F05EFA059A0699086910440861059A12
:10B5E0000699086A10440862B1E706998869096AF1
:10B5F00088420ED8FFE7099800F00F01012088402B
:10B600000390039A0799D1F834089043C1F834089D
:10B61000FFE700208DF82F00FFE79DF82F000CB00A
:10B6200080BD000081B00090009900204861086151
:10B63000C86000994862009988620099C8620099C0
:10B6400008630099486301B07047000080B584B07A
:10B6500002908DED010ACDED000A029800F07CF910
:10B66000029890F8660030B1FFE70298C16E8847F3
:10B67000002003906CE101980299486000980299BB
:10B6800088600299086948610299C868086102984F
:10B6900090ED010A90ED021A30EE410A80ED030AA6
:10B6A000029890ED030A90ED161AB0EEC00AB4EEBF
:10B6B000410AF1EE10FAC0F24781FFE702980078E4
:10B6C000012840F0B580FFE7029890ED130AB5EE2F
:10B6D000400AF1EE10FA0AD0FFE7029890ED031A43
:10B6E00090ED090A30EE010A80ED090A03E00299A3
:10B6F00000204862FFE7FFE7029890ED090A90ED0D
:10B70000171AB4EE410AF1EE10FA04DDFFE70299D0
:10B71000C86D486215E0029890ED090A90ED171A7D
:10B72000B1EE411AB4EE410AF1EE10FA08DAFFE781
:10B73000029890ED170AB1EE400A80ED090AFFE782
:10B74000FFE7FFE7029890ED031A90ED120A20EE52
:10B75000010A80ED0A0A029890ED091A90ED130A89
:10B7600020EE010A80ED0B0A029890ED031A90ED8D
:10B77000042A90ED140A31EE421A20EE010A80EDFF
:10B780000C0A029890ED150AB5EE400AF1EE10FA97
:10B7900019DDFFE7029890ED150AB7EE001AB4EE36
:10B7A000410AF1EE10FA0EDAFFE70299486D48649B
:10B7B000029901F1380091ED0C0AFEF787FA029820
:10B7C00080ED0C0AFFE7029890ED0A0A90ED0B2A33
:10B7D00090ED0C1A30EE020A30EE010A80ED0D0AEF
:10B7E000FFE7029890ED0D0A90ED181AB4EE410AA9
:10B7F000F1EE10FA04DDFFE70299086E486315E0E8
:10B80000029890ED0D0A90ED181AB1EE411AB4EEBF
:10B81000410AF1EE10FA08DAFFE7029890ED180AF3
:10B82000B1EE400A80ED0D0AFFE7FFE7FFE78AE08F
:10B8300002980078022840F08580FFE7029890ED9A
:10B84000031A90ED042A90ED120A31EE421A20EE0E
:10B85000010A80ED0A0A029890ED031A90ED130A8E
:10B8600020EE010A80ED0B0A029890ED031A90ED8C
:10B87000043A90ED052A90ED140A33EE033A31EEC6
:10B88000431A31EE021A20EE010A80ED0C0A0298EA
:10B8900090ED150AB5EE400AF1EE10FA19DDFFE75A
:10B8A000029890ED150AB7EE001AB4EE410AF1EED7
:10B8B00010FA0EDAFFE70299486D4864029901F127
:10B8C000380091ED0C0AFEF701FA029880ED0C0A9F
:10B8D000FFE7029890ED0A1A90ED0B3A90ED0C2AD2
:10B8E00090ED0D0A31EE031A31EE021A30EE010A24
:10B8F00080ED0D0AFFE7029890ED0D0A90ED181A01
:10B90000B4EE410AF1EE10FA04DDFFE70299086E89
:10B91000486315E0029890ED0D0A90ED181AB1EE0B
:10B92000411AB4EE410AF1EE10FA08DAFFE7029884
:10B9300090ED180AB1EE400A80ED0D0AFFE7FFE72F
:10B94000FFE7FFE7FFE7FFE70298406B0390FFE7A1
:10B950009DED030A04B080BD80B582B001900198CE
:10B96000406B06F03BFC012807D0FFE70198406BD5
:10B9700006F026FC012805D1FFE70199022081F895
:10B980006600FFE702B080BD80B584B003908DF8FB
:10B990000B1001929DF80B000399087003994BF26C
:10B9A0002560C0F60000C86603994BF6CD10C0F6BE
:10B9B000000088660398C16E88470398826E0199DB
:10B9C0009047039981F8660004B080BD80B584B0CB
:10B9D000029001910298007818B1FFE7019820B910
:10B9E000FFE701208DF80F003EE001980068029902
:10B9F0008864019840680299C86401988068029937
:10BA000008650198C06802994865029890ED150A8A
:10BA1000B5EE400AF1EE10FA13DDFFE7029890ED63
:10BA2000150AB7EE001AB4EE410AF1EE10FA08DA80
:10BA3000FFE7029901F1380091ED150AFEF738F998
:10BA4000FFE70198006902998865019840690299A9
:10BA5000C865019880690299086602990020A1F8DA
:10BA600064008DF80F00FFE79DF80F0004B080BD63
:10BA7000EFF30980BFF36F8F154B1A681EF0100F9C
:10BA800008BF20ED108A20E9F04F10602DE9090071
:10BA90004FF0500080F31188BFF34F8FBFF36F8FCB
:10BAA00008F012F84FF0000080F31188BDE809009B
:10BAB00019680868B0E8F04F1EF0100F08BFB0EC2E
:10BAC000108A80F30988BFF36F8F704700BF00BFF3
:10BAD0004432002080B582B00190019AD2F80C0166
:10BAE000118812795143F5F7EBF90198D0F8CC00A1
:10BAF00090ED002A90ED013A90ED021A90ED030AC4
:10BB000023EE033A22EE022A32EE032A21EE011A34
:10BB100031EE021A20EE000A30EE010AF6F78CFD33
:10BB20000198D0F80C0180ED000A0199D1F8CC0001
:10BB3000D1F80C1191ED001A90ED000A20EE010AE7
:10BB400080ED000A0199D1F8CC00D1F80C1191EDEB
:10BB5000001A90ED010A20EE010A80ED010A019918
:10BB6000D1F8CC00D1F80C1191ED001A90ED020A39
:10BB700020EE010A80ED020A0199D1F8CC00D1F83B
:10BB80000C1191ED001A90ED030A20EE010A80EDF0
:10BB9000030A0199D1F8CC00D1F80C1191ED001AEB
:10BBA00090ED000A20EE010A80ED000A0199D1F81B
:10BBB000CC00D1F80C1191ED001A90ED010A20EEA5
:10BBC000010A80ED010A0199D1F8CC00D1F80C11DD
:10BBD00091ED001A90ED020A20EE010A80ED020AB2
:10BBE0000199D1F8CC00D1F80C1191ED001A90ED2B
:10BBF000030A20EE010A80ED030A0198D0F8CC1068
:10BC000091ED010AB6EE002A20EE020A90ED021A2A
:10BC100020EE010AD0F8DC0080ED040A0198D0F88B
:10BC2000CC1091ED020A20EE020A90ED021A20EEED
:10BC3000010AD0F8DC0080ED050A0198D0F8CC109C
:10BC400091ED000ABEEE001A20EE010A90ED023AD4
:10BC500020EE030AD0F8DC0080ED0A0A0198D0F843
:10BC6000CC1091ED030A20EE020A90ED023A20EE8C
:10BC7000030AD0F8DC0080ED0B0A0198D0F8CC1054
:10BC800091ED030A20EE010A90ED023A20EE030A3C
:10BC9000D0F8DC0080ED100A0198D0F8CC1091EDBE
:10BCA000000A20EE010A90ED023A20EE030AD0F8D5
:10BCB000DC0080ED110A0198D0F8CC1091ED020A59
:10BCC00020EE020A90ED022A20EE020AD0F8DC00F3
:10BCD00080ED160A0198D0F8CC1091ED010A20EE03
:10BCE000010A90ED021A20EE010AD0F8DC0080ED86
:10BCF000170AFFE70198D0F8EC0090ED1C0A9FEDC1
:10BD00002E1AB4EE410AF1EE10FA09DDFFE70198B0
:10BD1000D0F8EC1044F20000C4F21C60086716E092
:10BD20000198D0F8EC0090ED1C0A9FED241AB4EEB7
:10BD3000410AF1EE10FA09DAFFE70198D0F8EC10A9
:10BD400044F20000CCF21C600867FFE7FFE7FFE762
:10BD5000FFE70198D0F8EC0090ED230A9FED161A4A
:10BD6000B4EE410AF1EE10FA0ADDFFE70198D0F8CF
:10BD7000EC1044F20000C4F21C60C1F88C0017E023
:10BD80000198D0F8EC0090ED230A9FED0C1AB4EE68
:10BD9000410AF1EE10FA0ADAFFE70198D0F8EC1048
:10BDA00044F20000CCF21C60C1F88C00FFE7FFE712
:10BDB000FFE702B080BD00BF00401C4600401CC62B
:10BDC00080B584B002900299B1F8AC00A1F8A4004B
:10BDD000029901200190A1F8A600029901F1A402A4
:10BDE00001F1AC00BC31F4F799FD01460198029ACB
:10BDF00082F8C4100299A1F8B4000299B1F8AC001D
:10BE0000A1F8B600029901F1AC00B431F4F7A8FE34
:10BE1000029981F8C400029A02F1B40002F1A4016F
:10BE20001832F4F77BFD029981F8C400029890ED76
:10BE3000080A90ED091AB6EE002A21EE021AB4EEB5
:10BE4000410AF1EE10FA05DAFFE70299012081F8C4
:10BE50002900FFE7029890ED080A90ED091AB4EE68
:10BE6000410AF1EE10FA4BDDFFE7029890F8290045
:10BE7000C007002844D0FFE70298007DC00738B112
:10BE8000FFE7029991F82800013081F8280004E0CA
:10BE90000299002081F82800FFE7029890F8280016
:10BEA00033280CDBFFE70299002081F82900029972
:10BEB00091F8140100F0EF0081F814011FE0029BDB
:10BEC000D3F8C800D3F8CC101A881B795A43F4F77A
:10BED000BDFF029BD3F8EC00D3F8F0101A881B7951
:10BEE0005A435A43F4F7B2FF029991F8140140F013
:10BEF000100081F8140101208DF80F003EE039E0B8
:10BF0000029890ED080A90ED091A9FED1E2A21EE85
:10BF1000021AB4EE410AF1EE10FA18DDFFE70298BA
:10BF200090F82900C00790B1FFE7029890ED080A49
:10BF300090ED091A31EE400A9FED132A21EE021A04
:10BF400080EE010AD0F80C0180ED000A06E00298AC
:10BF5000D0F80C114FF07E500860FFE702990020E6
:10BF600081F82800029991F8140100F0EF0081F89F
:10BF70001401FFE700208DF80F00FFE79DF80F0088
:10BF800004B080BDCDCCCC3D6666663F80B582B046
:10BF90000190019BD3F8E40019881A799B795943E1
:10BFA0005143F4F78DFF0198D0F8CC10D0F8E4009D
:10BFB00091ED020AB8EE001A20EE010A80ED000AA7
:10BFC0000198D0F8CC10D0F8E40091ED030A30EEDF
:10BFD000000A80ED010A0198D0F8CC10D0F8E400F6
:10BFE00091ED000A20EE010A80ED020A0198D0F8D6
:10BFF000CC10D0F8E40091ED010A30EE000A80ED9B
:10C00000030A0198D0F8CC10D0F8E40091ED010AB1
:10C0100030EE000A80ED060A0198D0F8CC10D0F876
:10C02000E40091ED000A30EE000A80ED070A019865
:10C03000D0F8CC10D0F8E40091ED030A30EE000AFD
:10C0400080ED080A0198D0F8CC10D0F8E40091ED0A
:10C05000020A30EE000A80ED090A0198D0F8CC10EF
:10C06000D0F8E40091ED000A30EE000A80ED0C0AF1
:10C070000198D0F8CC10D0F8E40091ED010A20EE40
:10C08000010A80ED0D0A0198D0F8CC10D0F8E40038
:10C0900091ED020A20EE010A80ED0E0A0198D0F817
:10C0A000CC10D0F8E40091ED030A30EE000A80EDE8
:10C0B0000F0A02B080BD000080B588B007908DEDFA
:10C0C000060ACDED050A8DED041A03910292069839
:10C0D0000799086205980799486204980799886249
:10C0E00003980799C8620298079908630798343043
:10C0F0000621002201920323FDF756F801980799C3
:10C1000081F84800079981F85D00079A4CF677415D
:10C11000C3F22B219165079981F85C000799D1F84A
:10C12000FC204FF07E5111600799D1F8FC10486057
:10C130000799D1F8FC1088600799D1F8FC10C86005
:10C1400007994BF6D520C0F60000C1F850010799B9
:10C150004BF68D70C0F60000C1F8540107994CF2FF
:10C16000E950C0F60000C1F85801079991F848015C
:10C1700040F0040081F84801079991F8480140F027
:10C18000080081F84801079BD3F81001D96A9A8EFC
:10C1900093F838305A435A43F4F758FE079BD3F8C4
:10C1A0002001196B9A8E93F838305A435A43F4F7AA
:10C1B0004DFE08B080BD000080B586B005900491AA
:10C1C00003928DED020A02980599C863049890EDD8
:10C1D000000A059890ED051A30EE410A80ED5E0ADE
:10C1E000049890ED010A059890ED061A30EE410A88
:10C1F00080ED5F0A049890ED020A059890ED071A09
:10C2000030EE410A80ED600A059890ED5E1A90EDDF
:10C210005F2A90ED600A22EE022A21EE011A31EE29
:10C22000021A20EE000A30EE010AF6F705FA059828
:10C2300080ED620A059890ED0F1A90ED5E0AB6EE59
:10C24000002A20EE020A20EE010A80ED630A05981A
:10C2500090ED0F1A90ED5F0A20EE020A20EE010A1F
:10C2600080ED640A059890ED0F1A90ED600A20EEBB
:10C27000020A20EE010A80ED650A059BD3F8100141
:10C28000D96A9A8E93F838305A435A43F4F7DEFD50
:10C29000059890ED630AB1EE400AD0F8100180EDE8
:10C2A000010A059890ED640AB1EE400AD0F8100139
:10C2B00080ED020A059890ED650AB1EE400AD0F8CB
:10C2C000100180ED030A0598D0F81011D0F88C0108
:10C2D00088610598D0F81011D0F89401086205988B
:10C2E00090ED640AB1EE400AD0F8100180ED090A21
:10C2F0000598D0F81011D0F890010863059890EDDA
:10C30000650AB1EE400AD0F8100180ED0D0A0598DB
:10C31000D0F81011D0F88C01C8630598D0F810112E
:10C32000D0F8940188640598D0F81011D0F89001E5
:10C33000C864059890ED630AB1EE400AD0F8100188
:10C3400080ED140A0599039B18685A689B68C1F828
:10C350007431C1F87021C1F86C01059890ED5B1A39
:10C3600090ED5C2A90ED5D0A22EE022A21EE011A80
:10C3700031EE021A20EE000A30EE010AF6F75CF9FF
:10C38000059880ED610A059890ED5B0A90ED611AC1
:10C3900020EE010A006C80ED000A059890ED5C0A21
:10C3A00090ED611A20EE010A006C80ED010A0598FB
:10C3B00090ED5D0A90ED611A20EE010A006C80EDAF
:10C3C000020A059890ED621AB7EE000A80EE010AA3
:10C3D0009FED821AB4EE410AF1EE10FA23DAFFE77C
:10C3E000059890ED611AB7EE000A80EE010A9FED04
:10C3F0007C1AB4EE410AF1EE10FA14DDFFE705985D
:10C4000090ED611AB7EE000A80EE010A9FED751AF1
:10C41000B4EE410AF1EE10FA05DAFFE705990120C2
:10C4200081F8480004E00599002081F84800FFE702
:10C43000059890ED080A90ED0F1A20EE010AD0F849
:10C44000280180ED000A059890ED080A90ED0F1A7A
:10C4500020EE010AD0F8280180ED070A059890ED3A
:10C46000080A90ED0F1A20EE010AD0F8280180ED9D
:10C470000E0A059890ED080A90ED0F1A20EE010AB9
:10C48000D0F8280180ED150A059890ED090A90ED85
:10C490000F1A20EE010AD0F8280180ED1C0A059839
:10C4A00090ED090A90ED0F1A20EE010AD0F828014C
:10C4B00080ED230A0599886AD1F82C110860059946
:10C4C000886AD1F82C1108610599886AD1F82C1175
:10C4D000086205983430FDF739FA0599D1F86801FA
:10C4E000006848600599D1F868014068886005993E
:10C4F000D1F868018068C8600599D1F86801C06802
:10C5000008610599D1F86801006948610599D1F879
:10C5100068014069886105990020C861059890ED1F
:10C52000010A90ED023A90ED031A90ED042A23EEF1
:10C53000013A20EE020A30EE030A30EE000A22EE43
:10C54000022A21EE011A31EE021A31EE012AB7EE6B
:10C55000001A8DED011A71EE420A07F0C9FF059825
:10C5600080ED660A059890ED010A90ED021A90EDB3
:10C57000033A90ED042A20EE030A21EE021A31EE6E
:10C58000011A30EE000A30EE410A07F01BFF9DED64
:10C59000011A059880ED670A059890ED010A90ED63
:10C5A000022A90ED033A90ED044A23EE044A20EE6D
:10C5B000020A30EE040A30EE000A23EE033A22EEBD
:10C5C000022A32EE032A32EE022A71EE420A07F004
:10C5D0008FFF059880ED680A06B080BD9A99993E54
:10C5E000EE7C1341EE7C234180B586B00590059921
:10C5F00001F164006C31F4F7B3FA059981F8C400D5
:10C600000599B1F86400A1F8A4000599B1F87E007D
:10C61000A1F8A600059A02F1640002F17C01A4329F
:10C62000F4F77CF9059981F8C4000599B1F8A400E4
:10C63000A1F8AC000599B1F86E00A1F8AE00059A1A
:10C6400002F1A40002F16C01AC32F4F767F905992C
:10C6500081F8C4000599B1F88C00A1F89C000599F7
:10C66000B1F88E00A1F89E00059A02F1AC0002F12B
:10C670008C019C32F3F732FE059981F8C4000599CC
:10C6800001F19C00AC31F3F7B1FE059981F8C400CB
:10C690000599B1F86400A1F8B40005990120A1F84A
:10C6A000B6000598D0F8CC10D0F80C0191ED001A26
:10C6B00091ED010A91ED023A91ED032A21EE031A60
:10C6C00020EE020A30EE410A30EE000A80ED000A48
:10C6D0000598D0F8CC10D0F80C0191ED000A91ED3E
:10C6E000012A91ED021A91ED033A21EE031A20EE90
:10C6F000020A30EE010A30EE000A80ED010A0598C8
:10C70000D0F8CC10D0F80C0191ED001A91ED013A5F
:10C7100091ED022A91ED030A23EE033A21EE011A6C
:10C7200031EE431A22EE022A31EE421A20EE000ABE
:10C7300030EE010A80ED020A00208DF80700FFE7C5
:10C740009DF8070002281BDCFFE70598D0F80C01D4
:10C750009DF8071000EB810090ED000AB0EEC00AD2
:10C7600007F0A4FD9DF8071002A800EB810080ED02
:10C77000000AFFE79DF8070001308DF80700DFE7AA
:10C780000599B1F84400A1F8BC0005990120A1F871
:10C79000BE00059A02F1440002F1B401BC32F4F784
:10C7A0005BF9059981F8C4000598FFF709FB08B10A
:10C7B000FFE728E10599B1F87C00A1F8A4000599EC
:10C7C000B1F86E00A1F8A600059A02F17C0002F112
:10C7D0006C01A432F4F7A2F8059981F8C400059A17
:10C7E00002F1A40002F1AC019432F4F797F8059934
:10C7F00081F8C40000208DF80600FFE79DF80600D0
:10C80000059AB2F89610B2F894205143884218DA8B
:10C81000FFE70599D1F8FC00D1F80C1191ED001A51
:10C820009DF8061000EB810090ED000A20EE010A51
:10C8300080ED000AFFE79DF8060001308DF8060044
:10C84000DCE704208DF80500FFE79DF805000528CA
:10C8500032DCFFE700208DF80400FFE79DF80400BC
:10C86000022822DCFFE79DF8051002A800EB8100FA
:10C8700010ED040A9FED671A80EE011A0598D0F8B2
:10C88000FC0001EB41019DF80420114400EB810004
:10C8900090ED000A20EE010A80ED000AFFE79DF806
:10C8A000040001308DF80400D8E7FFE79DF805008B
:10C8B00001308DF80500C8E70599B1F89400A1F89A
:10C8C000B40005990120A1F8B600059901F1940082
:10C8D00001F1B402BC31F4F721F8059981F8C400E4
:10C8E000059890F82900C00700287BD0FFE7FFE7F4
:10C8F0000598D0F80C1191ED040A90ED021A9FED05
:10C90000432A21EE021AB4EE410AF1EE10FA0CDDD0
:10C91000FFE7059890ED020A9FED3C1A20EE010A10
:10C92000D0F80C0180ED040A1DE00598D0F80C1138
:10C9300091ED040A90ED021A9FED352A21EE021ABC
:10C94000B4EE410AF1EE10FA0CDAFFE7059890ED2B
:10C95000020A9FED2F1A20EE010AD0F80C0180ED9B
:10C96000040AFFE7FFE7FFE7FFE70598D0F80C119F
:10C9700091ED050A90ED021A9FED242A21EE021A8C
:10C98000B4EE410AF1EE10FA0CDDFFE7059890EDE8
:10C99000020A9FED1E1A20EE010AD0F80C0180ED6C
:10C9A000050A1DE00598D0F80C1191ED050A90EDEF
:10C9B000021A9FED172A21EE021AB4EE410AF1EE97
:10C9C00010FA0CDAFFE7059890ED020A9FED101AB5
:10C9D00020EE010AD0F80C0180ED050AFFE7FFE721
:10C9E000FFE7FFE70598D0F80C110020C860059913
:10C9F00001F12C0201F13400B431F3F76FFC059919
:10CA000081F8C400FFE706B080BD00BF0AD7233C11
:10CA10000AD723BCDA0FC93F80B540F24C50C2F2AE
:10CA2000000000F00DF840F64E00C2F20000FCF7E6
:10CA300011FB42F2A840C2F2000005F089FA80BD65
:10CA400081B000900098C07D32280CD8FFE7009993
:10CA5000002048610861C8608860486008600099EB
:10CA6000012088750AE00098C07D012805DBFFE7FA
:10CA70000099C87D0138C875FFE7FFE701B070472E
:10CA800082B001900091019818B1FFE7009808B9B1
:10CA9000FFE78BE0019800780199497840EA01208E
:10CAA0006FF3DF200099088001984078C008019951
:10CAB000897840EA41106FF3DF200099488001989F
:10CAC000807880090199C97840EA81000199097943
:10CAD00040EA81206FF3DF20009988800198007977
:10CAE00040080199497940EAC1106FF3DF200099AD
:10CAF000C8800198007C0199497C40EA01206FF3CD
:10CB0000DF200099088101984079C0F30110009955
:10CB100088720198407980090099C87201988079DB
:10CB20000199C97940EA0120009988810198007A29
:10CB30000199497A40EA01200099C8810198807AD8
:10CB40000199C97A40EA0120009908820198007B86
:10CB5000009988740198407B0099C8740198807B83
:10CB60000199C97B40EA01200099888200990888D0
:10CB7000A0F58060088000994888A0F58060488012
:10CB800000998888A0F5806088800099C888A0F501
:10CB90008060C88000990889A0F5806008810099AC
:10CBA000FA20C875009900208875FFE702B0704729
:10CBB00080B586B004900391029240F25840C2F2D0
:10CBC000000000684AF6AB21CAF6AA21A0FB0110BA
:10CBD00000094FF2A171C1F2C601A0FB0110000CC7
:10CBE0004FF47A714843019004984068B0F5827F11
:10CBF00015D1FFE70498039B02996A4611608021D2
:10CC0000002200F027F848B1FFE70499486D40F092
:10CC10002000486503208DF8170017E012E0FFE7B9
:10CC2000019808B9FFE70CE0019801380190FFE78F
:10CC3000049800688068C1B20020B0EBD11FEFD12A
:10CC4000FFE7FFE700208DF81700FFE79DF81700CA
:10CC500006B080BD80B58AB0DDF830C0089007917D
:10CC60008DF81B20059305980190F8F729F90246E5
:10CC700001980C99891A08440390F8F721F9029059
:10CC8000039840F25841C2F200010968C1F3CB3168
:10CC900048430490FFE708980068806807990840B7
:10CCA000401AB0FA80F040099DF81B1088425ED00F
:10CCB000FFE705980130002858D0FFE7F8F700F9A2
:10CCC0000299401A0399884204D2FFE7039800288A
:10CCD00042D1FFE708980168486820F0E00048600A
:10CCE00008984068B0F5827F13D1FFE70898806804
:10CCF000B0F5004F06D0FFE708988068B0F5806F68
:10CD000007D1FFE708980168086820F04000086034
:10CD1000FFE70898806AB0F5005F0FD1FFE7FFE7F3
:10CD200008980168086820F40050086008980168B5
:10CD3000086840F400500860FFE7FFE70899012009
:10CD400081F85100FFE70899002081F85000FFE7C3
:10CD500003208DF827000EE0049818B9FFE70020A3
:10CD60000390FFE7049801380490FFE793E7002061
:10CD70008DF82700FFE79DF827000AB080BD00006E
:10CD8000074B19680868B0E8F04F80F30988BFF3D3
:10CD90006F8F4FF0000080F31188704700BF00BF15
:10CDA0004432002084B003900398009000980078EB
:10CDB000ADF8080000980130009000980078ADF8B8
:10CDC0000600BDF80610BDF8080040EA0120ADF8E5
:10CDD0000A00BDF80A0004B07047000080B540F2B8
:10CDE0006C60C2F2000090ED0E0A40F6D070C2F204
:10CDF000000090ED081AB4EE410AF1EE10FA25D0C9
:10CE0000FFE740F26C60C2F2000090ED0E0ADFED29
:10CE1000150A9FED151AF2EE021AB3EE072A00F07A
:10CE2000B5F9B0EE401A40F6D070C2F2000090EDB5
:10CE3000070A30EE010A80ED070A90ED000A90ED36
:10CE4000071A30EE010A80ED000AFFE740F26C603D
:10CE5000C2F20000806B40F6D071C2F2000108629D
:10CE600080BD00BF0000B4410000BC4180B584B06B
:10CE700040F6D071C2F2000103910020C4F290107C
:10CE800048604BF20000C4F2CC50086040F63440D9
:10CE9000C2F2000040F2E832C2F200020192022126
:10CEA0000091FEF771FD0099019800F11C0240F617
:10CEB000A440C2F20000FEF767FD019800F13802BD
:10CEC00040F6C430C2F2000001210291FEF75CFD81
:10CED0000198029900F1540240F65430C2F2000069
:10CEE000FEF752FD02980399C873C87B00F0010059
:10CEF000087404B080BD000080B584B040F6D071E5
:10CF0000C2F2000100208881C87340F26C61C2F255
:10CF1000000181F8280040F25830C2F20000C08AB7
:10CF200000B202900028039002D50298404203907C
:10CF30000398B0F57A7F1CDDFFE740F25830C2F26B
:10CF40000000B0F9160000EE100AF8EEC00A40F634
:10CF50003440C2F200009FED260AFEF777FBBDEEDB
:10CF6000C00A10EE100A40F6D071C2F2000108812A
:10CF700006E040F6D071C2F2000100200881FFE710
:10CF800040F25830C2F20000B0F8460000B2009003
:10CF90000028019002D50098404201900198B0F518
:10CFA0007A7F1CDDFFE740F25830C2F20000B0F992
:10CFB000460000EE100AF8EEC00A40F6A440C2F2A5
:10CFC00000009FED0B0AFEF741FBBDEEC00A10EE1C
:10CFD000100A40F6D071C2F20001488106E040F626
:10CFE000D071C2F2000100204881FFE704B080BD8B
:10CFF0000000000080B582B0FFE740F6D070C2F2BA
:10D00000000090ED000A9FED311AB4EE410AF1EEF6
:10D0100010FA0ADDFFE740F6D071C2F2000146F2D5
:10D020000000C4F2D150086018E040F6D070C2F29F
:10D03000000090ED000A9FED261AB4EE410AF1EED1
:10D0400010FA0ADAFFE740F6D071C2F200014BF2A3
:10D050000000C4F2CC500860FFE7FFE7FFE740F6AE
:10D06000D070C2F20000019090ED000A40F25830FA
:10D07000C2F200000090B0F9160001EE100AF8EEBE
:10D08000C10A40F63440C2F20000FEF7DFFA009811
:10D090000199BDEEC00A10EE102A0A8191ED000A36
:10D0A000B1EE400AB0F9460001EE100AF8EEC10AEE
:10D0B00040F6A440C2F20000FEF7C8FA0199BDEEA6
:10D0C000C00A10EE100A488102B080BD0060D14550
:10D0D00000B0CC4580B582B00190FFF7C7FEFFE7F6
:10D0E00005F0F6FB40F6F471C2F20001086040F270
:10D0F0006C60C2F20000C07F88B3FFE740F6F470B6
:10D10000C2F20000006845F62941CCF28F21484365
:10D110004FEAB00045F62841C0F28F21884203D87B
:10D12000FFE7FFF75BFEFFE7FFF764FF40F25831D0
:10D13000C2F20001B1F9120000EE100AB8EEC00A06
:10D1400040F6C070C2F2000080ED000AB1F9421052
:10D1500000EE101AB8EEC00A80ED010A0AE040F2B3
:10D160006C60C2F20000C07F18B9FFE7FFF7C4FE91
:10D17000FFE7FFE740F6C070C2F20000042104F0B0
:10D18000D3FF012005F072FBAAE7000086B08DED09
:10D19000050ACDED040A8DED031ACDED021A8DEDD1
:10D1A000012A002000909DED050A9DED041AB4EEC1
:10D1B000410AF1EE10FA12DAFFE79DED050AB2EE30
:10D1C000001AB4EE410AF1EE10FA08DDFFE740F66E
:10D1D000F871C2F200010878013008701BE09DED83
:10D1E000050A9DED041AB4EE410AF1EE10FA11DBC6
:10D1F000FFE79DED050A9DED031AB4EE410AF1EE3D
:10D2000010FA07DCFFE740F6F871C2F200010020D7
:10D210000870FFE7FFE740F6F870C2F20000007800
:10D2200001280FD1FFE740F6F871C2F2000100209B
:10D2300008709DED021A9DED000A30EE010A8DED99
:10D24000000AFFE79DED050A9DED031AB4EE410AC1
:10D25000F1EE10FA09DDFFE79DED011A9DED000AE0
:10D2600030EE410A8DED000AFFE79DED000A06B0A1
:10D270007047000080B582B04FF0500080F31188F5
:10D28000BFF36F8FBFF34F8F009006F063FE40B186
:10D29000FFE74EF60451CEF200014FF080500860D7
:10D2A000FFE700200190019880F3118802B080BD53
:10D2B00080B594B008A83021F3F702FE0020079053
:10D2C0000690059004900390FFE70020029043F63B
:10D2D0004000C4F20200016841F080510160006822
:10D2E00000F0805002900298FFE7FFE700200190D5
:10D2F00047F20000C4F20000016841F4804101607F
:10D30000006800F4804001900198FFE70120089038
:10D310004FF48030099002200E904FF480010F915D
:10D3200006211091A821119112900720139008A8AE
:10D33000F9F7A4FA18B1FFE7F5F776F9FFE70F2040
:10D34000039002200490002005904FF4A050069016
:10D350004FF48050079003A80521F9F77BF818B126
:10D36000FFE7F5F761F9FFE7F9F7A6F914B080BD1B
:10D370004EF68851CEF20001086840F47000086053
:10D380007047000080B584B042F22450C2F2000021
:10D39000F5F748FA0146029140B1FFE702980128EB
:10D3A00005D0FFE70298022804D006E005E0FCF76C
:10D3B0000BFDFFE7FCF708FDFFE700200390FFE708
:10D3C0000398012823DCFFE7039800EB400140F2BB
:10D3D0005830C2F2000000EB0110F5F7ABF901463E
:10D3E000019140B1FFE70198012805D0FFE70198BE
:10D3F000022804D006E005E0F4F71AFC02E0FBF78F
:10D4000035FCFFE7FFE7039801300390D8E704B04D
:10D4100080BD000080B543F29000C2F20000FAF730
:10D4200037FB80BD80B543F22010C2F20000FAF74E
:10D430002FFB80BD83B0029001910298006800909C
:10D4400002980021C4F20101884225D0FFE702982A
:10D45000B0F1804F20D0FFE7029840F20041C4F2C3
:10D460000001884218D0FFE7029840F60001C4F29C
:10D470000001884210D0FFE7029840F60041C4F254
:10D480000001884208D0FFE7029840F20041C4F250
:10D49000010188420AD1FFE7009820F07000009057
:10D4A00001984168009808430090FFE70298002126
:10D4B000C4F20101884255D0FFE70298B0F1804FD5
:10D4C00050D0FFE7029840F20041C4F200018842C8
:10D4D00048D0FFE7029840F60001C4F200018842FC
:10D4E00040D0FFE7029840F60041C4F200018842B4
:10D4F00038D0FFE7029840F20041C4F201018842AF
:10D5000030D0FFE7029844F20001C4F201018842E2
:10D5100028D0FFE7029844F20041C4F2010188429A
:10D5200020D0FFE7029844F60001C4F201018842CE
:10D5300018D0FFE7029841F60001C4F200018842CA
:10D5400010D0FFE7029841F60041C4F20001884282
:10D5500008D0FFE7029842F20001C4F200018842BD
:10D560000AD1FFE7009820F4407000900198C1684C
:10D57000009808430090FFE7009820F08000019990
:10D5800049690843009000980299086001988068F2
:10D590000299C86201980068029988620298002185
:10D5A000C4F20101884208D0FFE7029840F200412E
:10D5B000C4F20101884205D1FFE701980069029990
:10D5C0000863FFE702990120486103B0704700003B
:10D5D00084B0039002910192029800F01F01012093
:10D5E00088400090009A0399086A90430862019865
:10D5F000029901F01F0100FA01F20399086A104331
:10D60000086204B07047000085B004900391029254
:10D610000193049880680090009820F47F40009067
:10D6200003980299019A41EA0221014300980843B4
:10D63000009000980499886005B0704783B002900C
:10D640000191029880680090009820F0700000908E
:10D6500001980099084340F0070000900098029953
:10D66000886003B07047000085B00490039104996E
:10D67000086A20F0010008620498006A019004988A
:10D6800040680090049880690290029820F0700031
:10D690000290029820F0030002900398016802981B
:10D6A00008430290019820F00200019003988168DD
:10D6B00001980843019004980021C4F201018842B6
:10D6C00008D0FFE7049840F20041C4F2010188420B
:10D6D0000ED1FFE7019820F0080001900398C1687F
:10D6E000019808430190019820F004000190FFE7A1
:10D6F00004980021C4F20101884208D0FFE7049891
:10D7000040F20041C4F20101884213D1FFE70098C2
:10D7100020F480700090009820F40070009003982E
:10D720004169009808430090039881690098084374
:10D730000090FFE700980499486002980499886176
:10D74000039840680499486301980499086205B0F9
:10D750007047000085B0049003910499086A20F096
:10D76000100008620498006A0190049840680090D4
:10D77000049880690290029820F4E0400290029898
:10D7800020F44070029003980168029840EA01205A
:10D790000290019820F02000019003988168019880
:10D7A00040EA0110019004980021C4F2010188426E
:10D7B00008D0FFE7049840F20041C4F2010188421A
:10D7C0000FD1FFE7019820F0800001900398C16815
:10D7D000019840EA01100190019820F0400001906A
:10D7E000FFE704980021C4F20101884208D0FFE756
:10D7F000049840F20041C4F20101884215D1FFE7CC
:10D80000009820F480600090009820F40060009060
:10D8100003984169009840EA81000090039881696B
:10D82000009840EA81000090FFE700980499486062
:10D830000298049988610398406804998863019864
:10D840000499086205B0704785B00490039104996B
:10D85000086A20F4807008620498006A01900498B5
:10D86000406800900498C0690290029820F070000F
:10D870000290029820F00300029003980168029839
:10D8800008430290019820F4007001900398816889
:10D89000019840EA0120019004980021C4F201019E
:10D8A000884208D0FFE7049840F20041C4F2010129
:10D8B00088420FD1FFE7019820F40060019003989F
:10D8C000C168019840EA01200190019820F480602D
:10D8D0000190FFE704980021C4F20101884208D0BA
:10D8E000FFE7049840F20041C4F20101884215D1DB
:10D8F000FFE7009820F480500090009820F400503A
:10D90000009003984169009840EA01100090039844
:10D910008169009840EA01100090FFE7009804999F
:10D92000486002980499C861039840680499C863E4
:10D9300001980499086205B07047000085B0049012
:10D9400003910499086A20F4805008620498006AE0
:10D9500001900498406800900498C0690290029871
:10D9600020F4E0400290029820F440700290039866
:10D970000168029840EA01200290019820F40050CA
:10D98000019003988168019840EA01300190049861
:10D990000021C4F20101884208D0FFE7049840F258
:10D9A0000041C4F2010188420BD1FFE7009820F446
:10D9B0008040009003984169009840EA81100090EF
:10D9C000FFE700980499486002980499C861039899
:10D9D00040680499086401980499086205B070478A
:10D9E00085B00490039102920498006A0090049913
:10D9F000086A20F00100086204988069019001988B
:10DA000020F0F00001900299019840EA0110019085
:10DA1000009820F00A0000900399009808430090B5
:10DA200001980499886100980499086205B07047CC
:10DA300085B00490039102920499086A20F01000C6
:10DA400008620498806901900498006A0090019827
:10DA500020F4704001900299019840EA0130019051
:10DA6000009820F0A00000900399009840EA01106F
:10DA7000009001980499886100980499086205B0A3
:10DA80007047000080B582B001900198806B0090D3
:10DA900000990020C8850099C8840098FAF7CAFB4D
:10DAA00002B080BD84B00390FFE7FFE703980068F1
:10DAB00050E8030F20F490700290FFE7029903985A
:10DAC000026842E803100028F0D1FFE7FFE7FFE714
:10DAD000FFE70398006850E8050F20F0010001906F
:10DAE000FFE701990398026842E805100028F0D189
:10DAF000FFE7FFE70398006B012814D1FFE7FFE77A
:10DB0000FFE70398006850E8030F20F01000009032
:10DB1000FFE700990398026842E803100028F0D15B
:10DB2000FFE7FFE7FFE70399202081F83E00039914
:10DB30000020086304B0704780B582B0019001985E
:10DB40000168C86820F04000C8600199202081F871
:10DB50003D000198FBF75CF8002002B080BD00009A
:10DB600080B586B00490049890F83E00222840F0DA
:10DB7000A180FFE704988068B0F5805F15D1FFE7CA
:10DB80000498006988B9FFE7002003900498806A30
:10DB900002900498006840686FF35F200299088043
:10DBA0000499886A0230886225E00498806A0390AC
:10DBB0000020029004988068B0F5805F08D0FFE7ED
:10DBC0000498806850B9FFE70498006930B9FFE70E
:10DBD0000498006840680399087007E0049800689A
:10DBE000406800F07F0003990870FFE70499886A95
:10DBF00001308862FFE70499C88D0138C8850004A8
:10DC0000002853D1FFE704980168C86820F020007D
:10DC1000C86004980168C86820F48070C8600498DF
:10DC20000168486920F0010048610499202081F8CA
:10DC30003E000498006B012830D1FFE704990020D2
:10DC40000863FFE7FFE70498006850E8030F20F03F
:10DC500010000190FFE701990498026842E8031060
:10DC60000028F0D1FFE7FFE7049800680068C006CD
:10DC700000280ED5FFE7FFE7002000900498006819
:10DC80000068009004980068406800900098FFE7E2
:10DC9000FFE70498818DFAF791FA03E00498FAF708
:10DCA0000BFFFFE700208DF8170007E000208DF83C
:10DCB000170003E002208DF81700FFE79DF817001A
:10DCC00006B080BD80B586B00590059800680069F3
:10DCD00020F44050059A1168D268104308610599F4
:10DCE00088680B694A69C96918431043084304905E
:10DCF00005980068C06849F20C618843049908439C
:10DD000005990968C86005980068406920F440706A
:10DD1000059A11689269104348610598006841F2BC
:10DD20000001C4F20101884209D0FFE705980068AC
:10DD300041F20041C4F20101884204D1FFE7F8F743
:10DD400003FD039003E0F8F7EDFC0390FFE705986F
:10DD5000C069B0F5004F29D1FFE703981921A0FB56
:10DD60000101059A1368029353685A00DB0FF2F71A
:10DD7000B0FF0299864648F21F53C5F2EB13AEFB83
:10DD80000320420910014FF0640C02FB1CEC32220C
:10DD900002EBCC02A2FB0332F82303EA521300EB9E
:10DDA0004300C2F342121044886026E00398192110
:10DDB000A0FB0101059A1368019353689A009B0F19
:10DDC000F2F787FF0199844648F21F52C5F2EB1221
:10DDD000ACFB02304309642003FB10CC322000EB83
:10DDE0000C10A0FB0202F02000EA521000EB03101E
:10DDF000C2F3431210448860FFE706B080BD000004
:10DE000083B00190019890F83D0021283AD1FFE7B6
:10DE100001988068B0F5805F13D1FFE70198006931
:10DE200078B9FFE70198006A0090009800886FF3C6
:10DE30005F200199096848600199086A0230086208
:10DE400008E0019A106A411C116200780199096882
:10DE50004860FFE70199C88C0138C884000468B99C
:10DE6000FFE701980168C86820F08000C860019849
:10DE70000168C86840F04000C860FFE700208DF8E6
:10DE80000B0003E002208DF80B00FFE79DF80B006C
:10DE900003B0704780B588B0DDF828C006900591C2
:10DEA0008DF813200393FFE7069800680068059932
:10DEB0000840401AB0FA80F040099DF813108842DB
:10DEC00049D1FFE70A980130002843D0FFE70A98BC
:10DED00040B1FFE7F6F7F4FF0399401A0A99884228
:10DEE00037D9FFE7FFE7FFE70698006850E8030F20
:10DEF00020F4D0700290FFE702990698026842E889
:10DF000003100028F0D1FFE7FFE7FFE7FFE70698DF
:10DF1000006850E8050F20F001000190FFE701992B
:10DF20000698026842E805100028F0D1FFE7FFE7F5
:10DF30000699202081F83D00069981F83E00FFE710
:10DF40000699002081F83C00FFE703208DF81F00B0
:10DF500005E0FFE7A8E700208DF81F00FFE79DF828
:10DF60001F0008B080BD000080B543F26810C2F207
:10DF70000000FAF763F980BD80B543F2AC10C2F23D
:10DF80000000FAF75BF980BD80B543F2F010C2F2F1
:10DF90000000FAF753F980BD84B0DDF810C003909B
:10DFA00002910192009303990120086304984000B4
:10DFB0000399888503980168486940F040004861EA
:10DFC00003980168C86840F01000C860FFE7039834
:10DFD000806B0168086820F001000860FFE7039883
:10DFE000806B00680068C0070028F0D1FFE7029846
:10DFF0000399896B0968886001980399896B09689E
:10E00000C86000980399896B0968086104980399AE
:10E01000896B096848600398806B0168086840F460
:10E02000802008600398806B0168086840F0010058
:10E03000086004B07047000080B586B004908DF889
:10E040000F100498D0F8C80201900498D0F8D412A8
:10E0500000EB8100D0F8C00220B9FFE703208DF863
:10E0600017005FE00498D0F8D41200EB8100D0F8DC
:10E07000C002029004989DF80F1001F00F0101EB0F
:10E08000810100EB8100806940B3FFE704989DF8AF
:10E090000F1001F00F0101EB810200EB8200826999
:10E0A000019801EBC10100EB8100816CB2FBF1F042
:10E0B00000FB112090B9FFE704989DF80F1001F0C4
:10E0C0000F0101EB810100EB8100002383610498C3
:10E0D0009DF80F101A4601F083FD1FE00299002001
:10E0E000C1F814020498D0F8D41200EB8100D0F8E3
:10E0F000C402006988B1FFE70498D0F8D41200EB9D
:10E100008100D0F8C40203690299D1F8080201F530
:10E1100004719DF80F209847FFE7FFE700208DF876
:10E120001700FFE79DF8170006B080BD80B584B0EA
:10E1300002908DF807100298D0F8D41200EB8100FD
:10E14000D0F8C00200900298D0F8D41200EB810001
:10E15000D0F8C00220B9FFE703208DF80F0019E0C6
:10E1600002989DF8071001F0CBFA0099C1F80C0253
:10E170000298D0F8D41200EB8100D0F8C402C26833
:10E180000099D1F8040201F50371904700208DF841
:10E190000F00FFE79DF80F0004B080BD80B586B08A
:10E1A00005908DF81310059840F26501C2F2000148
:10E1B0000091097801F0BCF800990598097801F000
:10E1C0000F0101EB810100EB8101002003908884A5
:10E1D000059840F26601C2F200010191097801F050
:10E1E000A7F8019A03980599127802F00F0202EB42
:10E1F000820201EB8201A1F86401059840F26401FA
:10E20000C2F200010291097801F092F8029A039893
:10E210000599137803F00F0303EB830301EB8301EC
:10E2200088840599127802F00F0202EB820201EB5A
:10E230008201C8840598D0F8D41200EB8100D0F890
:10E24000C002F0B1FFE70598D0F8D41200EB8100CE
:10E25000D0F8C402406880470598D0F8D41200EB8B
:10E260008100D0F8C00202F057F90598D0F8D41216
:10E2700000EB81010020C1F8C0020599C1F8BC0281
:10E28000FFE7002006B080BD80B584B00290029800
:10E29000D0F8D41200EB8100D0F8C00201900198B0
:10E2A00020B9FFE703208DF80F0025E00298D0F891
:10E2B000D41200EB8100D0F8C402C8B1FFE7019886
:10E2C00090F80002FF2813D0FFE70298D0F8D4128C
:10E2D00000EB8100D0F8C4028368019991F8000234
:10E2E00091F8012298470199FF2081F80002FFE789
:10E2F00000208DF80F00FFE79DF80F0004B080BDEF
:10E3000081B0009000990A20088040F2F440C2F2E7
:10E31000000001B07047000080B586B0059040F263
:10E32000B040C2F200000190822100F09BFE014645
:10E3300001980491012100F095FE01460198039196
:10E34000812100F08FFE0290049820B1FFE704992C
:10E3500010208871FFE7039820B1FFE70399402060
:10E360008880FFE7029820B1FFE70299402088806B
:10E37000FFE705994320088040F2B040C2F2000058
:10E3800006B080BD80B586B0059040F2B040C2F2C4
:10E3900000000190822100F065FE01460198049181
:10E3A000012100F05FFE014601980391812100F0F8
:10E3B00059FE0290049820B1FFE70499102088715B
:10E3C000FFE7039828B1FFE703994FF400708880B6
:10E3D000FFE7029828B1FFE702994FF400708880A8
:10E3E000FFE705994320088040F2B040C2F20000E8
:10E3F00006B080BD80B586B0059040F2B040C2F254
:10E4000000000190822100F02DFE01460198049148
:10E41000012100F027FE014601980391812100F0BF
:10E4200021FE0290049820B1FFE704991020887122
:10E43000FFE7039820B1FFE7039940208880FFE7BA
:10E44000029820B1FFE7029940208880FFE70599F4
:10E450004320088040F2B040C2F2000006B080BD08
:10E4600080B590B00E908DF837104FF4077002F021
:10E4700057F80C900C9860B9FFE70E98D0F8D412BA
:10E4800000EB81010020C1F8C00202208DF83F009E
:10E49000F0E00C984FF40771F2F712FD0C980E990A
:10E4A000D1F8D42201EB8201C1F8C0020E99D1F853
:10E4B000D40201EB8000D0F8C002C1F8BC020E9873
:10E4C000007C002840D1FFE70E9840F26501C2F2BF
:10E4D000000107910978022208924FF40073099312
:10E4E00001F0FAF90799089A099B0E98097801F04A
:10E4F0000F0101EB810100EB810101200B90888469
:10E500000E9840F26601C2F200010A91097801F00A
:10E51000E3F90A9A0B980E99127802F00F0202EBB7
:10E52000820201EB8201A1F864010E9840F26401BD
:10E53000C2F20001097801F00F0101EB810100EB4B
:10E5400081011020C8843EE00E9840F26501C2F2BD
:10E55000000102910978022203924023049301F002
:10E56000BBF90299039A049B0E98097801F00F01F8
:10E5700001EB810100EB81010120069088840E9857
:10E5800040F26601C2F200010591097801F0A4F998
:10E59000059A06980E99127802F00F0202EB820299
:10E5A00001EB8201A1F864010E9840F26401C2F20D
:10E5B0000001097801F00F0101EB810100EB8101FD
:10E5C0001020C884FFE70E9840F26401C2F20001F7
:10E5D000009109780322082301F07EF900990E9832
:10E5E000097801F00F0101EB810100EB81010120AD
:10E5F00088840C9900200190C1F804020E98D0F88C
:10E60000D41200EB8100D0F8C40200688047019862
:10E610000C99C1F814020C99C1F818020C98D0F8A2
:10E62000040220B9FFE702208DF83F0022E00E9897
:10E63000007C70B9FFE70E9840F26601C2F200015B
:10E6400009780C9AD2F804224FF4007301F06AF9A9
:10E650000CE00E9840F26601C2F2000109780C9AB3
:10E66000D2F80422402301F05DF9FFE700208DF885
:10E670003F00FFE79DF83F0010B080BD80B584B03B
:10E6800002900298D0F8D41200EB8100D0F8C002BA
:10E6900001900298D0F8D41200EB8100D0F8C002AB
:10E6A00020B9FFE703208DF80F0022E00298007CDC
:10E6B00070B9FFE7029840F26601C2F200010978E2
:10E6C000019AD2F804224FF4007301F02BF90CE008
:10E6D000029840F26601C2F200010978019AD2F86C
:10E6E0000422402301F01EF9FFE700208DF80F00FF
:10E6F000FFE79DF80F0004B080BD000083B00190DB
:10E700000091009820B9FFE703208DF80B000BE083
:10E7100000980199D1F8D42201EB8201C1F8C4021A
:10E7200000208DF80B00FFE79DF80B0003B0704749
:10E7300084B0029001910298D0F8D41200EB8100CD
:10E74000D0F8C0020090009820B9FFE703208DF8B0
:10E750000F0007E001980099C1F8040200208DF82D
:10E760000F00FFE79DF80F0004B0704785B00390DD
:10E77000029101920398D0F8D41200EB8100D0F8F6
:10E78000C0020090009820B9FFE703208DF8130025
:10E790000BE002980099C1F8080201980099C1F8AD
:10E7A000100200208DF81300FFE79DF8130005B05C
:10E7B0007047000080B58AB0089007910898D0F89B
:10E7C000D41200EB8100D0F8C002069000208DF832
:10E7D0001500ADF812008DF81100069820B9FFE77A
:10E7E00003208DF82700C7E00798007800F060004C
:10E7F0000146039100285ED0FFE70398202840F0EF
:10E80000AE80FFE70798C088002846D0FFE707984A
:10E8100000780006002823D5FFE70898D0F8D41226
:10E8200000EB8100D0F8C4028368079A50780699FB
:10E83000D28898470798C088082803D3FFE70720A5
:10E84000029003E00798C0880290FFE70298ADF8B5
:10E85000160008980699BDF8162000F081F91BE013
:10E8600007984078069981F800020798C0883F28E9
:10E8700004D8FFE70798C088019002E0402001908B
:10E88000FFE70198069981F801020898069991F826
:10E89000012200F037F9FFE70CE00898D0F8D41215
:10E8A00000EB8100D0F8C402836807994878002201
:10E8B0009847FFE75BE007984078014600910B28F6
:10E8C00044D80099DFE801F0064142424242424208
:10E8D00042421C32089890F89C02032807D1FFE7B7
:10E8E00008980DF11201022200F03AF907E00898A9
:10E8F000079900F0F9F803208DF81100FFE72DE0EB
:10E90000089890F89C02032807D1FFE708980DF1BA
:10E910001501012200F024F907E00898079900F09A
:10E92000E3F803208DF81100FFE717E0089890F84E
:10E930009C02032808D0FFE70898079900F0D4F854
:10E9400003208DF81100FFE708E007E00898079919
:10E9500000F0CAF803208DF81100FFE707E00898DF
:10E96000079900F0C1F803208DF81100FFE79DF82A
:10E9700011008DF82700FFE79DF827000AB080BD41
:10E9800080B584B002900298D0F8D41200EB8100D8
:10E99000D0F8C002019001208DF803000298D0F851
:10E9A000D41200EB8100D0F8C00220B9FFE70320A9
:10E9B0008DF80F002AE00198D0F8140208BBFFE799
:10E9C00001990120C1F814020198D0F81002029AAE
:10E9D00040F26501C2F200010B7803F00F0303EB74
:10E9E000830302EB8302906102980978019BD3F8BC
:10E9F0000822D3F8103201F0F3F800208DF803005C
:10EA0000FFE79DF803008DF80F00FFE79DF80F006A
:10EA100004B080BD80B582B001908DF80310002055
:10EA20008DF802000198D0F8B8124A689DF80310DA
:10EA3000904720B1FFE703208DF80200FFE79DF823
:10EA4000020002B080BD000080B582B0019000914C
:10EA5000019890F89C02013802280ED8FFE7009830
:10EA60004088012808D1FFE701990020C1F8A402DD
:10EA7000019800F08FF8FFE704E00198009900F09A
:10EA800033F8FFE702B080BD82B001908DF803102B
:10EA9000002002B07047000082B001908DF8031092
:10EAA000002002B07047000080B584B0039002914E
:10EAB00001920398029A019B0021009100F032FF1D
:10EAC000009804B080BD000080B584B0039002912E
:10EAD00001920398029A019B0021009101F080F8B5
:10EAE000009804B080BD000080B582B00190009114
:10EAF0000198802101F02CF80198002101F028F8FC
:10EB000002B080BD80B584B0039002910192039958
:10EB10000320C1F8940201980399C1F858010198A3
:10EB20000399C1F85C010398029A019B00210091AE
:10EB300000F0F8FE009804B080BD000080B582B0FF
:10EB4000019001990520C1F89402019800230093D7
:10EB500019461A4600F0E6FE009802B080BD00009B
:10EB600080B584B003900291019203990220C1F80C
:10EB7000940201980399886101980399C8610398E8
:10EB8000029A019B0021009101F02AF8009804B03C
:10EB900080BD000080B582B0019001990420C1F8C9
:10EBA000940201980023009319461A4601F018F8C0
:10EBB000009802B080BD000080B582B08DF80700DB
:10EBC00000919DF8070060B9FFE7009A44F66520C0
:10EBD000C0F6010041F28401C2F2000100F0DEFA49
:10EBE0000BE0009A44F66520C0F6010041F2840172
:10EBF000C2F2000100F0D2FAFFE741F28400C2F253
:10EC0000000002B080BD000082B08DF807000091C6
:10EC100000991220088040F20050C2F2000002B0B9
:10EC20007047000080B582B08DF8070000919DF814
:10EC3000070060B9FFE7009A44F65720C0F60100CC
:10EC400041F28401C2F2000100F0A8FA0BE0009A40
:10EC500044F65720C0F6010041F28401C2F20001DF
:10EC600000F09CFAFFE741F28400C2F2000002B01B
:10EC700080BD000082B08DF807000091009904204B
:10EC8000088040F22850C2F2000002B07047000035
:10EC900080B584B08DF80F000291029A44F670207E
:10ECA000C0F6010041F28401C2F20001019100F0BE
:10ECB00075FA019804B080BD80B582B08DF8070068
:10ECC00000919DF8070060B9FFE7009A44F68320A1
:10ECD000C0F6010041F28401C2F2000100F05EFAC8
:10ECE0000BE0009A44F68320C0F6010041F2840153
:10ECF000C2F2000100F052FAFFE741F28400C2F2D2
:10ED0000000002B080BD000080B582B08DF8070021
:10ED1000009100991A200880F3F7A0FD40F22C50D2
:10ED2000C2F2000002B080BD80B584B003900291B1
:10ED30000298C088012805D0FFE703980299FFF7E1
:10ED4000D3FE21E0039890F89C12481E01910228FE
:10ED500004D3FFE7019803280AD00FE003990020AD
:10ED60008860039800F108010122FFF7F9FE0AE02C
:10ED70000398011D0122FFF7F3FE04E003980299B6
:10ED8000FFF7B2FEFFE7FFE704B080BD80B588B0B3
:10ED9000079006910020ADF8160004908DF80F0042
:10EDA0000698C078013801460291062800F21E81BB
:10EDB0000299DFE811F0070011002E001B011B0172
:10EDC000E80000010798D0F8B4120A68007C0DF141
:10EDD00016019047049013E10798007C60B9FFE7A3
:10EDE0000798D0F8B802816A0DF1160088470490A0
:10EDF0000499022048700BE00798D0F8B802C16A65
:10EE00000DF1160088470490049902204870FFE72E
:10EE1000F6E00698807801460191052800F2A88066
:10EE20000199DFE801F0031E39546F8A0798D0F882
:10EE3000B402406850B1FFE70798D0F8B4124A68AE
:10EE4000007C0DF116019047049009E0079806999F
:10EE5000FFF74AFE9DF80F0001308DF80F00FFE725
:10EE600090E00798D0F8B402806850B1FFE70798A7
:10EE7000D0F8B4128A68007C0DF116019047049016
:10EE800009E007980699FFF72FFE9DF80F00013063
:10EE90008DF80F00FFE775E00798D0F8B402C0685E
:10EEA00050B1FFE70798D0F8B412CA68007C0DF1A2
:10EEB00016019047049009E007980699FFF714FEA1
:10EEC0009DF80F0001308DF80F00FFE75AE007981A
:10EED000D0F8B402006950B1FFE70798D0F8B41237
:10EEE0000A69007C0DF116019047049009E007982B
:10EEF0000699FFF7F9FD9DF80F0001308DF80F001E
:10EF0000FFE73FE00798D0F8B402406950B1FFE74F
:10EF10000798D0F8B4124A69007C0DF116019047A9
:10EF2000049009E007980699FFF7DEFD9DF80F00B1
:10EF300001308DF80F00FFE724E00798D0F8B40205
:10EF4000806950B1FFE70798D0F8B4128A69007C55
:10EF50000DF116019047049009E007980699FFF714
:10EF6000C3FD9DF80F0001308DF80F00FFE709E0A9
:10EF700007980699FFF7B8FD9DF80F0001308DF84E
:10EF80000F00FFE73CE00798007C48B9FFE70798CF
:10EF9000D0F8B802416B0DF116008847049009E0E3
:10EFA00007980699FFF7A0FD9DF80F0001308DF836
:10EFB0000F00FFE724E00798007C60B9FFE707989F
:10EFC000D0F8B802016B0DF116008847049004993F
:10EFD0000720487009E007980699FFF785FD9DF81E
:10EFE0000F0001308DF80F00FFE709E00798069940
:10EFF000FFF77AFD9DF80F0001308DF80F00FFE755
:10F000009DF80F0008B1FFE72AE00698C08818B302
:10F01000FFE7BDF81600C8B1FFE7BDF81600069976
:10F02000C988884204DAFFE7BDF81600009003E0C3
:10F030000698C0880090FFE70098ADF81600079882
:10F040000499BDF81620FFF78BFD04E00798069998
:10F05000FFF74AFDFFE703E00798FFF79BFDFFE797
:10F0600008B080BD80B586B005908DF81310059866
:10F070000390059802900020019002994888097831
:10F08000884227DDFFE702980078ADF80200FFE72D
:10F09000BDF802000299498888421ADAFFE703980E
:10F0A0000DF1020100F034F8039003984078052830
:10F0B0000ED1FFE703980190019880789DF8131016
:10F0C000884201D1FFE704E000200190FFE7FFE75D
:10F0D000DEE7FFE7019806B080BD000083B0029034
:10F0E00000208DF8070002980090FFE70098007854
:10F0F00048B1FFE79DF8070001308DF80700009840
:10F1000001300090F2E79DF8070003B0704700005F
:10F1100083B00290019102980090009802780199C2
:10F1200008881044088002980099097808440090E3
:10F13000009803B07047000080B582B00190009144
:10F14000019890F89C02013802281FD8FFE7009828
:10F15000C088022805D0FFE701980099FFF7C4FC9A
:10F1600019E001990120C8600198D0F8A40230B1DB
:10F17000FFE70199C86840F00200C860FFE7019806
:10F1800000F10C010222FFF7EBFC04E0019800996A
:10F19000FFF7AAFCFFE702B080BD000080B586B093
:10F1A00005900491039200208DF80B00059808B992
:10F1B000FFE73DE0059801900198FFF78FFF0146BA
:10F1C000022000EB4100039908800398007804991D
:10F1D0009DF80B2088549DF80B0001308DF80B0032
:10F1E00004999DF80B20032088549DF80B000130F2
:10F1F0008DF80B00FFE701980078C8B1FFE7019890
:10F20000007804999DF80B208854019801300190F2
:10F210009DF80B0001308DF80B0004999DF80B2030
:10F22000002088549DF80B0001308DF80B00E2E7B8
:10F2300006B080BD82B08DF8070000208DF8060072
:10F240009DF8070001460091032814D80099DFE8D3
:10F2500001F002060A0E00208DF806000FE00320E0
:10F260008DF806000BE001208DF8060007E0032072
:10F270008DF8060003E003208DF80600FFE79DF8F7
:10F28000060002B07047000080B584B00290019182
:10F290008DF80320029820B9FFE703208DF80F00B6
:10F2A00023E002990020C1F8B8020299C1F8C40213
:10F2B0000299C1F8D002019828B1FFE7019802999C
:10F2C000C1F8B402FFE70299012081F89C029DF881
:10F2D000030002990870029800F020FA8DF80200ED
:10F2E0009DF802008DF80F00FFE79DF80F0004B0B5
:10F2F00080BD000080B582B001908DF80310002021
:10F300008DF802008DF801000198D0F8C8029DF830
:10F310000310F5F7F5FF8DF802009DF80200FFF7E6
:10F3200089FF8DF801009DF8010002B080BD00004A
:10F3300080B582B001908DF8031000208DF8020096
:10F340008DF801000198D0F8C8029DF80310F5F778
:10F3500083FF8DF802009DF80200FFF76BFF8DF828
:10F3600001009DF8010002B080BD000080B588B0AA
:10F3700006908DF8171004929DF81700002875D19B
:10F38000FFE70698143003900698D0F894020228FC
:10F390005DD1FFE703998868C968884212D9FFE701
:10F3A00003998868CA68801A886006980499039A45
:10F3B0009268FFF789FB0698002319461A4600F069
:10F3C000B1FA43E003988168C06888421ED1FFE724
:10F3D00003994868C968884218D3FFE703984068D2
:10F3E0000699D1F89812884210D2FFE706980022B9
:10F3F00001921146FFF768FB019B0698C0F898320E
:10F40000069819461A4600F08DFA1EE0069890F804
:10F410009C02032811D1FFE70698D0F8B802C06813
:10F4200050B1FFE706990020C1F8D4020698D0F841
:10F43000B812C9688847FFE7FFE70698802100F007
:10F4400087FB0698FFF77AFBFFE7FFE700E0FFE79F
:10F45000069890F8A00240B1FFE7069800F04EFC35
:10F460000699002081F8A002FFE740E006989DF889
:10F47000171041F08001FFF707FB8DF80A009DF897
:10F480000A00FF2832D0FFE79DF80A0070BBFFE7B3
:10F49000069890F89C02032827D1FFE706989DF86C
:10F4A0000A1000EB8100D0F8B8024069E0B1FFE734
:10F4B0009DF80A000699C1F8D40206989DF80A1032
:10F4C00000EB8101D1F8B8124A699DF817109047F6
:10F4D0008DF80B009DF80B0028B1FFE79DF80B009D
:10F4E0008DF81F0007E0FFE7FFE7FFE7FFE70020D9
:10F4F0008DF81F00FFE79DF81F0008B080BD0000D9
:10F5000080B58AB008908DF81F10069200208DF803
:10F5100013009DF81F00002840F08380FFE7089843
:10F5200000F5AA7005900898D0F89402032876D1C7
:10F53000FFE705998868C96888421DD9FFE70599E2
:10F540008868CA68801A88600898029006980390B4
:10F5500005998868C968884204D2FFE705988068E1
:10F56000019003E00598C0680190FFE703990298B5
:10F57000019AFFF799FA51E0089890F8AA0200F072
:10F580001F000146009140B1FFE70098012808D014
:10F59000FFE7009802280CD013E000208DF812003D
:10F5A00013E0089890F8AE12FFF776FA8DF8120083
:10F5B0000BE0089890F8AE12FFF766FA8DF812008B
:10F5C00003E000208DF81200FFE79DF8120008BB51
:10F5D000FFE7089890F89C0203281AD1FFE70898E3
:10F5E0009DF8121000EB8100D0F8B802006978B1E4
:10F5F000FFE79DF812000899C1F8D40208989DF819
:10F60000121000EB8101D1F8B81209698847FFE7B1
:10F61000FFE7FFE70898FFF7BDFAFFE700E0FFE725
:10F6200040E008989DF81F1001F07F01FFF72CFAC9
:10F630008DF812009DF81200FF2832D0FFE79DF8E8
:10F64000120070BBFFE7089890F89C0203281ED1B7
:10F65000FFE708989DF8121000EB8100D0F8B8027F
:10F66000806998B1FFE79DF812000899C1F8D402AB
:10F6700008989DF8121000EB8101D1F8B8128A6940
:10F680009DF81F1090478DF81300FFE7FFE79DF8E6
:10F69000130028B1FFE79DF813008DF8270005E05F
:10F6A000FFE7FFE700208DF82700FFE79DF8270020
:10F6B0000AB080BD81B00090002001B0704700000A
:10F6C00080B582B0019000208DF8030001990120DF
:10F6D00081F89C020198D0F8B80268B1FFE7019860
:10F6E000D0F8B8124A680179904720B1FFE70320AB
:10F6F0008DF80300FFE7FFE79DF8030002B080BD2F
:10F7000080B582B001908DF803100198D0F8C8023E
:10F710009DF80310F5F758FE02B080BD80B584B0A7
:10F72000039003980078A8BBFFE7039942F6E42012
:10F73000C2F200000290C0F808150399C1F8C8028F
:10F740004FF0A0410160042141600222C26000210B
:10F7500001618261C16101624162C1620163F6F7C8
:10F76000EDFB18B1FFE7F2F75FFFFFE742F6E42099
:10F77000C2F20000019080210091F5F7A7FC0198EA
:10F7800000214022F5F7AEFC009A01980121F5F71F
:10F79000A9FCFFE7002004B080BD000084B0029007
:10F7A0008DF807100298D0F8C80200909DF8070065
:10F7B000000600280ED5FFE700989DF8071001F01D
:10F7C0007F0101EBC10100EB810090F83E008DF854
:10F7D0000F000DE000989DF8071001F07F0101EB8C
:10F7E000C10100EB810090F87E028DF80F00FFE769
:10F7F0009DF80F0004B0704780B584B002908DF87A
:10F8000007100298D0F8D41200EB8100D0F8B802AB
:10F8100020B9FFE703208DF80F0020E0029890F850
:10F820009C02032817D1FFE70298D0F8D41200EB0E
:10F830008100D0F8B802006A60B1FFE70298D0F802
:10F84000D41200EB8101D1F8B8120A6A9DF80710B2
:10F850009047FFE7FFE700208DF80F00FFE79DF8D6
:10F860000F0004B080BD000080B584B002908DF818
:10F8700007100298D0F8D41200EB8100D0F8B8023B
:10F8800020B9FFE703208DF80F0020E0029890F8E0
:10F890009C02032817D1FFE70298D0F8D41200EB9E
:10F8A0008100D0F8B802406A60B1FFE70298D0F852
:10F8B000D41200EB8101D1F8B8124A6A9DF8071002
:10F8C0009047FFE7FFE700208DF80F00FFE79DF866
:10F8D0000F0004B080BD000080B584B003908DF8A7
:10F8E0000B108DF80A20ADF8083000208DF80700C5
:10F8F0008DF806000398D0F8C8029DF80B10BDF8EB
:10F9000008209DF80A30F5F771FD8DF807009DF885
:10F910000700FFF78FFC8DF806009DF8060004B085
:10F9200080BD000080B586B005908DF8131003925D
:10F93000029300208DF807008DF806000598D0F896
:10F94000C8029DF81310039A029BF5F7C5FD8DF8C8
:10F9500007009DF80700FFF76DFC8DF806009DF885
:10F96000060006B080BD000080B586B0059000207E
:10F970008DF81300059A012182F89C120599C1F8AF
:10F980009402059948600599C1F8A402059981F887
:10F99000A0020598D0F8B802A0B1FFE70598D0F80A
:10F9A000B802406868B1FFE70598D0F8B8124A6815
:10F9B0000179904720B1FFE703208DF81300FFE79E
:10F9C000FFE7FFE7059800220192402303931146C9
:10F9D000FFF782FF019A039B059901200290A1F88D
:10F9E00064010598C0F8603105988021FFF774FF25
:10F9F00002990398059A9184059908629DF813006D
:10FA000006B080BD81B00090009890F89C02042858
:10FA100007D1FFE7009890F89D02009981F89C02B9
:10FA2000FFE7002001B0704780B582B001900198D7
:10FA300090F89C02032813D1FFE70198D0F8B80290
:10FA400068B1FFE70198D0F8B802C06930B1FFE7AC
:10FA50000198D0F8B812C9698847FFE7FFE7FFE7C8
:10FA6000002002B080BD000082B001908DF803102C
:10FA70009DF8030001990874002002B0704700004F
:10FA800080B582B001908DF8031000208DF802003F
:10FA90008DF801000198D0F8C8029DF80310F6F720
:10FAA0003DFC8DF802009DF80200FFF7C3FB8DF8C6
:10FAB00001009DF8010002B080BD000080B584B057
:10FAC00003900291039800F2AA20029900F0AAF88C
:10FAD00003990120C1F894020399B1F8B002C1F86A
:10FAE0009802039890F8AA0200F01F0001460091C6
:10FAF00040B1FFE7009801280CD0FFE700980228EA
:10FB000010D017E0039800F2AA2100F04FFA8DF808
:10FB1000070019E0039800F2AA2100F083FC8DF899
:10FB2000070011E0039800F2AA2100F0A5FA8DF871
:10FB3000070009E0039890F8AA1201F0800100F094
:10FB400007F88DF80700FFE79DF8070004B080BDB7
:10FB500080B582B001908DF8031000208DF802006E
:10FB60008DF801000198D0F8C8029DF80310F5F750
:10FB7000F7FC8DF802009DF80200FFF75BFB8DF8A3
:10FB800001009DF8010002B080BD000080B582B088
:10FB9000019000208DF803008DF802000198D0F844
:10FBA000C802F6F7F7FB8DF803009DF80300FFF796
:10FBB00041FB8DF802009DF8020002B080BD0000FC
:10FBC00081B00090009890F89C02009981F89D0205
:10FBD0000099042081F89C02002001B070470000C9
:10FBE00080B586B005908DF8131003920293002023
:10FBF0008DF807008DF806000598D0F8C8029DF82A
:10FC00001310039A029BF5F71BFD8DF807009DF872
:10FC10000700FFF70FFB8DF806009DF8060006B001
:10FC200080BD000080B584B00390029102980190DD
:10FC300001980078039908700198013001900198AB
:10FC40000078039948700198013001900198FDF700
:10FC5000A9F803994880019801300190019801307A
:10FC600001900198FDF79EF8039988800198013072
:10FC700001900198013001900198FDF793F80399E4
:10FC8000C88004B080BD000080B584B002900191AE
:10FC90000020ADF80200019820B9FFE703208DF89D
:10FCA0000F0026E001980299C1F8B8020298D0F836
:10FCB000D41200EB8100D0F8B802C06A78B1FFE737
:10FCC0000298D0F8D41200EB8100D0F8B802C16AD3
:10FCD0000DF1020088470299C1F8D002FFE70299AE
:10FCE000D1F8D8020130C1F8D80200208DF80F00F9
:10FCF000FFE79DF80F0004B080BD000081B00090C8
:10FD0000002001B07047000080B584B003900291DC
:10FD100002988088B8BBFFE70298C08898BBFFE7CD
:10FD2000029840887F282ED8FFE70298807800F05C
:10FD30007F008DF80700039890F89C02032805D1F6
:10FD4000FFE703980299FEF7CFFE1BE09DF807003E
:10FD5000039981F89E0203989DF80710FFF790FE23
:10FD60000398FEF717FF9DF8070028B1FFE70399F6
:10FD7000022081F89C0204E00399012081F89C0292
:10FD8000FFE7FFE704E003980299FEF7ADFEFFE707
:10FD900004B080BD80B582B001908DF803100020C2
:10FDA0008DF802000198D0F8B80250B1FFE7019831
:10FDB000D0F8B8120A689DF8031090478DF8020039
:10FDC000FFE79DF8020002B080BD000080B586B05C
:10FDD0000490039100208DF80B000398817841F284
:10FDE0008000C2F2000001700078022808D3FFE70B
:10FDF00004980399FEF778FE03208DF81700A0E021
:10FE0000049890F89C0201460191022804D0FFE773
:10FE1000019803282FD07FE041F28000C2F2000059
:10FE2000007818B3FFE741F28001C2F200010878C0
:10FE3000049A506004980978FFF7ACFF8DF80B0026
:10FE40009DF80B0048B1FFE704980399FEF74CFEBC
:10FE50000499022081F89C0207E00498FEF79AFEBC
:10FE60000499032081F89C02FFE703E00498FEF761
:10FE700091FEFFE760E041F28000C2F200000078EE
:10FE800098B9FFE70499022081F89C0241F28001B1
:10FE9000C2F200010878049A506004980978FEF7CD
:10FEA000B9FD0498FEF776FE35E041F28000C2F21B
:10FEB0000000007804994968884227D0FFE7049839
:10FEC0000179FEF7A7FD41F28001C2F20001087836
:10FED000049A506004980978FFF75CFF8DF80B00D6
:10FEE0009DF80B0068B1FFE704980399FEF7FCFD4D
:10FEF00004980179FEF78EFD0499022081F89C0296
:10FF000003E00498FEF746FEFFE703E00498FEF7DF
:10FF100041FEFFE7FFE70FE004980399FEF7E4FDD9
:10FF2000049841F28001C2F200010978FEF772FDE7
:10FF300003208DF80B00FFE79DF80B008DF81700EC
:10FF4000FFE79DF8170006B080BD000080B582B0C5
:10FF50000190009100984088012808D1FFE701999D
:10FF60000120C1F8A4020198FEF714FE13E00098E6
:10FF70004088022809D1FFE700984079019981F86B
:10FF8000A0020198FEF706FE04E001980099FEF732
:10FF9000ABFDFFE7FFE702B080BD000080B582B097
:10FFA00001900198FFF7F2FD02B080BD80B586B0E8
:10FFB0000590049100208DF80F000498007800F05F
:10FFC000600001460291A8B1FFE70298202804D002
:10FFD000FFE70298402846D1FFE70598D0F8D412F1
:10FFE00000EB8101D1F8B8128A68049990478DF826
:10FFF0000F003DE0049840780146019109282CD873
:020000040801F1
:100000000199DFE801F01B252A202A0A052A160F8C
:1000100005980499FEF7BAFE24E005980499FFF7C5
:1000200073FE1FE005980499FFF7D0FE8DF80F00CE
:1000300018E005980499FEF777FE13E005980499F7
:10004000FFF77AF80EE005980499FFF77FFF09E0C3
:1000500005980499FEF7F8FC04E005980499FEF76A
:1000600043FDFFE704E005980499FEF73DFDFFE737
:100070009DF80F0006B080BD80B58CB00B900A9142
:1000800000208DF821000A9880888DF823000A98B6
:10009000007800F0600001460791B8B3FFE70798C9
:1000A000202805D0FFE70798402840F0B281FFE7FD
:1000B0000B989DF82310FEF7E7FC8DF822009DF8C1
:1000C0002200FF2821D0FFE79DF82200E8B9FFE7D2
:1000D0009DF822000B99C1F8D4020B989DF82210CC
:1000E00000EB8100D0F8B802806868B1FFE70B9898
:1000F0009DF8221000EB8101D1F8B8128A680A99A4
:1001000090478DF82100FFE7FFE787E10A984078E4
:1001100001460691002800F0BD80FFE706980128FF
:100120004CD0FFE70698032840F06D81FFE70B985D
:1001300090F89C0201460591022804D0FFE705983B
:10014000032819D034E09DF8230078B1FFE79DF82B
:10015000230080280AD0FFE70B989DF82310FFF7B3
:10016000F7FC0B988021FFF7F3FC04E00B980A9949
:10017000FEF7BAFCFFE720E00A984088A0B9FFE745
:100180009DF8230078B1FFE79DF8230080280AD06E
:10019000FFE70A98C08830B9FFE70B989DF8231055
:1001A000FFF7D6FCFFE7FFE70B98FEF7F3FC04E050
:1001B0000B980A99FEF798FCFFE729E10B9890F855
:1001C0009C0201460491022804D0FFE7049803280A
:1001D00019D059E09DF8230078B1FFE79DF823007E
:1001E00080280AD0FFE70B989DF82310FFF7B0FC9A
:1001F0000B988021FFF7ACFC04E00B980A99FEF7FE
:1002000073FCFFE745E00A984088E0BBFFE79DF8F4
:100210002300400630B1FFE70B989DF82310FFF74D
:1002200069F8FFE70B98FEF7B5FC0B989DF82310D3
:10023000FEF72AFC8DF822009DF82200FF2821D02D
:10024000FFE79DF82200E8B9FFE79DF822000B992F
:10025000C1F8D4020B989DF8221000EB8100D0F871
:10026000B802806868B1FFE70B989DF8221000EB98
:100270008101D1F8B8128A680A9990478DF8210057
:10028000FFE7FFE7FFE704E00B980A99FEF72CFC75
:10029000FFE7BDE00B9890F89C020146039102280D
:1002A00004D0FFE70398032838D0A6E09DF8230088
:1002B00050B1FFE79DF82300802805D0FFE70B9899
:1002C0000A99FEF711FC9DE09DF823000006002826
:1002D0000CD5FFE70B989DF8231001F07F0101EB8F
:1002E000810100EB8100143002900CE00B989DF826
:1002F000231001F07F0101EB810100EB810000F58B
:10030000AA700290FFE702980990099900200860FE
:100310000B9809990222FEF723FC73E09DF8230055
:100320000006002812D5FFE70B989DF8231001F076
:100330000F0101EB810100EB8100808C28B9FFE700
:100340000B980A99FEF7D0FB5CE012E00B989DF841
:10035000231001F00F0101EB810100EB8100B0F8E7
:10036000640128B9FFE70B980A99FEF7BDFB49E045
:10037000FFE79DF82300000600280CD5FFE70B9847
:100380009DF8231001F07F0101EB810100EB81005A
:10039000143001900CE00B989DF8231001F07F01C0
:1003A00001EB810100EB810000F5AA700190FFE7ED
:1003B000019809909DF8230028B1FFE79DF82300DC
:1003C000802804D1FFE70999002008600FE00B980E
:1003D0009DF82310FFF7E2F920B1FFE7099901200A
:1003E000086003E0099900200860FFE7FFE70B9829
:1003F00009990222FEF7B4FB04E00B980A99FEF774
:1004000073FBFFE704E00B980A99FEF76DFBFFE72B
:1004100004E00B980A99FEF767FBFFE79DF82100BF
:100420000CB080BD80B584B00390029100208DF89F
:1004300007000298007800F060000146009140B18A
:10044000FFE70098202804D0FFE7009840285AD101
:10045000FFE7039890F89C02013802284DD8FFE787
:1004600002980079012842D8FFE703980299097998
:10047000FEF712FB8DF806009DF80600FF2825D038
:10048000FFE79DF8060008BBFFE703989DF80610FC
:1004900000EB8100D0F8B802806890B1FFE79DF8CA
:1004A00006000399C1F8D40203989DF8061000EBEA
:1004B0008101D1F8B8128A68029990478DF8070037
:1004C00003E003208DF80700FFE703E003208DF829
:1004D0000700FFE70298C08840B9FFE79DF80700D2
:1004E00020B9FFE70398FEF755FBFFE704E0039808
:1004F0000299FEF7F9FAFFE704E003980299FEF784
:10050000F3FAFFE704E003980299FEF7EDFAFFE73C
:100510009DF8070004B080BD81B0009001B0704725
:1005200081B0009041F28420C2F2000001B0704717
:1005300084B0039002910398019002980078009093
:1005400002984078012830D1FFE70298007800F047
:100550000F01012000FA01F20199D1F81C081043A3
:10056000C1F81C080198009900EB4110D0F800096F
:100570000004002818D4FFE70299C8686FF3DF2051
:10058000097940EA8140009A40EA8250019901EBE2
:100590004211D1F80029104348F20002C1F20002D2
:1005A0001043C1F80009FFE72EE00298007800F040
:1005B0000F01012000FA01F20199D1F81C0840EA6C
:1005C0000240C1F81C080198009900EB4110D0F8D6
:1005D000000B0004002816D4FFE70299C8686FF3E7
:1005E000DF20097940EA81400199009A01EB42112C
:1005F000D1F8002B104348F20002C1F20002104370
:10060000C1F8000BFFE7FFE7002004B070470000CF
:1006100082B00190019800900099D1F8000940F251
:10062000FF729043C1F800090099D1F8040840F422
:100630008070C1F80408002002B070472DE9F04F27
:1006400091B00191DDF88CB0DDF888A0DDF88490E0
:10065000DDF880801F9F1E9E1D9D1C9CDDF86CE0B8
:10066000DDF868C001990199CDF840B0CDF83CA003
:10067000CDF83890CDF834800C970B960A950994F4
:10068000CDF820E0CDF81CC00693059204910390AC
:100690000998012822D1FFE70399886B20F4803064
:1006A00088630399C8684FF6BF72CFF6BD721040D9
:1006B000C8600399C86820F44010C86010980128E9
:1006C00006D1FFE70399C86840F48010C860FFE7CF
:1006D000039800F031F88DF80B0019E00399C86811
:1006E00040F04000C860039800F026F88DF80B0039
:1006F0000D9830B9FFE70399886B40F48030886328
:1007000005E00399886B20F480308863FFE7FFE7FA
:10071000079801280BD1FFE70399886840F006008D
:1007200088600399886840F020008860FFE79DF8A2
:100730000B0011B0BDE8F08F83B001900020009055
:10074000FFE7009801300090009840F64151C0F258
:100750000301884204D3FFE703208DF80B0029E052
:10076000FFE701980069C00F0028EAD0FFE70020EA
:1007700000900199086940F001000861FFE70098C6
:1007800001300090009840F64151C0F203018842C8
:1007900004D3FFE703208DF80B000BE0FFE701987F
:1007A000006900F001000128E9D0FFE700208DF882
:1007B0000B00FFE79DF80B0003B0704784B0039077
:1007C0000291039801900298007800900298407876
:1007D000012845D1FFE70198009900EB4110D0F8BE
:1007E0000009C00FA8B1FFE70198009900EB411183
:1007F000D1F8000940F00060C1F8000901980099A3
:1008000000EB4111D1F8000940F08040C1F8000927
:10081000FFE70298007800F00F01012000FA01F3D1
:10082000019AD2F83C189943C2F83C180299097809
:1008300001F00F0100FA01F20199D1F81C08904370
:10084000C1F81C080198009900EB4111D1F800098A
:1008500047F60002CEF633421040C1F8000946E0E8
:100860000198009900EB4110D0F8000BC00FA8B11F
:10087000FFE70198009900EB4111D1F8000B40F01F
:100880000060C1F8000B0198009900EB4111D1F80C
:10089000000B40F08040C1F8000BFFE702980078A1
:1008A00000F00F01012000FA01F3019AD2F83C1880
:1008B00021EA0341C2F83C180299097801F00F01BE
:1008C00000FA01F20199D1F81C0820EA0240C1F8AF
:1008D0001C080198009900EB4111D1F8000B47F674
:1008E0000002CEF6F3721040C1F8000BFFE70020C3
:1008F00004B0704782B00190019800900099D1F83F
:10090000000E20F00300C1F8000E0099D1F8040891
:1009100020F00200C1F80408002002B07047000077
:1009200082B00190019800900099D1F8000E20F05B
:100930000300C1F8000E0099D1F8040840F002004D
:10094000C1F80408002002B0704700002DE9F04F04
:1009500093B00191DDF894B0DDF890A0DDF88C90B3
:10096000DDF88880219F209E1F9D1E9CDDF874E08D
:10097000DDF870C001990199CDF848B0CDF844A0D8
:10098000CDF84090CDF83C800E970D960C950B94C9
:10099000CDF828E0CDF824C0089307920691059081
:1009A00000208DF81300059903910290FFE702984B
:1009B0000E280CD8FFE70598029900EB8101002072
:1009C000C1F80401FFE7029801300290EFE71098A8
:1009D000B8B9FFE70399D1F8040840F00200C1F864
:1009E00004080599886B40F4001088630599886BAA
:1009F00020F4002088630599886B20F480208863A8
:100A00000AE00599886B20F4001088630599886BCB
:100A100040F400208863FFE703990020C1F8000E2E
:100A20000399D1F80008C1F800080B9801280ED1ED
:100A3000FFE7089828B9FFE70598002100F038FF84
:100A400004E00598012100F033FFFFE704E005987A
:100A5000032100F02DFFFFE70598102100F05EFD57
:100A600020B1FFE701208DF81300FFE7059800F0A3
:100A700015FD20B1FFE701208DF81300FFE7039972
:100A80000020C1F810080399C1F814080399C1F8AF
:100A90001C080290FFE70298069988423BD2FFE7C4
:100AA0000398029900EB4110D0F80009C00FB0B1D3
:100AB000FFE7029848B9FFE70398029900EB41115C
:100AC0004FF00060C1F8000908E00398029900EBBC
:100AD00041114FF09040C1F80009FFE707E003988B
:100AE000029900EB41110020C1F80009FFE70398CB
:100AF000029900EB41110020C1F8100903980299F6
:100B000000EB41114FF67F30C1F80809FFE702986A
:100B100001300290BFE700200290FFE7029806999B
:100B200088423BD2FFE70398029900EB4110D0F8CE
:100B3000000BC00FB0B1FFE7029848B9FFE7039878
:100B4000029900EB41114FF00060C1F8000B08E082
:100B50000398029900EB41114FF09040C1F8000B4F
:100B6000FFE707E00398029900EB41110020C1F86C
:100B7000000BFFE70398029900EB41110020C1F838
:100B8000100B0398029900EB41114FF67F30C1F82A
:100B9000080BFFE7029801300290BFE70399D1F8F4
:100BA000100820F48070C1F81008059900208861B1
:100BB00005996FF080404861099830B9FFE70599C1
:100BC000886940F010008861FFE70599886943F65D
:100BD0000002C8F23C02104388610C9830B1FFE774
:100BE0000599886940F008008861FFE7109801289E
:100BF00008D1FFE7059988690422C4F20002104376
:100C00008861FFE79DF8130013B0BDE8F08F000086
:100C100081B000900099886820F001008860002071
:100C200001B0704785B0049003918DF80B200498B3
:100C3000019003980078009003984078012840F0D4
:100C40009580FFE703988069F8B9FFE7019800995C
:100C500000EB4111D1F810096FF3DC40C1F8100925
:100C60000198009900EB4111D1F8100940F40020DF
:100C7000C1F810090198009900EB4111D1F8100951
:100C80006FF31200C1F8100935E00198009900EBEC
:100C90004111D1F810096FF31200C1F81009019841
:100CA000009900EB4111D1F810096FF3DC40C1F855
:100CB00010090398C1688069884204D9FFE7039945
:100CC000C8688861FFE70198009900EB4111D1F8ED
:100CD000100940F40020C1F81009039882696FF3ED
:100CE000DF420198009900EB4111D1F8100910433F
:100CF000C1F81009FFE79DF80B00012818D1FFE7A4
:100D00000398406948B1FFE7039840690199009A48
:100D100001EB4211C1F81409FFE70198009900EBBB
:100D20004111D1F8000940F00440C1F800091CE06D
:100D30000198009900EB4111D1F8000940F00440FE
:100D4000C1F800090398806970B1FFE70398007843
:100D500000F00F01012000FA01F20199D1F83408E6
:100D60001043C1F83408FFE7FFE753E0019800990A
:100D700000EB4111D1F8100B6FF31200C1F8100B0A
:100D80000198009900EB4111D1F8100B6FF3DC4092
:100D9000C1F8100B0398806920B1FFE70399C86878
:100DA0008861FFE70399C868C8610198009900EB62
:100DB0004111D1F8100B40F40020C1F8100B03983A
:100DC000C2696FF3DF420198009900EB4111D1F83D
:100DD000100B1043C1F8100B9DF80B0001280ED129
:100DE000FFE70398006948B1FFE70398006901999C
:100DF000009A01EB4211C1F8140BFFE7FFE70198DD
:100E0000009900EB4111D1F8000B40F00440C1F80B
:100E1000000BFFE7002005B07047000086B004908B
:100E20008DF80F100292049801900498006C0090C5
:100E3000009843F20B01C4F6547188420BD3FFE7CC
:100E40000198D0F8000BC00F20B1FFE700208DF80B
:100E500017002EE0FFE701990020C1F8100B01995F
:100E6000D1F8100B40F40020C1F8100B0199D1F813
:100E7000100B40F01800C1F8100B0199D1F8100BBD
:100E800040F0C040C1F8100B9DF80F0001280CD1B4
:100E9000FFE702980199C1F8140B0199D1F8000BF2
:100EA00040F08020C1F8000BFFE700208DF817000C
:100EB000FFE79DF8170006B07047000084B003906C
:100EC000029103980190029800780090029840786F
:100ED000012820D1FFE70198009900EB4111D1F8DA
:100EE000000920F40010C1F80009029800790328D5
:100EF00005D0FFE70298007902280BD1FFE701989F
:100F0000009900EB4111D1F8000940F08050C1F880
:100F10000009FFE71FE00198009900EB4111D1F8AB
:100F2000000B20F40010C1F8000B02980079032890
:100F300005D0FFE70298007902280BD1FFE701985E
:100F4000009900EB4111D1F8000B40F08050C1F83E
:100F5000000BFFE7FFE7002004B0704784B0039068
:100F600002910398019002980078009002984078CE
:100F7000012822D1FFE70198009900EB4110D0F839
:100F80000009C00F70B9FFE7009858B1FFE701985A
:100F9000009900EB4111D1F8000920F08040C1F820
:100FA0000009FFE70198009900EB4111D1F8000911
:100FB00040F40010C1F8000921E00198009900EB0D
:100FC0004110D0F8000BC00F70B9FFE7009858B17E
:100FD000FFE70198009900EB4111D1F8000B20F0D8
:100FE0008040C1F8000BFFE70198009900EB411128
:100FF000D1F8000B40F40010C1F8000BFFE700200F
:1010000004B0704780B588B0079006918DF817201E
:101010000798049006980078039006984078012875
:1010200040F00381FFE706988069F8B9FFE704986C
:10103000039900EB4111D1F810096FF3DC40C1F8BE
:1010400010090498039900EB4111D1F8100940F4FC
:101050000020C1F810090498039900EB4111D1F860
:1010600010096FF31200C1F8100950E004980399B9
:1010700000EB4111D1F810096FF31200C1F810090B
:101080000498039900EB4111D1F810096FF3DC408B
:10109000C1F810090698C168806908440138B0FB9E
:1010A000F1F10020C1F6F87000EAC14204980399FA
:1010B00000EB4111D1F810091043C1F8100906984E
:1010C00082696FF3DF420498039900EB4111D1F874
:1010D00010091043C1F8100906980079012815D1AC
:1010E000FFE70498039900EB4111D1F8100920F0B3
:1010F000C040C1F810090498039900EB4111D1F8E0
:10110000100940F00050C1F81009FFE7FFE79DF813
:10111000170001283BD1FFE70698406948B1FFE777
:10112000069840690499039A01EB4211C1F8140929
:10113000FFE70698007901281ED1FFE70498D0F850
:101140000808C00500280BD4FFE70498039900EBBA
:101150004111D1F8000940F00050C1F800090AE03F
:101160000498039900EB4111D1F8000940F0805038
:10117000C1F80009FFE7FFE70498039900EB41116C
:10118000D1F8000940F00440C1F800094CE004988F
:10119000039900EB4111D1F8000940F00440C1F877
:1011A000000906980079012813D0FFE706988069A6
:1011B00070B1FFE70698007800F00F01012000FAF7
:1011C00001F20499D1F834081043C1F83408FFE75C
:1011D00029E00498D0F80808C00500280BD4FFE7E0
:1011E0000498039900EB4111D1F8000940F0005038
:1011F000C1F800090AE00498039900EB4111D1F805
:10120000000940F08050C1F80009FFE70798069BED
:1012100019691A781B8B9DF817C0EE46CEF800C0EE
:1012200000F036FCFFE7FFE79DE00498039900EB30
:101230004111D1F8100B6FF31200C1F8100B049894
:10124000039900EB4111D1F8100B6FF3DC40C1F8AA
:10125000100B06988069C0B9FFE70698C2686FF363
:10126000DF420498039900EB4111D1F8100B1043B1
:10127000C1F8100B0498039900EB4111D1F8100B41
:1012800040F40020C1F8100B2CE00698C16880697A
:1012900008440138B0FBF1F0ADF80A000699C868BF
:1012A000BDF80A205043C861BDF80A100020C1F6FD
:1012B000F87000EAC1420498039900EB4111D1F89B
:1012C000100B1043C1F8100B0698C2696FF3DF4290
:1012D0000498039900EB4111D1F8100B1043C1F8A9
:1012E000100BFFE79DF8170001280ED1FFE70698C5
:1012F000006948B1FFE7069800690499039A01EB79
:101300004211C1F8140BFFE7FFE7069800790128A6
:101310001ED1FFE70498D0F80808C00500280BD4B8
:10132000FFE70498039900EB4111D1F8000B40F05E
:101330000050C1F8000B0AE00498039900EB41113A
:10134000D1F8000B40F08050C1F8000BFFE7FFE739
:101350000498039900EB4111D1F8000B40F00440D0
:10136000C1F8000BFFE7002008B080BD85B00490F5
:101370000391002002908DF80700049800900398D4
:10138000407801283ED1FFE700980399097800EBE7
:101390004110D0F80009C00F98B3FFE700980399F7
:1013A000097800EB4111D1F8000940F00060C1F864
:1013B000000900980399097800EB4111D1F8000960
:1013C00040F08040C1F80009FFE702980130029028
:1013D000029842F21171884204D3FFE701208DF890
:1013E00007000DE0FFE700980399097800EB411032
:1013F000D0F8000900F00040B0F1004FE5D0FFE761
:10140000FFE73DE000980399097800EB4110D0F820
:10141000000BC00F98B3FFE700980399097800EB21
:101420004111D1F8000B40F00060C1F8000B0098AA
:101430000399097800EB4111D1F8000B40F080408E
:10144000C1F8000BFFE7029801300290029842F2C7
:101450001171884204D3FFE701208DF807000DE0E9
:10146000FFE700980399097800EB4110D0F8000BD2
:1014700000F00040B0F1004FE5D0FFE7FFE7FFE7E5
:101480009DF8070005B0704781B00090009988680A
:1014900040F001008860002001B0704783B00190E7
:1014A00000200090FFE7009801300090009840F67F
:1014B0004151C0F20301884204D3FFE703208DF8B5
:1014C0000B0027E0FFE701980069C00F0028EAD071
:1014D000FFE700200090019910200861FFE70098C5
:1014E00001300090009840F64151C0F2030188425B
:1014F00004D3FFE703208DF80B000BE0FFE7019812
:10150000006900F010001028E9D0FFE700208DF8F6
:101510000B00FFE79DF80B0003B0704784B002900A
:10152000019100200090FFE70098013000900098A2
:1015300040F64151C0F20301884204D3FFE7032083
:101540008DF80F0029E0FFE702980069C00F00281E
:10155000EAD0FFE700200090019880012030029936
:101560000861FFE7009801300090009840F6415173
:10157000C0F20301884204D3FFE703208DF80F0077
:101580000BE0FFE70298006900F020002028E9D076
:10159000FFE700208DF80F00FFE79DF80F0004B073
:1015A0007047000084B00390039802900298D0F82E
:1015B000080800F006000090009820B9FFE700201E
:1015C0008DF8070010E00098022804D0FFE700988B
:1015D000062804D1FFE702208DF8070003E00F2062
:1015E0008DF80700FFE7FFE79DF8070004B070479C
:1015F00081B000900098406900F0010001B0704790
:1016000083B00290029801900198D0F818080090D9
:101610000198D0F81C18009808400090BDF8000010
:1016200003B0704783B00290029801900198D0F8FF
:10163000180800900198D0F81C18009808400090F5
:10164000BDF8020003B0704786B005908DF8131006
:10165000059803900398D0F8100801900398D0F8EB
:101660003408009000989DF8131001F00F01C84055
:1016700000F00101019840EAC110019003989DF823
:10168000131000EB4110D0F80809019908400290AE
:10169000029806B07047000084B003908DF80B10DC
:1016A0000398019001989DF80B1000EB4110D0F8C1
:1016B000080B00900198D0F814180098084000908A
:1016C000009804B07047000082B001900198406912
:1016D000009001988169009808400090009802B03D
:1016E0007047000089B008900791ADF81A2008985B
:1016F000059007980490BDF81A0080080190BDF885
:101700001A0000F00300ADF8020000200290FFE78D
:1017100002980199884217D2FFE705984FF480514B
:1017200040580499086004980130049004980130EE
:101730000490049801300490049801300490FFE76D
:10174000029801300290E3E7BDF8020008B3FFE71A
:101750000020029005984FF4805140580390FFE715
:1017600003989DF80810C900C840049908700298B1
:1017700001300290049801300490BDF80200013855
:10178000ADF80200FFE7BDF802000028E8D1FFE74E
:10179000FFE7049809B0704780B586B004908DF8D3
:1017A0000F10002002900499C86820F0C040C86063
:1017B0009DF80F00012823D1FFE70499C86840F085
:1017C0000050C860FFE70120F3F742F902980130AA
:1017D0000290FFE70498FFF70BFF01460020012964
:1017E000019007D0FFE702990020322938BF01207D
:1017F0000190FFE70198C0070028E4D1FFE72AE045
:101800009DF80F0010BBFFE70499C86840F08040C6
:10181000C860FFE70120F3F71BF90298013002903E
:10182000FFE70498FFF7E4FE01460020009039B17D
:10183000FFE702990020322938BF01200090FFE71E
:101840000098C0070028E5D1FFE703E001208DF8EC
:1018500017000CE0FFE70298322804D1FFE70120CF
:101860008DF8170003E000208DF81700FFE79DF8C2
:10187000170006B080BD000083B002908DF80710FD
:10188000029800900099D1F8000820F4FE60C1F899
:1018900000089DF8070000F07F020099D1F80008C9
:1018A00040EA0210C1F80008002003B070470000B1
:1018B00083B002908DF80710029800909DF80720E1
:1018C0000099D1F800081043C1F80008002003B0C7
:1018D0007047000084B0039002918DF807209DF8B6
:1018E0000700022840F0B880FFE702984AF6C0419E
:1018F000C0F2D80188420BD3FFE702984EF2BF1125
:10190000C0F2E401884203D8FFE70F200090A2E074
:1019100002984EF2C011C0F2E40188420BD3FFE7F7
:10192000029842F2FF31C0F2F401884203D8FFE787
:101930000E2000908EE0029842F20041C0F2F401C5
:1019400088420BD3FFE7029847F27F31C0F20611BD
:10195000884203D8FFE70D2000907AE0029847F212
:101960008031C0F2061188420BD3FFE7029844F69B
:101970009F11C0F21A11884203D8FFE70C20009093
:1019800066E0029844F6A011C0F21A1188420BD307
:10199000FFE7029842F6FF41C0F23111884203D8B6
:1019A000FFE70B20009052E0029842F60051C0F28F
:1019B000311188420BD3FFE702984AF23F41C0F24F
:1019C0004C11884203D8FFE70A2000903EE00298BD
:1019D0004AF24041C0F24C1188420BD3FFE7029813
:1019E00043F2FF51C0F26E11884203D8FFE709208D
:1019F00000902AE0029843F20061C0F26E11884222
:101A00000BD3FFE702984AF61F31C0F2A6118842B5
:101A100003D8FFE70820009016E002984AF620312C
:101A2000C0F2A61188420BD3FFE7029844F2FF717F
:101A3000C0F2E811884203D8FFE70720009002E0D7
:101A400006200090FFE7FFE7FFE7FFE7FFE7FFE77C
:101A5000FFE7FFE7FFE70AE09DF8070018B9FFE797
:101A60000920009002E009200090FFE7FFE70399BA
:101A7000C86820F47050C860009800F00F02039905
:101A8000C86840EA8220C860002004B070470000A7
:101A900080B588B084460A98CDF81CC006918DF8B0
:101AA0001720ADF814308DF81300079803900698AE
:101AB00002909DF8130048BBFFE7BDF81400033007
:101AC0008008019000200090FFE70098019988426B
:101AD0001BD2FFE70298006803999DF8172001EBDD
:101AE00002314FF4805288500298013002900298DF
:101AF0000130029002980130029002980130029069
:101B0000FFE7009801300090DFE7FFE7002008B012
:101B100080BD000080B582B0019001990A4652F85C
:101B20001C0B043141F2A443C2F20003F1F7E4FDBF
:101B300002B080BD80B582B00190ADF8021001986E
:101B4000806B006800680003002824D4FFE7019838
:101B5000806B0168086820F0010008600198806BC4
:101B60000168086840F4002008600198806B0168F3
:101B700024204860BDF8020012280BD1FFE740F690
:101B80009870C2F2000040F24C51C2F20001FAF724
:101B900077FFFFE724E00198806B0168086820F078
:101BA000010008600198806B0168086820F400203B
:101BB00008600198806B016824204860BDF802002D
:101BC00012280CD1FFE740F69870C2F200001230E4
:101BD00040F24C51C2F20001FAF752FFFFE7FFE773
:101BE00002B080BD80B582B00190ADF802100198BE
:101BF000806B006800680003002820D4FFE701988C
:101C0000806B0168086820F0010008600198806B13
:101C10000168086840F400200860BDF802000B2845
:101C200007DBFFE740F60000C2F20000F7F75CF9BF
:101C3000FFE70198806B01684E20486020E0019822
:101C4000806B0168086820F0010008600198806BD3
:101C50000168086820F400200860BDF802000B2825
:101C600008DBFFE740F60000C2F200002730F7F77C
:101C70003BF9FFE70198806B01684E204860FFE761
:101C800002B080BD80B582B001900198007BC00792
:101C900008B9FFE737E0F3F713F9014642F2405085
:101CA000C2F200000160006801998968411A42F29D
:101CB0004450C2F2000001600068019A1168D288A5
:101CC00001EB8201498888421DD3FFE70199C8884A
:101CD0000130C8800199C8888988884204DBFFE701
:101CE000019801F0B5FB0EE042F24050C2F2000054
:101CF00000680199886001990868C98810F8210076
:101D000000F04EFEFFE702B080BD000080B582B05B
:101D10000190F3F7D5F80090009801990969401AED
:101D2000B0F57A7F34D3FFE70098019908610199F3
:101D3000087D4875F0F7D2FC019880ED000AF0F7B5
:101D40003BFD019880ED030A019890ED000A90EDAB
:101D5000021AB4EE410AF1EE10FA04DDFFE7019930
:101D60000220087513E0019890ED000A90ED011A29
:101D7000B4EE410AF1EE10FA04DAFFE7019901200E
:101D8000087503E0019900200875FFE7FFE7FFE70A
:101D900002B080BDFFE7FEE784B003900291ADF88A
:101DA0000620029800900C2821D80099DFE801F065
:101DB000071F1F1F0D1F1F1F131F1F1F1900BDF817
:101DC000060003990968486312E0BDF8060003990C
:101DD000096888630CE0BDF8060003990968C863C8
:101DE00006E0BDF8060003990968086400E0FFE713
:101DF00004B0704780B582B0019000910198152120
:101E000001F0C2FE012840F0A080FFE70199887828
:101E1000C97840EA01206FF3DF200099088001991A
:101E2000C8780979C00840EA41106FF3DF200099B3
:101E30004880019908794A798979800940EA8200C5
:101E400040EA81206FF3DF2000998880019988792A
:101E5000C979400840EAC1106FF3DF200099C880BB
:101E60000198C079C0F30110009908720198C079F7
:101E7000C0F38010009948720198C079C009009998
:101E800088720198007A00F001000099C8720199E7
:101E9000087A497A400840EAC1106FF3DF200099C0
:101EA00088810198407AC0F30010009988730099E6
:101EB0000888A0F58060088000994888A0F58060B7
:101EC000488000998888A0F5806088800099C8883B
:101ED000A0F58060C88000998889A0F5806088811D
:101EE0000199887AC97A40EA01200099088201990B
:101EF000087B497B40EA0120009948820199887B50
:101F0000C97B40EA0120009988820198007C00F09A
:101F10000300009988750198007CC0F38100009946
:101F2000C8750198007CC0F30110009908760199EA
:101F3000487C897C40EA0120009948830099FA2076
:101F40000877009900204877FFE702B080BD0000C5
:101F500083B002900298007F322810D8FFE70299E0
:101F60000091002001908883886148610861C86001
:101F70008860486008600299012048770AE002986A
:101F8000007F012805DBFFE70299087F0138087709
:101F9000FFE7FFE703B0704780B584B0039002917C
:101FA000019202984078002818BF0120039981F817
:101FB0003B0002988078039908750298C0780399CD
:101FC00048750298007903998875029840790399B9
:101FD000C87502988079039908740298C0790399AA
:101FE00048740298007A039988740298407A039999
:101FF000C8740298807A039981F828000298C07A00
:10200000039981F829000298007B039981F82A003E
:102010000298407B039981F82B000398143000F05C
:102020006BF9039880ED120A0398103000F064F900
:10203000039880ED0F0A0398283000F05DF90398AB
:1020400080ED0D0A04B080BD80B586B0059040F2E9
:10205000B870C2F2000090ED000AB1EE400A8DEDBA
:10206000000A011D0491694603910C300290059904
:10207000FF200870059991F838004870039800789F
:1020800005998870039840780599C87003988078FE
:10209000059908710398C0780599487102980078ED
:1020A00005998871029840780599C87102988078DE
:1020B000059908720298C0780599487204980078CA
:1020C00005998872049840780599C87204988078B8
:1020D000059908730498C0780599487305990020FC
:1020E000887305990D20C87305981021EFF732FE0B
:1020F00006B080BD80B582B001900020009042F211
:10210000C841C2F2000181F83800FFE700F0E0FBAF
:10211000009042F2C840C2F20000FFF795FF684607
:10212000012100F0B7FBF1E7D0B502AFA2B047F84C
:102130000C0C07F80D1C4FF0FF4047F8780C17F80F
:102140000D1C684647F87C0C072000EB810020F04E
:1021500007026846801A47F88C0C85468A0047F8C3
:10216000882C47F8801C57F80C1C17F80D2C92008F
:10217000EEF76CFE57F88C1C57F8882CA7F171000D
:1021800047F8840CEEF71DFE57F8841C17F80D2C49
:1021900057F8780C41F8220017F80D2C042000EBBA
:1021A000820243F26810C2F200000A23F6F788FCAC
:1021B00057F87C0C8546A7F10804A546D0BD000061
:1021C00081B000EE100A009000994FF0807000EB93
:1021D0004100B0FA80F0400901B0704781B000EED4
:1021E000100A0090009820F00040C0F1FF40C00F9E
:1021F00001B0704781B08DF803009DF903000028FD
:102200000ED4FFE79DF9031001F01F02012090405A
:102210004A094EF20011CEF2000141F82200FFE718
:1022200001B070474EF60C50CEF200000068C0F3CB
:102230000220704782B08DF8070000919DF90700D9
:1022400000280AD4FFE7009800019DF907104EF21C
:102250000042CEF2000288540BE0009800019DF885
:10226000071001F00F014EF61452CEF2000288540E
:10227000FFE702B07047000083B00290029800F0C0
:10228000070000904EF60C51CEF200010868019054
:1022900001984FF6FF02104001900198009A40EA21
:1022A00002200022C0F2FA52104301900198086007
:1022B00003B07047BFF34F8F4EF60C51CEF20001C2
:1022C000086800F4E0600422C0F2FA52104308608B
:1022D000BFF34F8FFFE700BFFDE7000082B0019022
:1022E000019800788DF80200019840788DF803007D
:1022F000BDF9020002B0704782B0019001980078E9
:102300008DF80000019840788DF8010001988078E0
:102310008DF802000198C0788DF803009DED000A49
:1023200002B0704780B584B003908DED020AADF81D
:102330000610002000900398007800F001000128AA
:1023400020D0FFE70399088948810398B0F9081065
:1023500000EE101AB8EEC00ABDF8061001EE101A11
:10236000B8EEC11A9DED022A21EE021A80EE010A92
:102370009FED4F1A20EE010A80ED030A0399012018
:102380000870FFE70399B1F90800B1F90A10401A83
:1023900000EE100AB8EEC00A8DED000A9DED000AAD
:1023A000BDF8060001EE100AB8EEC11AB6EE002A1A
:1023B00021EE021AB4EE410AF1EE10FA1CDDFFE73D
:1023C0009DED000ABDF8060001EE100AB8EEC11A34
:1023D00030EE410A9DED022A21EE021A80EE010A3A
:1023E000039890ED031A9FED322A20EE020A30EE98
:1023F000010A80ED030A49E09DED000ABDF80600E0
:10240000404201EE100AB8EEC11AB6EE002A21EEE3
:10241000021AB4EE410AF1EE10FA1CDAFFE79DED64
:10242000000ABDF8060001EE100AB8EEC11A30EE3F
:10243000010A9DED022A21EE021A80EE010A03989C
:1024400090ED031A9FED1A2A20EE020A30EE010ADF
:1024500080ED030A19E09DED000ABDF8060001EECB
:10246000100AB8EEC11A9DED022A21EE021A80EE82
:10247000010A039890ED031A9FED0D2A20EE020A3F
:1024800030EE010A80ED030AFFE7FFE703990889B0
:102490004881039890ED030ADFED060A9FED061AC6
:1024A00000F0B8F8039890ED030A04B080BD00BFB7
:1024B0000000B443000034C30000344386B00490ED
:1024C0008DED030AADF80A100020019000900498E9
:1024D00018B9FFE70020059096E00498007800F016
:1024E000010001280AD0FFE704990889488104996E
:1024F0000020C860049901200870FFE70499B1F931
:102500000800B1F90A10884210DAFFE70499B1F91E
:102510000800B1F90A10401ABDF80A10084400EE8C
:10252000100AB8EEC00A8DED010A18E00499B1F95D
:102530000800B1F90A10884210DDFFE70499B1F9EB
:102540000800B1F90A10401ABDF80A10401A00EE4E
:10255000100AB8EEC00A8DED010AFFE7FFE7049903
:10256000B1F90800B1F90A10401A00EE100AB8EEED
:10257000C00A8DED000A0499088948819DED010A81
:10258000B0EEC00A9DED001AB0EEC11AB4EE410AD9
:10259000F1EE10FA1ADDFFE79DED000ABDF80A0022
:1025A00001EE100AB8EEC11A9DED032A21EE021ABF
:1025B00080EE010A049890ED031A9FED152A20EE93
:1025C000020A30EE010A80ED030A19E09DED010ACE
:1025D000BDF80A0001EE100AB8EEC11A9DED032AFB
:1025E00021EE021A80EE010A049890ED031A9FED85
:1025F000082A20EE020A30EE010A80ED030AFFE706
:102600000498C0680590FFE79DED050A06B0704785
:102610000000B44385B08DED030ACDED020A8DEDC7
:10262000011A9DED010A9DED021AB4EE410AF1EE88
:1026300010FA03DAFFE70398049049E09DED010AE0
:102640009DED021A30EE410A8DED000A9DED030A60
:102650009DED011AB4EE410AF1EE10FA15DDFFE727
:10266000FFE79DED001A9DED030A30EE410A8DED66
:10267000030AFFE79DED030A9DED011AB4EE410A3E
:10268000F1EE10FAEDDCFFE71FE09DED030A9DED92
:10269000021AB4EE410AF1EE10FA15DAFFE7FFE78D
:1026A0009DED001A9DED030A30EE010A8DED030A3F
:1026B000FFE79DED030A9DED021AB4EE410AF1EE2B
:1026C00010FAEDDBFFE7FFE7FFE703980490FFE771
:1026D0009DED040A05B0704786B08DED050ACDED7D
:1026E000040A8DED031A02909DED030A9DED041A74
:1026F00030EE410A8DED010A049800909DED050A27
:102700009DED001A30EE410A0299012088400138FF
:1027100001EE100AB8EEC11A20EE010A9DED011A71
:1027200080EE010ABDEEC00A10EE100A06B0704736
:1027300084B002900191ADF80220029828B9FFE719
:102740004FF6FF70ADF80E0021E0FFE70198411E43
:102750000191B8B1FFE70298411C029100788DF811
:102760000100BDF802109DF801004840C2B244F6D5
:102770009A20C0F6010030F8120080EA1120ADF86E
:102780000200E3E7BDF80200ADF80E00FFE7BDF878
:102790000E0004B07047000083B0029001918DF8E4
:1027A0000320FFE70198411E019198B1FFE79DF8D2
:1027B000030002994A1C0292097848408DF80200F1
:1027C0009DF8021044F6DC00C0F60100405C8DF874
:1027D0000300E7E79DF8030003B0704781B0EFF313
:1027E000058000900098002818BF012001B07047B4
:1027F00080B582B000200190F2F776FBFAF758FD21
:10280000F7F7E6FCF7F7CEFBF7F7A4FDF7F712FEB4
:10281000F7F7C8FDF7F776FBF7F79CFBF7F7D8FE5D
:10282000F7F7B6FEF7F7EEFAF7F72CFBF7F7F2FE3D
:10283000F7F76CFEF7F7D6FAF7F70AFC00F042F864
:10284000FFE7FEE782B0ADF8060000200090BDF97A
:102850000600842807D0FFE7BDF906000099084468
:1028600003300090FFE7009802B0704780B584B055
:10287000039003980290029818B1FFE70298019024
:1028800002E001200190FFE7019800F0EBFF00203B
:1028900004B080BD80B586B0059004910498039083
:1028A00005980290039818B1FFE70398019002E0A1
:1028B00001200190FFE70298019901F00BF8002038
:1028C00006B080BD80B501F08FF8002080BD00000B
:1028D00080B582B0FFF782FF20B1FFE701F02AFB4D
:1028E000019003E001F01CFB0190FFE7019802B0AA
:1028F00080BD0000B0B590B00E900D910E9840696B
:1029000038B3FFE70E98806918B3FFE70E980168A7
:10291000089141680B91016909910D990A91B0F9EB
:102920000800FFF78FFF0899099A0A9B84460B98C5
:10293000DDF838E0DEF81440DEF81850EE46CEF848
:102940000850CEF80440CEF800C001F081FA0C9097
:1029500020E00E980168049141680791018A059171
:102960000D990691B0F90800FFF76CFF0499059ADC
:10297000069B84460798EE460CACCEF80440CEF891
:1029800000C001F015FA012803D0FFE700200F90E6
:1029900003E0FFE70C980F90FFE70F9810B0B0BD71
:1029A00080B584B08DF80F009DF80F0001460191AD
:1029B00006282FD80199DFE801F0040A10161C221E
:1029C00027004DF20000C4F20240029025E04DF2D3
:1029D0001F50C4F2124002901FE04DF20000C4F2FA
:1029E0002440029019E049F67150C4F22E40029042
:1029F00013E04FF65C70C4F2434002900DE00020FB
:102A0000C4F25C40029008E04FF24810C4F27640F5
:102A1000029002E00020029004E09DED020A00F026
:102A2000A5FCFFE704B080BD80B584B0039002919F
:102A300049F2E870C2F200000068009043F24420BE
:102A4000C2F200000268002182F8521000680430CF
:102A500000F032FD88B9FFE743F24420C2F20000E3
:102A60000068C16A012000FA01F249F2FC21C2F2B9
:102A7000000108689043086000E0FFE70398013018
:102A800080B9FFE7029868B1FFE743F24420C2F241
:102A900000000068011D49F2C070C2F2000000F0A1
:102AA0009BFD3DE00098039908440190019843F292
:102AB0004421C2F2000109684860019800998842E7
:102AC0000ED2FFE743F25020C2F20000006843F24A
:102AD0004421C2F200010968043100F047FD1EE004
:102AE00043F24820C2F20000006843F24421C2F2DF
:102AF00000010968043100F039FD019849F28C7138
:102B0000C2F200010968884207D2FFE7019849F242
:102B10008C71C2F20001086000E0FFE7FFE7FFE709
:102B200004B080BD80B582B0019000F07DFD49F217
:102B3000EC21C2F2000108680130086043F2442031
:102B4000C2F20000006898B9FFE7019843F24421FF
:102B5000C2F20001086049F2EC20C2F200000068F5
:102B6000012803D1FFE700F0D1F900E0FFE71CE006
:102B700049F2B470C2F200000068A0B9FFE743F266
:102B80004420C2F200000068C06A0199C96A884204
:102B900007D8FFE7019843F24421C2F20001086020
:102BA00000E0FFE700E0FFE7FFE749F2F821C2F2AB
:102BB00000010868013008600198C16A012000FA2C
:102BC00001F249F2FC21C2F20001086810430860DA
:102BD0000199C86A00EB800243F25420C2F200005F
:102BE00000EB8200043100F0F7FC00F049FD49F2EF
:102BF000B470C2F200000068C8B1FFE743F244209D
:102C0000C2F200000068C06A0199C96A88420CD209
:102C1000FFE74EF60451CEF200014FF080500860FD
:102C2000BFF34F8FBFF36F8F00E0FFE700E0FFE7D8
:102C300002B080BD80B582B0FFE749F2F020C2F259
:102C40000000006808B3FFE700F0EEFC49F2D47022
:102C5000C2F20000C068C06801900198043000F022
:102C60002BFC49F2EC21C2F200010868013808602F
:102C700049F2F021C2F2000108680138086000F052
:102C8000FFFC019800F004F8D7E702B080BD000017
:102C900080B582B00090009890F8510040B9FFE7ED
:102CA0000098006B00F012FD009800F00FFD1CE092
:102CB000009890F85100012804D1FFE7009800F037
:102CC00005FD11E0009890F8510002280BD0FFE7B5
:102CD0004FF0500080F31188BFF36F8FBFF34F8F19
:102CE0000190FFE7FEE7FFE7FFE702B080BD0000CD
:102CF00084B04FF4C040009043F2E020C2F20000E4
:102D000001909DF80400400788B1FFE70198073063
:102D10000190019820F007000190019A43F2E02110
:102D2000C2F200010098891A08440090FFE7019858
:102D30000290029949F2B870C2F2000001600021CD
:102D400041600298009A104401900198083801905F
:102D5000019820F007000190019A43F24C20C2F242
:102D600000000260026851600268116002990391DC
:102D70000199039A891A51600068039908600398C1
:102D8000406849F28871C2F2000108600398406807
:102D900049F22C31C2F20001086049F20031C2F25E
:102DA00000014FF00040086004B0704780B582B069
:102DB0000190FFE7FFF73EFF43F25420C2F200000C
:102DC000006802280CD3FFE74EF60451CEF2000152
:102DD0004FF080500860BFF34F8FBFF36F8F00E05C
:102DE000FFE7E7E780B588B0DDF834C0DDF830C034
:102DF000DDF82CC0DDF828C00690059104920393FD
:102E00000C98006B04998900A522EEF751F80C98F4
:102E1000006B049900EB810004380290029820F0C6
:102E2000070002909DF80800400758B1FFE74FF0F7
:102E3000500080F31188BFF36F8FBFF34F8F07905F
:102E4000FFE7FEE70598F8B1FFE700200190FFE7F4
:102E500001980F2813D8FFE70598019A805C0C9918
:102E6000114481F8340005980199405C08B9FFE7E6
:102E700005E0FFE7FFE7019801300190E8E70C99D2
:102E8000002081F8430004E00C99002081F8340010
:102E9000FFE70A98072803D3FFE706200A9000E01F
:102EA000FFE70A980C99C8620A980C9948640C9933
:102EB0000020009088640C98043000F04FFB0C98C0
:102EC000183000F04BFB00980C9909610A99C1F188
:102ED00007010C9A91610C9949620C99C8640C998C
:102EE00081F850000C9981F8520002980699039AD3
:102EF00000F00CFA0C9908600B9820B1FFE70C98D1
:102F00000B99086000E0FFE708B080BD80B584B091
:102F100000200390FFE70398062810D8FFE70398E6
:102F200000EB800143F25420C2F2000000EB81006C
:102F300000F0FCFAFFE7039801300390EBE749F259
:102F40000430C2F20000019000F0F0FA49F21830AB
:102F5000C2F20000029000F0E9FA49F2A070C2F259
:102F6000000000F0E3FA49F2D470C2F2000000F071
:102F7000DDFA49F2C070C2F2000000F0D7FA019900
:102F8000029843F24822C2F20002116043F250213B
:102F9000C2F20001086004B080BD000083B002905E
:102FA00049F2B870C2F200000190FFE70198006892
:102FB0000299884205D2FFE7FFE701980068019077
:102FC000F4E7019800900098019949680844029933
:102FD000884209D1FFE70298426801994868104485
:102FE00048600198029000E0FFE702980090009886
:102FF00002994968084401990968884220D1FFE78D
:103000000198006843F24C21C2F20001096888422D
:103010000DD0FFE7019800684268029948681044A3
:1030200048600198006800680299086007E043F270
:103030004C20C2F20000006802990860FFE704E03B
:103040000198006802990860FFE701980299884298
:1030500004D0FFE702980199086000E0FFE703B0A1
:103060007047000008480068006880F308884FF047
:10307000000080F3148862B661B6BFF34F8FBFF3D0
:103080006F8F00DF00BF000008ED00E081B043F269
:103090004820C2F200000068006840B9FFE749F22A
:1030A0008C71C2F200014FF0FF3008600FE043F274
:1030B0004820C2F200000068C068C0680090009814
:1030C000406849F28C71C2F200010860FFE701B06C
:1030D0007047000083B00020009040F26C50C2F2B4
:1030E00000000068013058B1FFE74FF0500080F356
:1030F0001188BFF36F8FBFF34F8F0290FFE7FEE79A
:103100004FF0500080F31188BFF36F8FBFF34F8FE4
:103110000190FFE7009808B9FFE7FBE703B07047AD
:1031200080B58AB006900020029000F0C5FC43F202
:103130004C20C2F20000006818B9FFE7FFF7D8FD85
:1031400000E0FFE7069849F20031C2F20001096889
:10315000084240F0C580FFE7069800B3FFE70698F5
:10316000083006909DF818004007B0B1FFE70698B8
:1031700020F00700083006909DF81800400758B16D
:10318000FFE74FF0500080F31188BFF36F8FBFF35C
:103190004F8F0990FFE7FEE700E0FFE700E0FFE761
:1031A0000698002800F09A80FFE7069849F22C3133
:1031B000C2F200010968884200F29080FFE749F2FC
:1031C000B870C2F20000049000680590FFE705980F
:1031D0004168069A00209142019007D2FFE70598C6
:1031E0000068002818BF01200190FFE70198C00780
:1031F00030B1FFE705980490059800680590E6E770
:10320000059843F24C21C2F200010968884263D05C
:10321000FFE7049800680830029005980068049958
:103220000860059840680699401A112821D3FFE7E5
:1032300005980699084403909DF80C00400758B182
:10324000FFE74FF0500080F31188BFF36F8FBFF39B
:103250004F8F0890FFE7FEE7059840680699401AEF
:10326000039948600698059948600398FFF796FE11
:1032700000E0FFE70598426849F22C30C2F20000F6
:103280000168891A0160006849F28871C2F2000180
:10329000096888420BD2FFE749F22C30C2F20000E5
:1032A000006849F28871C2F20001086000E0FFE79F
:1032B00049F20030C2F200000268059948681043E4
:1032C000486005990020086049F29471C2F200013B
:1032D00008680130086000E0FFE700E0FFE700E079
:1032E000FFE700F013FF9DF80800400758B1FFE723
:1032F0004FF0500080F31188BFF36F8FBFF34F8FF3
:103300000790FFE7FEE702980AB080BD83B0029005
:103310000191009202980438029002994FF0807057
:103320000860029804380290019820F00100029988
:103330000860029804380290029943F2D500C0F662
:103340000100086002981438029000980299086001
:1033500002980438029002996FF002000860029807
:1033600020380290029803B07047000083B08DEDC2
:10337000020A40F23F1001900198013000EE100A5D
:10338000B8EE400A9DED021A20EE011A9FED130AD5
:1033900080EE010ABFEE001A30EE010ABCEEC00A50
:1033A0008DED000A019843F2D801C2F200010968CC
:1033B0008862FFE7009843F2D801C2F200010A6870
:1033C000D0620098C860FFE70098400843F2D80137
:1033D000C2F200010968C86303B07047A037A04C6F
:1033E00080B582B043F2D800C2F200000190F4F739
:1033F00097F901980821F4F7E9FD02B080BD0000BB
:1034000080B584B003900291ADF80620029803992C
:103410000860BDF806000399888003990020C880E1
:10342000F1F74EFD03998860039901200873FFF7B7
:10343000D7FF02980078FFF7B3FA04B080BD000010
:1034400043F2D800C2F2000001680020C863704750
:1034500080B582B00190019900200873FFF7F0FF5A
:1034600002B080BD86B005908DED040ACDED030A53
:1034700002919DED030A9DED041A30EE410A8DED97
:10348000010A049800909DED050AB8EEC00A9DED72
:10349000011A20EE010A029901208840013801EE4C
:1034A000100AB8EEC11A80EE010A9DED001A30EE46
:1034B000010A06B07047000082B0019001980069CF
:1034C000009001984168806888600199486889681F
:1034D0004860009840680199884205D1FFE701984B
:1034E00080680099486000E0FFE7019900200861CA
:1034F00000990868013808600098006802B07047B9
:1035000083B0029001910092029949F23470C2F2A4
:1035100000000860019949F23030C2F200000860F2
:1035200000994FF48070086003B0704781B000903C
:10353000009901F10800486000994FF0FF30886061
:10354000009901F10800C860009901F108000861C4
:1035500000990020086001B07047000081B0009021
:1035600000990020086101B07047000084B003900A
:1035700002910298006800900098013020B9FFE79E
:1035800003980069019010E0039808300190FFE76C
:103590000198406800680099884205D8FFE7FFE776
:1035A000019840680190F3E7FFE7019840680299AD
:1035B0004860029841688860019802998860029882
:1035C00001994860039802990861039908680130DD
:1035D000086004B07047000083B002900191029827
:1035E00040680090009801994860009880680199AF
:1035F00088600198009989684860019800998860FE
:10360000029801990861029908680130086003B0C6
:1036100070470000DFF80C00016841F470010160A0
:103620007047000088ED00E082B04FF0500080F35A
:103630001188BFF36F8FBFF34F8F019040F26C5032
:10364000C2F200000168013101600068012814D154
:10365000FFE74EF60450CEF200000068000658B1B5
:10366000FFE74FF0500080F31188BFF36F8FBFF377
:103670004F8F0090FFE7FEE7FFE702B070470000C2
:1036800082B040F26C50C2F20000006858B9FFE707
:103690004FF0500080F31188BFF36F8FBFF34F8F4F
:1036A0000090FFE7FEE740F26C50C2F200000168B4
:1036B00001390160006830B9FFE7002001900198EE
:1036C00080F31188FFE702B07047000080B586B034
:1036D000039003980290039800285CD0FFE70298BB
:1036E00008380290029801900198406849F2003130
:1036F000C2F20001096808420BD1FFE74FF0500009
:1037000080F31188BFF36F8FBFF34F8F0590FFE7F2
:10371000FEE70198006858B1FFE74FF0500080F3D2
:103720001188BFF36F8FBFF34F8F0490FFE7FEE761
:103730000198406849F20031C2F20001096808426C
:1037400027D0FFE70198006808BBFFE749F2003087
:10375000C2F200000268019948689043486000F096
:10376000ABF90198426849F22C31C2F200010868B5
:10377000104408600198FFF711FC49F29871C2F2F9
:10378000000108680130086000F0C0FC00E0FFE7BD
:1037900000E0FFE7FFE706B080BD00004EF2100139
:1037A000CEF20001002008604EF21802CEF20002B4
:1037B000106040F25840C2F20000006844F6D35254
:1037C000C1F26202A0FB02024FF0FF3000EB921048
:1037D0004EF21402CEF2000210600720086070471B
:1037E00084B0EFF305800190019810281ED3FFE705
:1037F00001984EF2F031CEF20001405C8DF80300EA
:103800009DF8030049F2E021C2F2000109788842E4
:103810000BDAFFE74FF0500080F31188BFF36F8F92
:10382000BFF34F8F0390FFE7FEE7FFE74EF60C5024
:10383000CEF20000006800F4E06049F2E421C2F238
:103840000001096888420BD9FFE74FF0500080F370
:103850001188BFF36F8FBFF34F8F0290FFE7FEE732
:1038600004B0704780B584B00290002001900298A7
:10387000E0B1FFE749F2F420C2F20000006858B15D
:10388000FFE74FF0500080F31188BFF36F8FBFF355
:103890004F8F0390FFE7FEE700F00EF9029800213A
:1038A000FFF7C2F800F032FC019000E0FFE701985A
:1038B00060B9FFE74EF60451CEF200014FF08050A0
:1038C0000860BFF34F8FBFF36F8F00E0FFE704B0D6
:1038D00080BD000080B58AB006900591002002905E
:1038E000069858B9FFE74FF0500080F31188BFF3F6
:1038F0006F8FBFF34F8F0990FFE7FEE7059858B928
:10390000FFE74FF0500080F31188BFF36F8FBFF3D4
:103910004F8F0890FFE7FEE749F2F420C2F2000063
:10392000006858B1FFE74FF0500080F31188BFF3F3
:103930006F8FBFF34F8F0790FFE7FEE700F0BCF8F3
:1039400049F2E870C2F20000006801900698006831
:10395000059908440490019806990968884210D294
:10396000FFE7049806990968884208D2FFE704989F
:103970000199884203D9FFE70120029000E0FFE7A8
:103980000FE0049806990968884205D3FFE7049878
:103990000199884203D9FFE70120029000E0FFE788
:1039A000FFE7049806990860029838B1FFE7049889
:1039B0000199401A0021FFF737F800E0FFE700F017
:1039C000A5FB0390039860B9FFE74EF60451CEF2D1
:1039D00000014FF080500860BFF34F8FBFF36F8F2F
:1039E00000E0FFE70AB080BD80B58AB000200390F8
:1039F0000690059006A805A904AAFFF781FD039B80
:103A0000049A0599DDF818C06846C0F808C04160FE
:103A1000036042F6AD50C0F6010044F65221C0F6F4
:103A2000010100F015FA014649F23070C2F20000BF
:103A30000160006818B1FFE70120079002E0002054
:103A40000790FFE70798012823D1FFE74FF05000C8
:103A500080F31188BFF36F8FBFF34F8F099049F246
:103A60008C71C2F200014FF0FF30086049F2B4716E
:103A7000C2F200010120086049F2E871C2F20001BF
:103A80000020086000F0E8F808B1FFE700E0FFE779
:103A90000FE00798013058B9FFE74FF0500080F36E
:103AA0001188BFF36F8FBFF34F8F0890FFE7FEE7DA
:103AB000FFE70AB080BD000049F2F421C2F2000124
:103AC000086801300860704785B049F2F420C2F2FE
:103AD0000000006838B1FFE749F2EC71C2F2000162
:103AE000012008604DE049F2EC71C2F200010020B3
:103AF000086049F2FC20C2F20000006804900498BB
:103B0000B0FA80F08DF80F009DF80F00C0F11F0093
:103B10000190019800EB800143F25420C2F20000B2
:103B200050F8210058B9FFE74FF0500080F311889A
:103B3000BFF36F8FBFF34F8F0290FFE7FEE701984F
:103B400000EB800143F25420C2F2000000EB810040
:103B500000900099486840684860009948680831BA
:103B6000884205D1FFE70099486840684860FFE750
:103B700000984068C06843F24421C2F20001086026
:103B8000FFE705B07047000080B586B00490039150
:103B90000020ADF80A00049820B1FFE7039802283E
:103BA00003D8FFE70020059029E004980399023923
:103BB00040F26802C2F200021288FEF7B9FDADF8C9
:103BC0000A009DF80A10049A0398104410F8022C79
:103BD0000020914201900DD1FFE79DF80B00049A5F
:103BE0000399114411F8011C401AB0FA80F0400901
:103BF0000190FFE7019800F001000590FFE70598AC
:103C000006B080BD80B584B00290019100208DF88F
:103C10000300029820B1FFE70198022803D8FFE7CC
:103C20000020039014E0029801990139FF22FEF769
:103C3000B3FD8DF803009DF80300029A0199114429
:103C400011F8011C401AB0FA80F040090390FFE718
:103C5000039804B080BD000080B588B04EF60050D7
:103C6000CEF2000000684CF27121C4F20F118842BC
:103C70000BD1FFE74FF0500080F31188BFF36F8F37
:103C8000BFF34F8F0790FFE7FEE74EF60050CEF2EE
:103C9000000000684CF27021C4F20F1188420BD171
:103CA000FFE74FF0500080F31188BFF36F8FBFF331
:103CB0004F8F0690FFE7FEE74EF20040CEF2000085
:103CC000039001780491FF21017000788DF80B00BA
:103CD0009DF80B0000F0500049F2E021C2F2000113
:103CE000087049F2E421C2F2000107200860FFE7F2
:103CF0009DF80B00000600280DD5FFE749F2E421EE
:103D0000C2F200010868013808609DF80B0040000D
:103D10008DF80B00ECE749F2E420C2F200000068E5
:103D200003280BD0FFE74FF0500080F31188BFF35A
:103D30006F8FBFF34F8F0590FFE7FEE749F2E42155
:103D4000C2F20001086800020860086800F4E06040
:103D5000086004984EF20041CEF2000108704EF661
:103D60002051CEF20001086840F470000860086835
:103D700040F070400860FFF711FD40F26C51C2F254
:103D80000001002001900860FFF744FC4EF63471FA
:103D9000CEF20001086840F040400860FFF762F989
:103DA000FFF792FEFFF796F9019808B080BD00007A
:103DB00070B58CB0DDF844C0DDF840C00B900A91BE
:103DC000ADF826200893BDF826008000FFF7A8F97B
:103DD0000590059880B1FFE75420FFF7A1F90790FF
:103DE000079820B1FFE705980799086303E0059855
:103DF000FFF76CFCFFE702E000200790FFE7079861
:103E0000F0B1FFE70798002680F851600B980A99F7
:103E1000BDF82620089BDDF840C0119C079DEE46AA
:103E2000CEF80C60CEF80850CEF80440CEF800C0B2
:103E3000FEF7D8FF0798FEF775FE0120069003E015
:103E40004FF0FF300690FFE706980CB070BD000001
:103E5000B0B58EB0DDF850C0DDF84CC0DDF848C01C
:103E60000A90099108920793139858B9FFE74FF009
:103E7000500080F31188BFF36F8FBFF34F8F0D9009
:103E8000FFE7FEE7149858B9FFE74FF0500080F3C2
:103E90001188BFF36F8FBFF34F8F0C90FFE7FEE7E2
:103EA00054200490049854280BD0FFE74FF05000A2
:103EB00080F31188BFF36F8FBFF34F8F0B90FFE735
:103EC000FEE70498149820B3FFE7139808B3FFE7C0
:103ED000149806901398069908630699022081F8B1
:103EE00051000A980999089A079BDDF848C0069C7A
:103EF000EE460025CEF80C50CEF8084005ACCEF8C2
:103F00000440CEF800C0FEF76DFF0698FEF70AFEEB
:103F100002E000200590FFE705980EB0B0BD00005C
:103F200081B049F2E870C2F2000000680090009889
:103F300001B0704780B582B0FFF752FC00200090BE
:103F400049F2E870C2F2000000680190019802B0E6
:103F500080BD000080B586B00020029049F2F420B8
:103F6000C2F200000068002840F0C580FFE749F277
:103F7000E871C2F200010868013001900198086000
:103F8000019858BBFFE743F24820C2F200000068E6
:103F9000006858B1FFE74FF0500080F31188BFF37D
:103FA0006F8FBFF34F8F0590FFE7FEE743F2482284
:103FB000C2F200021068009043F25021C2F20001E8
:103FC000086810600098086049F29071C2F2000120
:103FD000086801300860FFF759F800E0FFE7019832
:103FE00049F28C71C2F200010968884262D3FFE78E
:103FF000FFE743F24820C2F200000068006840B9C1
:10400000FFE749F28C71C2F200014FF0FF30086007
:104010004FE043F24820C2F200000068C068C06868
:10402000049004984068039001980399884207D24D
:10403000FFE7039849F28C71C2F20001086038E092
:10404000FFE704980430FFF737FA0498806A28B134
:10405000FFE704981830FFF72FFA00E0FFE7049815
:10406000C16A012000FA01F249F2FC21C2F200010A
:104070000868104308600499C86A00EB800243F2A4
:104080005420C2F2000000EB82000431FFF7A4FAD2
:104090000498C06A43F24421C2F200010968C96A67
:1040A000884203D3FFE70120029000E0FFE7FFE72B
:1040B0009FE7FFE743F24420C2F200000068C06AB5
:1040C00000EB800143F25420C2F2000050F82100BE
:1040D000022803D3FFE70120029000E0FFE749F246
:1040E000EC70C2F20000006818B1FFE701200290F6
:1040F00000E0FFE707E049F29C71C2F200010868A6
:1041000001300860FFE7029806B080BD80B584B03A
:1041100000200290019049F2F420C2F200000068F1
:1041200058B9FFE74FF0500080F31188BFF36F8F4D
:10413000BFF34F8F0390FFE7FEE7FFF775FA49F2F1
:10414000F420C2F200000168013901600068002813
:1041500040F09280FFE749F2EC20C2F200000068D4
:10416000002800F08880FFE7FFE749F2A070C2F264
:1041700000000068E0B3FFE749F2A070C2F200005F
:10418000C068C068029002981830FFF795F902984D
:104190000430FFF791F90298C16A012000FA01F298
:1041A00049F2FC21C2F2000108681043086002993C
:1041B000C86A00EB800243F25420C2F2000000EB18
:1041C00082000431FFF708FA0298C06A43F24421E2
:1041D000C2F200010968C96A884207D3FFE749F2C1
:1041E000EC71C2F200010120086000E0FFE7BCE7CB
:1041F000029818B1FFE7FEF749FFFFE749F29C700C
:10420000C2F20000006800900098E0B1FFE7FFE70D
:10421000FFF7A0FE38B1FFE749F2EC71C2F20001EE
:104220000120086000E0FFE7009801380090FFE7F8
:1042300000980028ECD1FFE749F29C71C2F200011E
:104240000020086000E0FFE749F2EC70C2F20000D5
:10425000006870B1FFE7012001904EF60451CEF2E4
:1042600000014FF080500860BFF34F8FBFF36F8F96
:1042700000E0FFE7FFE700E0FFE7FFF701FA019842
:1042800004B080BD4100080218BF04200A0E18BF08
:1042900040F001004FF07F4232EA010108BF40F0D8
:1042A0000200012808BF05207047000010B510EE7D
:1042B000104A4FF01A402DED028B00EB4400B0F194
:1042C000C85F4AD84FF0FC40B0EB440F22D2B0EEAA
:1042D000C00AF7EE000A30EEC00AF6EE000A20EE41
:1042E000208A18EE100A00F06FFA00EE100A14F09F
:1042F000004F1DBF9FED281ADFED280AB1EE400ADE
:104300009FED271A08BFF0EE410AF8EE001A20EEE2
:10431000210A05E020EE008A9FED221ADFED220A35
:10432000DFED221A9FED222A70EEC00A20EE080A65
:1043300008EE212ADFED1F1A48EE021A9FED1E2A11
:1043400008EE212ADFED1D1A48EE021ABDEC028BA1
:1043500040EE610A30EE810A10BD4FF0CC40B0EB68
:10436000440F82BF9FED160ABDEC028B10BD4FF0CB
:104370007F40B0EB440F05D2BDEC028BBDE810408E
:1043800000F00CBA0120ECF742FEBDEC028BBDE858
:10439000104000F009BA00000000494022AA7D3A0E
:1043A000000000000000C93F22AAFD3924FE1C3D88
:1043B000C78AD83C1E67383D1B93993DAFAA2A3E59
:1043C000DB0FC93F10B54FF00E402DED028BB0EE64
:1043D000408A18EE104A00EB4400B0F1506F4AD802
:1043E0004FF0FC40B0EB440F22D2B0EEC80AF7EE1B
:1043F000000A30EEC00AF6EE000A60EE208A18EEDF
:10440000900A00F0E1F901EE100A14F0004F1DBF10
:10441000DFED2D0A9FED2D0AB1EE411ADFED2C0ADA
:1044200008BF9FED2C0AF8EE001A21EE218A05E064
:10443000DFED290A68EE088AB0EE600A9FED271AC0
:10444000DFED271A30EE080A48EE811A9FED251A93
:1044500008EEA11ADFED241A48EE811A9FED231A07
:1044600008EEA11A68EE281ABDEC028B01EE810A53
:1044700030EE200A10BD4FF0E440B0EB440F0CD9F1
:1044800018EE100AFFF7FEFE042808BF00F094F9AA
:10449000B0EE480ABDEC028B10BD4FF07F40B0EB90
:1044A000440F07D2B0EE480ABDEC028BBDE81040C5
:1044B00000F074B90120ECF7AAFDBDEC028BBDE859
:1044C000104000F071B900000000C9BF22AAFDB978
:1044D0000000C93F22AAFD390000000024FE1C3D57
:1044E000C78AD83C1E67383D1B93993DAFAA2A3E28
:1044F00070B54FF068422DED048BF0EE408A18EE57
:10450000900AB0EE608A18EE101A02EB4003B3F185
:10451000654F3CBF02EB4102B2F1654F7DD200BF57
:10452000C0F3C753C1F3C7529A1A1B2A09DD10F012
:10453000004F14BF9FED830A9FED830ABDEC048BEF
:1045400070BD12F11A0F36DA11F0004F09D010F0D9
:10455000004F0CBF9FED7D0A9FED7D0ABDEC048BE3
:1045600070BD88EE889A19EE100AFFF78BFE0428BA
:1045700008BF00F021F918EE900AFFF783FE054608
:1045800018EE100AFFF77EFE044619EE100AFFF738
:1045900079FE042D18BF052D08D1042C18BF052C59
:1045A00004D1002804BF0220ECF731FDB0EE490A27
:1045B000BDEC048B70BD4200B2EB410F3AD910F054
:1045C000004F19BFDFED630A9FED630ADFED630A59
:1045D0009FED630AB0EE481A0A46B1EE688A80F091
:1045E0000041F0EE418A10460A1A5200B2F1807F73
:1045F00034D2484010F0004FDFED5A1A9FED5A2A8E
:104600001DBFBEEE001A70EEE10A30EE420AB6EEB1
:10461000001A08BF70EEA10A00E040E008BF30EECB
:10462000020AB0EE682A01EE482A08EE818AC2EE3C
:10463000081A15E011F0004F04BF9FED4C0AF0EE90
:10464000400AD1D010F0004F19BFDFED490A9FEDAD
:10465000490ADFED490A9FED490AC5E7C8EE881A05
:1046600021EEA11A9FED462ADFED462A41EE022AED
:104670009FED452A01EE222ADFED442A41EE022A6F
:104680009FED432ABDEC048B01EE222A21EE811A14
:1046900001EE020A30EE210A30EE200A70BD4FF022
:1046A0007F42B2EB400F28BFB2EB410F09D2F0EED0
:1046B000480AB0EE680ABDEC048BBDE8704000F01B
:1046C00070B840EA01035B0008BF41F0FF410BD026
:1046D000B2EB400F08BFB2EB410F08D120F0804091
:1046E00008EE900A21F0804108EE101A18E7B2EBAC
:1046F000400F12BF5FEA410340F0FF4001F000416C
:104700003FF40EAFB2EB410F12BF5FEA400200F080
:10471000004041F0FF413FF403AF4A0092EA4003FA
:104720003FF5FEAE002AACBF9FED1A0A9FED1A0AB4
:1047300068EE808A28EE008A18EE900A18EE101AA9
:10474000EEE60000DB0FC9BFDB0FC93FDB0F4940BE
:10475000DB0F49C00000C9BF22AAFDB90000C93F54
:1047600022AAFD390060ED3EC30ACE3700000000EA
:10477000000049C022AA7DBA0000494022AA7D3A21
:104780002DAD65BD8FB8D53D0FB511BE61C84C3E8E
:10479000A8AAAABE0000804F0000802F30EE000AB9
:1047A000704730EE200A7047DFED020A80EEA00A63
:1047B00070470000000000009FED020A20EE000A92
:1047C000704700000000001010B500EE100A2DED3B
:1047D000028BB1EEC08A18EE100A20F00040C0F142
:1047E000FF40C00F0AD010EE100A20F00040C0F1C8
:1047F000FF40C00F04BF0120ECF709FC18EE100ABF
:10480000BDEC028B10BDF1EE100A4FF6FF71C0F245
:10481000C03120EA0100E1EE100A7047434A010866
:10482000D5D00008030000000000000000010000D7
:104830000000000000000000154A0108E51E000805
:104840000300000000000000000100000000000064
:1048500000000000334A0108C525000803000000DD
:104860000000000000010000000000000000000047
:10487000054A0108BD2F00080300000000000000E9
:10488000000100000000000000000000F8490108DD
:10489000058D00080300000000000000000100007A
:1048A0000000000000000000234A0108F520010874
:1048B00003000000000000000001000000000000F4
:1048C00000000000000000000000000001020304DE
:1048D000060708090000000001020304005EBCE2B4
:1048E000613FDD83C29C7E20A3FD1F419DC3217FCC
:1048F000FCA2401E5F01E3BD3E6082DC237D9FC1C0
:10490000421CFEA0E1BF5D0380DE3C62BEE0025CB3
:10491000DF81633D7C22C09E1D43A1FF4618FAA49F
:1049200027799BC584DA3866E5BB5907DB8567398B
:10493000BAE406581947A5FB7826C49A653BD9877F
:10494000045AB8E6A7F91B45C6987A24F8A6441A73
:1049500099C7257B3A6486D85B05E7B98CD2306E5F
:10496000EDB3510F4E10F2AC2F7193CD114FADF34B
:10497000702ECC92D38D6F31B2EC0E50AFF1134D3F
:10498000CE90722C6D33D18F0C52B0EE326C8ED033
:10499000530DEFB1F0AE4C1291CF2D73CA9476281F
:1049A000ABF517490856B4EA6937D58B5709EBB50B
:1049B00036688AD495CB2977F4AA4816E9B7550BFF
:1049C00088D6346A2B7597C94A14F6A8742AC896F3
:1049D000154BA9F7B6E80A54D7896B350100640076
:1049E0000006101600061016000096000000960043
:1049F00002009100000091005374617274494E539B
:104A00005461736B00537461727447696D62616CB9
:104A10005461736B005374617274436F6D6D5461B4
:104A2000736B005374617274566973696F6E54616D
:104A3000736B00537461727444657465637454617C
:104A4000736B0053686F6F745461736B537461724E
:104A5000740049444C450043444320496E746572D8
:104A6000666163650043444320436F6E6669670077
:104A700053544D6963726F656C656374726F6E69D0
:104A800063730053544D3332205669727475616CF0
:104A900020436F6D506F7274000000008911122363
:104AA0009B322446AD573665BF74488CC19D5AAFC2
:104AB000D3BE6CCAE5DB7EE9F7F8811008019333B9
:104AC0001A22A5562C47B7753E64C99C408DDBBFA2
:104AD00052AEEDDA64CBFFF976E802218B3010029A
:104AE00099132667AF763444BD554AADC3BC588E82
:104AF000D19F6EEBE7FA7CC8F5D983310A20911279
:104B00001803A7772E66B5543C45CBBD42ACD99E61
:104B1000508FEFFB66EAFDD874C904428D531661CD
:104B20009F702004A9153227BB364CCEC5DF5EED41
:104B3000D7FC6888E1997AABF3BA85520C43977138
:104B40001E60A1142805B3373A26CDDE44CFDFFD21
:104B500056ECE9986089FBBB72AA06638F72144019
:104B60009D512225AB343006B9174EEFC7FE5CCC01
:104B7000D5DD6AA9E3B8788AF19B87730E629550F8
:104B80001C41A3352A24B1163807CFFF46EEDDDCE1
:104B900054CDEBB962A8F99A708B088481951AA755
:104BA00093B62CC2A5D33EE1B7F04008C919522BE9
:104BB000DB3A644EED5F766DFF7C899400859BB790
:104BC00012A6ADD224C3BFF136E0C1184809D33BC9
:104BD0005A2AE55E6C4FF77D7E6C0AA583B4188671
:104BE00091972EE3A7F23CC0B5D14229CB38500AA9
:104BF000D91B666FEF7E744CFD5D8BB502A4999650
:104C00001087AFF326E2BDD034C1C3394A28D11A88
:104C1000580BE77F6E6EF55C7C4D0CC685D71EE5A4
:104C200097F42880A1913AA3B3B2444ACD5B566968
:104C3000DF78600CE91D722FFB3E8DD604C79FF50F
:104C400016E4A9902081BBB332A2C55A4C4BD77948
:104C50005E68E11C680DF33F7A2E0EE787F61CC4F0
:104C600095D52AA1A3B03882B193466BCF7A544828
:104C7000DD59622DEB3C700EF91F8FF706E69DD4CF
:104C800014C5ABB122A0B9923083C77B4E6AD55808
:104C90005C49E33D6A2CF11E780F0000C04C01080E
:104CA0000000002070050000EC010008904E010893
:104CB0007005002080D200004C02000800000000B7
:104CC000157D04017C200E0240AB03410105530811
:104CD00006580407100B3333EB3A58A08B3AB4282C
:104CE000021020F2080A21DC241482810123FFFF34
:104CF0001309EC1B0875041A91041AB9041B09ED79
:104D00000812EB1B08250C4132026A0958240F498E
:104D10004023F0411A2004012232010A31113C05DE
:104D2000163D0AD73E1AE044E7803FCDCCCC3D2B60
:104D3000C03F1C0C159A9999383A801CDCCDCC4C9C
:104D4000381119380B1C1041700A15C0700B1A105D
:104D5000417019340917700138120F1608108109B3
:104D600011160A15800B16250C18010D180D5AF88E
:104D7000F63F5D896EBFD5A9183B78196001180907
:104D8000711C08081250C347CDCCCC3D0409531CFC
:104D9000110B1AC8421C72010323020212646A40FA
:104DA000300A25013001322748429A99193F8AA0DA
:104DB0003C1480BB442C401C461C190D191CB179B5
:104DC0001C331643C91C111348431BB01A1C1A8C00
:104DD0003841A3204123FA44137A443324F41AC8F7
:104DE0000C9AA01C411AC83415FA4461E414089DB9
:104DF000E11408B5E742081389E2140839E01B08FA
:104E00002D14C11385E31B0819041AF5041A0104B3
:104E10001409024313020125C03209041B01020BCD
:104E200013052416100105240110090104240202AF
:104E3000052406170107058203081510090401332C
:104E4000020A1D07050102F62C0705810711130A46
:104E50000632023340011A12231302021E40830459
:104E60004057591B02031513AD1C1B08A9041A4D0A
:104E7000041AE104133D1D00081A08040309041A6A
:104E80000305166740533A2B01FA6832101AAA013B
:040000050800018965
:00000001FF
